cust_id,product_group,deposit_category,product_type,balance,active_flag
1,Deposit,IBB,CD Long Term,36532.55,Y
1,Deposit,NIDDA,Checking,3063.1,Y
1,Deposit,IBB,CD Short Term,25385.98,Y
1,Deposit,IBB,Money Market,8807.9,Y
1,Deposit,IBB,Savings,5870.01,Y
1,Credit,N/A,Credit Card,618.11,Y
1,Loan,N/A,Auto Loan,39142.99,Y
2,Deposit,IBB,CD Long Term,47539.56,Y
2,Deposit,IBB,CD Short Term,68984.04,Y
2,Deposit,NIDDA,Checking,14974.83,Y
2,Deposit,IBB,Savings,17236.24,Y
2,Credit,N/A,Credit Card,7736.56,Y
3,Deposit,IBB,Money Market,14248.12,Y
3,Deposit,NIDDA,Checking,11776.87,Y
3,Loan,N/A,Home Loan,250767.09,Y
3,Loan,N/A,Personal Loan,45682.02,Y
4,Deposit,IBB,CD Long Term,220665.98,Y
4,Deposit,NIDDA,Checking,2845.91,Y
4,Deposit,IBB,CD Short Term,15254.16,Y
4,Deposit,IBB,Money Market,12432.26,Y
4,Deposit,IBB,Savings,8335.44,Y
4,Credit,N/A,Credit Card,1582.23,Y
5,Deposit,NIDDA,Checking,3285.41,Y
5,Credit,N/A,Credit Card,1612.31,Y
6,Deposit,NIDDA,Checking,7536.91,Y
6,Deposit,IBB,Savings,21014.43,Y
7,Deposit,IBB,Money Market,62429.99,Y
7,Deposit,NIDDA,Checking,4429.98,Y
7,Credit,N/A,Credit Card,1891.2,Y
8,Deposit,IBB,CD Long Term,79336.14,Y
8,Deposit,NIDDA,Checking,1807.84,Y
8,Deposit,IBB,CD Short Term,10898.81,Y
8,Deposit,IBB,Money Market,3738.02,Y
8,Deposit,IBB,Savings,18513.83,Y
8,Loan,N/A,Home Loan,237394.9,Y
9,Deposit,IBB,Money Market,68273.67,Y
9,Deposit,NIDDA,Checking,18907.18,Y
9,Deposit,IBB,Savings,1501.49,Y
9,Credit,N/A,Credit Card,209.42,Y
10,Deposit,IBB,CD Long Term,15235.71,Y
10,Deposit,NIDDA,Checking,11249.55,Y
10,Deposit,IBB,Savings,10446.88,Y
10,Credit,N/A,Credit Card,3239.11,Y
11,Deposit,IBB,CD Short Term,12158.72,Y
11,Deposit,NIDDA,Checking,5804.89,Y
11,Loan,N/A,Home Loan,375159.68,Y
11,Loan,N/A,Personal Loan,22603.44,Y
12,Deposit,IBB,CD Long Term,102970.69,Y
12,Deposit,NIDDA,Checking,7857.88,Y
12,Deposit,IBB,CD Short Term,12634.51,Y
12,Deposit,IBB,Money Market,13362.6,Y
12,Deposit,IBB,Savings,4628.05,Y
12,Credit,N/A,Credit Card,3747.62,Y
13,Deposit,IBB,CD Short Term,6798.52,Y
13,Deposit,IBB,Money Market,10814.6,Y
13,Deposit,NIDDA,Checking,13255.84,Y
13,Deposit,IBB,Savings,18120.96,Y
13,Credit,N/A,Credit Card,3847.52,Y
14,Deposit,NIDDA,Checking,3356.64,Y
14,Deposit,IBB,Savings,34993.67,Y
14,Loan,N/A,Home Loan,486959.01,Y
14,Loan,N/A,Auto Loan,24030.09,Y
15,Deposit,IBB,Money Market,55094.32,Y
15,Deposit,NIDDA,Checking,8469.14,Y
15,Deposit,IBB,Savings,16355.32,Y
15,Credit,N/A,Credit Card,1078.5,Y
15,Loan,N/A,Home Loan,270529.3,Y
16,Deposit,IBB,CD Short Term,34238.04,Y
16,Deposit,IBB,Money Market,63365.86,Y
16,Deposit,NIDDA,Checking,25592.79,Y
16,Deposit,IBB,Savings,18146.98,Y
16,Credit,N/A,Credit Card,298.0,Y
17,Deposit,NIDDA,Checking,7521.97,Y
17,Deposit,IBB,Savings,2055.37,Y
17,Loan,N/A,Personal Loan,49537.54,Y
18,Deposit,NIDDA,Checking,13924.64,Y
18,Deposit,IBB,Savings,8366.8,Y
18,Loan,N/A,Home Loan,483878.14,Y
19,Deposit,IBB,CD Long Term,68747.96,Y
19,Deposit,IBB,CD Short Term,6518.59,Y
19,Deposit,IBB,Money Market,35753.24,Y
19,Deposit,NIDDA,Checking,2841.52,Y
19,Credit,N/A,Credit Card,2159.56,Y
20,Deposit,IBB,CD Short Term,8449.05,Y
20,Deposit,NIDDA,Checking,22892.56,Y
20,Deposit,IBB,Savings,1356.67,Y
20,Credit,N/A,Credit Card,652.16,Y
20,Loan,N/A,Home Loan,445972.64,Y
20,Loan,N/A,Auto Loan,31845.65,Y
21,Deposit,IBB,CD Short Term,39182.07,Y
21,Deposit,IBB,Money Market,16895.12,Y
21,Deposit,NIDDA,Checking,6031.67,Y
21,Credit,N/A,Credit Card,2258.19,Y
22,Deposit,IBB,CD Short Term,2577.99,Y
22,Deposit,IBB,Money Market,11217.55,Y
22,Deposit,NIDDA,Checking,2959.31,Y
22,Deposit,IBB,Savings,1478.01,Y
23,Deposit,NIDDA,Checking,8545.84,Y
23,Deposit,IBB,Savings,5639.78,Y
24,Deposit,IBB,Money Market,21339.74,Y
24,Deposit,NIDDA,Checking,6654.7,Y
24,Credit,N/A,Credit Card,2731.0,Y
24,Loan,N/A,Home Loan,581781.41,Y
25,Deposit,IBB,CD Short Term,2491.98,Y
25,Deposit,IBB,Money Market,13265.1,Y
25,Deposit,NIDDA,Checking,5519.55,Y
25,Deposit,IBB,Savings,11957.32,Y
25,Loan,N/A,Personal Loan,23543.51,Y
26,Deposit,NIDDA,Checking,3703.86,Y
26,Deposit,IBB,Savings,5985.7,Y
26,Credit,N/A,Credit Card,9146.15,Y
26,Loan,N/A,Auto Loan,23724.29,Y
26,Loan,N/A,Personal Loan,67370.69,Y
27,Deposit,IBB,CD Short Term,7046.9,Y
27,Deposit,NIDDA,Checking,7214.02,Y
27,Deposit,IBB,Savings,11019.97,Y
27,Loan,N/A,Auto Loan,45469.49,Y
28,Deposit,IBB,CD Short Term,5108.73,Y
28,Deposit,IBB,Money Market,12335.26,Y
28,Deposit,NIDDA,Checking,9099.64,Y
28,Deposit,IBB,Savings,2087.67,Y
28,Loan,N/A,Personal Loan,10201.25,Y
29,Deposit,IBB,CD Short Term,2550.49,Y
29,Deposit,NIDDA,Checking,5060.77,Y
29,Deposit,IBB,Savings,5970.54,Y
29,Loan,N/A,Auto Loan,62436.93,Y
29,Loan,N/A,Personal Loan,7072.97,Y
30,Deposit,IBB,CD Short Term,3513.14,Y
30,Deposit,IBB,Money Market,33403.34,Y
30,Deposit,NIDDA,Checking,56149.62,Y
30,Deposit,IBB,Savings,7708.89,Y
31,Deposit,NIDDA,Checking,2756.67,Y
31,Deposit,IBB,Savings,4507.47,Y
31,Loan,N/A,Personal Loan,7713.52,Y
32,Deposit,IBB,CD Short Term,25545.34,Y
32,Deposit,NIDDA,Checking,9233.59,Y
32,Deposit,IBB,Savings,8051.67,Y
32,Credit,N/A,Credit Card,5753.08,Y
32,Loan,N/A,Home Loan,347190.2,Y
32,Loan,N/A,Auto Loan,34106.32,Y
33,Deposit,IBB,Money Market,8871.11,Y
33,Deposit,NIDDA,Checking,2979.37,Y
33,Deposit,IBB,Savings,6426.76,Y
33,Credit,N/A,Credit Card,5204.62,Y
34,Deposit,NIDDA,Checking,5924.17,Y
34,Credit,N/A,Credit Card,590.57,Y
34,Loan,N/A,Auto Loan,44995.31,Y
35,Deposit,NIDDA,Checking,4224.68,Y
35,Loan,N/A,Auto Loan,43165.81,Y
36,Deposit,NIDDA,Checking,2066.46,Y
36,Credit,N/A,Credit Card,2882.59,Y
37,Deposit,NIDDA,Checking,7360.36,Y
38,Deposit,NIDDA,Checking,2116.15,Y
38,Deposit,IBB,Savings,18321.33,Y
39,Deposit,IBB,CD Long Term,23762.42,Y
39,Deposit,IBB,Money Market,4236.03,Y
39,Deposit,NIDDA,Checking,3107.78,Y
39,Loan,N/A,Auto Loan,61913.1,Y
40,Deposit,IBB,Money Market,26706.39,Y
40,Deposit,NIDDA,Checking,4194.08,Y
40,Deposit,IBB,Savings,792.3,Y
41,Deposit,NIDDA,Checking,3645.38,Y
41,Deposit,IBB,Savings,2715.69,Y
41,Credit,N/A,Credit Card,2333.2,Y
42,Deposit,NIDDA,Checking,1302.12,Y
42,Deposit,IBB,Savings,11640.98,Y
42,Credit,N/A,Credit Card,1943.27,Y
43,Deposit,NIDDA,Checking,4258.33,Y
43,Deposit,IBB,Savings,2435.69,Y
43,Credit,N/A,Credit Card,5702.81,Y
43,Loan,N/A,Auto Loan,15708.94,Y
43,Loan,N/A,Personal Loan,22819.03,Y
44,Deposit,IBB,Money Market,4785.72,Y
44,Deposit,NIDDA,Checking,5537.73,Y
44,Deposit,IBB,Savings,23720.16,Y
44,Credit,N/A,Credit Card,6113.78,Y
45,Deposit,IBB,CD Long Term,6752.51,Y
45,Deposit,NIDDA,Checking,2614.65,Y
45,Deposit,IBB,CD Short Term,46578.73,Y
45,Deposit,IBB,Money Market,13807.96,Y
45,Deposit,IBB,Savings,43084.26,Y
46,Deposit,IBB,CD Short Term,40544.89,Y
46,Deposit,NIDDA,Checking,12377.38,Y
46,Deposit,IBB,Savings,4436.43,Y
46,Credit,N/A,Credit Card,6821.57,Y
46,Loan,N/A,Home Loan,370216.05,Y
46,Loan,N/A,Auto Loan,15368.94,Y
47,Deposit,IBB,CD Short Term,33139.6,Y
47,Deposit,NIDDA,Checking,16482.66,Y
47,Deposit,IBB,Savings,52993.03,Y
47,Credit,N/A,Credit Card,1615.44,Y
47,Loan,N/A,Home Loan,587246.98,Y
48,Deposit,IBB,Money Market,9128.97,Y
48,Deposit,NIDDA,Checking,22177.99,Y
48,Deposit,IBB,Savings,16501.92,Y
48,Loan,N/A,Auto Loan,26180.91,Y
49,Deposit,IBB,CD Short Term,28381.25,Y
49,Deposit,NIDDA,Checking,9538.37,Y
49,Deposit,IBB,Savings,5362.88,Y
49,Credit,N/A,Credit Card,1732.88,Y
50,Deposit,IBB,CD Short Term,61883.51,Y
50,Deposit,IBB,Money Market,5632.08,Y
50,Deposit,NIDDA,Checking,1560.73,Y
50,Deposit,IBB,Savings,15660.42,Y
50,Loan,N/A,Auto Loan,22812.78,Y
50,Loan,N/A,Personal Loan,14713.59,Y
51,Deposit,IBB,CD Short Term,51242.28,Y
51,Deposit,NIDDA,Checking,4182.27,Y
51,Deposit,IBB,Savings,5319.93,Y
52,Deposit,IBB,CD Long Term,2799.51,Y
52,Deposit,IBB,CD Short Term,47701.98,Y
52,Deposit,NIDDA,Checking,2922.59,Y
52,Deposit,IBB,Savings,2519.59,Y
52,Loan,N/A,Auto Loan,23332.97,Y
53,Deposit,IBB,CD Short Term,36799.35,Y
53,Deposit,IBB,Money Market,12815.79,Y
53,Deposit,NIDDA,Checking,2902.22,Y
53,Deposit,IBB,Savings,22412.76,Y
53,Credit,N/A,Credit Card,1086.64,Y
54,Deposit,NIDDA,Checking,2503.16,Y
54,Deposit,IBB,Savings,7602.31,Y
54,Credit,N/A,Credit Card,1377.67,Y
54,Loan,N/A,Auto Loan,33044.39,Y
55,Deposit,IBB,CD Short Term,23841.24,Y
55,Deposit,IBB,Money Market,5965.31,Y
55,Deposit,NIDDA,Checking,662.86,Y
55,Deposit,IBB,Savings,1808.22,Y
56,Deposit,IBB,CD Short Term,6659.58,Y
56,Deposit,IBB,Money Market,3679.66,Y
56,Deposit,NIDDA,Checking,3014.19,Y
57,Deposit,NIDDA,Checking,3838.78,Y
57,Deposit,IBB,Savings,8763.85,Y
57,Loan,N/A,Home Loan,770409.82,Y
58,Deposit,NIDDA,Checking,18258.75,Y
58,Deposit,IBB,Savings,20993.37,Y
58,Credit,N/A,Credit Card,1507.1,Y
59,Deposit,IBB,Money Market,10087.99,Y
59,Deposit,NIDDA,Checking,1580.13,Y
59,Deposit,IBB,Savings,14821.32,Y
59,Credit,N/A,Credit Card,17438.42,Y
59,Loan,N/A,Home Loan,339606.18,Y
59,Loan,N/A,Auto Loan,37473.66,Y
60,Deposit,NIDDA,Checking,5555.45,Y
60,Deposit,IBB,Savings,12121.51,Y
60,Credit,N/A,Credit Card,1280.29,Y
60,Loan,N/A,Home Loan,450131.81,Y
61,Deposit,NIDDA,Checking,664.83,Y
61,Deposit,IBB,Savings,4457.9,Y
61,Credit,N/A,Credit Card,1091.89,Y
61,Loan,N/A,Auto Loan,55390.59,Y
62,Deposit,NIDDA,Checking,4830.41,Y
62,Deposit,IBB,Savings,8845.41,Y
63,Deposit,NIDDA,Checking,10387.29,Y
63,Deposit,IBB,Savings,38090.87,Y
63,Credit,N/A,Credit Card,2801.03,Y
63,Loan,N/A,Auto Loan,25879.91,Y
64,Deposit,NIDDA,Checking,14668.71,Y
64,Deposit,IBB,Savings,14521.84,Y
64,Loan,N/A,Home Loan,233237.25,Y
64,Loan,N/A,Personal Loan,38394.4,Y
65,Deposit,IBB,CD Short Term,1606.65,Y
65,Deposit,NIDDA,Checking,7915.43,Y
65,Deposit,IBB,Savings,28092.09,Y
66,Deposit,IBB,CD Long Term,44692.36,Y
66,Deposit,IBB,Money Market,22542.92,Y
66,Deposit,NIDDA,Checking,2179.7,Y
66,Deposit,IBB,Savings,30267.47,Y
66,Credit,N/A,Credit Card,3368.94,Y
67,Deposit,IBB,CD Short Term,6233.29,Y
67,Deposit,NIDDA,Checking,14103.67,Y
67,Deposit,IBB,Savings,7905.72,Y
67,Credit,N/A,Credit Card,791.35,Y
68,Deposit,NIDDA,Checking,23844.9,Y
68,Deposit,IBB,Savings,28541.57,Y
69,Deposit,IBB,CD Long Term,6341.47,Y
69,Deposit,IBB,Money Market,25180.64,Y
69,Deposit,NIDDA,Checking,7882.74,Y
69,Deposit,IBB,Savings,19926.45,Y
69,Credit,N/A,Credit Card,1589.26,Y
70,Deposit,IBB,Money Market,126687.35,Y
70,Deposit,NIDDA,Checking,10591.85,Y
70,Deposit,IBB,Savings,7375.97,Y
71,Deposit,IBB,Money Market,3632.87,Y
71,Deposit,NIDDA,Checking,13364.93,Y
71,Deposit,IBB,Savings,27866.09,Y
72,Deposit,NIDDA,Checking,4890.46,Y
72,Deposit,IBB,Savings,26988.88,Y
72,Credit,N/A,Credit Card,3953.75,Y
73,Deposit,IBB,CD Short Term,6316.23,Y
73,Deposit,IBB,Money Market,41988.17,Y
73,Deposit,NIDDA,Checking,7624.75,Y
73,Deposit,IBB,Savings,13735.89,Y
73,Credit,N/A,Credit Card,1457.61,Y
73,Loan,N/A,Home Loan,597620.16,Y
74,Deposit,IBB,CD Long Term,34184.62,Y
74,Deposit,NIDDA,Checking,4473.53,Y
74,Deposit,IBB,Savings,6434.98,Y
74,Loan,N/A,Personal Loan,6469.09,Y
75,Deposit,NIDDA,Checking,22179.0,Y
75,Deposit,IBB,Savings,1735.65,Y
75,Loan,N/A,Home Loan,567345.9,Y
76,Deposit,IBB,CD Short Term,35614.21,Y
76,Deposit,IBB,Money Market,9059.98,Y
76,Deposit,NIDDA,Checking,5095.23,Y
76,Credit,N/A,Credit Card,1211.67,Y
76,Loan,N/A,Home Loan,364815.89,Y
76,Loan,N/A,Personal Loan,16348.06,Y
77,Deposit,IBB,CD Short Term,11469.87,Y
77,Deposit,IBB,Money Market,730.88,Y
77,Deposit,NIDDA,Checking,1965.74,Y
77,Deposit,IBB,Savings,4260.35,Y
77,Credit,N/A,Credit Card,7419.09,Y
77,Loan,N/A,Home Loan,221872.57,Y
77,Loan,N/A,Personal Loan,8019.47,Y
78,Deposit,IBB,CD Short Term,84117.35,Y
78,Deposit,NIDDA,Checking,1163.4,Y
78,Deposit,IBB,Savings,9830.92,Y
78,Credit,N/A,Credit Card,6178.21,Y
78,Loan,N/A,Home Loan,713238.46,Y
79,Deposit,NIDDA,Checking,14444.1,Y
79,Deposit,IBB,Savings,41770.83,Y
79,Credit,N/A,Credit Card,1282.46,Y
80,Deposit,IBB,CD Long Term,24118.18,Y
80,Deposit,NIDDA,Checking,4319.77,Y
80,Deposit,IBB,CD Short Term,26558.68,Y
80,Deposit,IBB,Money Market,4736.32,Y
80,Deposit,IBB,Savings,2860.75,Y
80,Credit,N/A,Credit Card,2049.61,Y
81,Deposit,NIDDA,Checking,12229.82,Y
81,Deposit,IBB,Savings,11562.05,Y
81,Credit,N/A,Credit Card,782.91,Y
81,Loan,N/A,Auto Loan,29024.52,Y
82,Deposit,IBB,CD Short Term,58190.99,Y
82,Deposit,NIDDA,Checking,3567.59,Y
83,Deposit,NIDDA,Checking,3896.37,Y
83,Deposit,IBB,Savings,3341.9,Y
83,Credit,N/A,Credit Card,4376.05,Y
84,Deposit,IBB,Money Market,58337.23,Y
84,Deposit,NIDDA,Checking,11055.53,Y
84,Deposit,IBB,Savings,2088.82,Y
85,Deposit,IBB,CD Short Term,78880.84,Y
85,Deposit,IBB,Money Market,4770.0,Y
85,Deposit,NIDDA,Checking,14057.79,Y
85,Deposit,IBB,Savings,1716.68,Y
85,Credit,N/A,Credit Card,1116.19,Y
85,Loan,N/A,Personal Loan,55924.09,Y
86,Deposit,NIDDA,Checking,10164.82,Y
86,Deposit,IBB,Savings,10969.55,Y
86,Credit,N/A,Credit Card,337.48,Y
86,Loan,N/A,Auto Loan,22158.59,Y
87,Deposit,IBB,CD Short Term,1668.36,Y
87,Deposit,IBB,Money Market,10286.61,Y
87,Deposit,NIDDA,Checking,5586.74,Y
87,Credit,N/A,Credit Card,12524.05,Y
87,Loan,N/A,Home Loan,450454.08,Y
87,Loan,N/A,Personal Loan,9927.15,Y
88,Deposit,NIDDA,Checking,3148.33,Y
89,Deposit,IBB,Money Market,40055.19,Y
89,Deposit,NIDDA,Checking,55592.87,Y
89,Deposit,IBB,Savings,3342.88,Y
89,Credit,N/A,Credit Card,5381.6,Y
89,Loan,N/A,Personal Loan,11986.75,Y
90,Deposit,NIDDA,Checking,8374.42,Y
90,Deposit,IBB,Savings,4725.26,Y
90,Loan,N/A,Auto Loan,23965.67,Y
91,Deposit,IBB,CD Long Term,13977.04,Y
91,Deposit,NIDDA,Checking,15301.23,Y
91,Deposit,IBB,CD Short Term,6675.48,Y
91,Deposit,IBB,Money Market,95001.66,Y
91,Deposit,IBB,Savings,791.2,Y
92,Deposit,NIDDA,Checking,3542.67,Y
92,Deposit,IBB,Savings,6548.99,Y
92,Credit,N/A,Credit Card,7054.93,Y
92,Loan,N/A,Auto Loan,13668.22,Y
93,Deposit,IBB,CD Long Term,23608.34,Y
93,Deposit,NIDDA,Checking,11722.93,Y
93,Deposit,IBB,CD Short Term,12499.16,Y
93,Deposit,IBB,Money Market,21281.7,Y
93,Deposit,IBB,Savings,1716.37,Y
93,Credit,N/A,Credit Card,495.11,Y
93,Loan,N/A,Home Loan,365786.14,Y
93,Loan,N/A,Auto Loan,100987.82,Y
94,Deposit,IBB,CD Short Term,31880.65,Y
94,Deposit,NIDDA,Checking,11922.2,Y
94,Deposit,IBB,Savings,17488.38,Y
94,Credit,N/A,Credit Card,797.24,Y
95,Deposit,IBB,CD Short Term,193456.21,Y
95,Deposit,NIDDA,Checking,9647.84,Y
95,Deposit,IBB,Savings,1705.81,Y
96,Deposit,IBB,CD Long Term,14697.52,Y
96,Deposit,NIDDA,Checking,3541.01,Y
96,Credit,N/A,Credit Card,1112.7,Y
96,Loan,N/A,Home Loan,521484.53,Y
97,Deposit,NIDDA,Checking,1422.54,Y
97,Deposit,IBB,Savings,13328.79,Y
98,Deposit,IBB,CD Short Term,22295.28,Y
98,Deposit,IBB,Money Market,20288.54,Y
98,Deposit,NIDDA,Checking,8360.83,Y
98,Loan,N/A,Auto Loan,31968.94,Y
99,Deposit,IBB,CD Short Term,24735.49,Y
99,Deposit,IBB,Money Market,47843.33,Y
99,Deposit,NIDDA,Checking,2584.25,Y
99,Deposit,IBB,Savings,3785.06,Y
99,Credit,N/A,Credit Card,9710.52,Y
100,Deposit,IBB,CD Short Term,26268.19,Y
100,Deposit,NIDDA,Checking,4689.64,Y
100,Deposit,IBB,Savings,15486.61,Y
100,Loan,N/A,Home Loan,279360.63,Y
101,Deposit,IBB,CD Short Term,34395.89,Y
101,Deposit,IBB,Money Market,4279.71,Y
101,Deposit,NIDDA,Checking,977.06,Y
101,Deposit,IBB,Savings,4819.21,Y
101,Loan,N/A,Personal Loan,18622.4,Y
102,Deposit,IBB,CD Short Term,13751.94,Y
102,Deposit,IBB,Money Market,111435.31,Y
102,Deposit,NIDDA,Checking,37908.13,Y
102,Deposit,IBB,Savings,743.58,Y
102,Loan,N/A,Personal Loan,11884.38,Y
103,Deposit,NIDDA,Checking,9403.87,Y
103,Credit,N/A,Credit Card,1296.14,Y
103,Loan,N/A,Auto Loan,52184.31,Y
104,Deposit,IBB,Money Market,18648.83,Y
104,Deposit,NIDDA,Checking,6425.61,Y
104,Deposit,IBB,Savings,2607.68,Y
104,Loan,N/A,Personal Loan,15961.88,Y
105,Deposit,NIDDA,Checking,516.44,Y
105,Deposit,IBB,Savings,8290.83,Y
105,Credit,N/A,Credit Card,4210.06,Y
106,Deposit,IBB,CD Long Term,48046.26,Y
106,Deposit,NIDDA,Checking,5182.93,Y
106,Deposit,IBB,CD Short Term,4334.36,Y
106,Deposit,IBB,Money Market,24833.9,Y
106,Deposit,IBB,Savings,113672.32,Y
107,Deposit,IBB,CD Short Term,4957.9,Y
107,Deposit,IBB,Money Market,19344.81,Y
107,Deposit,NIDDA,Checking,2620.04,Y
107,Deposit,IBB,Savings,15633.42,Y
107,Loan,N/A,Home Loan,653905.3,Y
108,Deposit,IBB,CD Long Term,7428.67,Y
108,Deposit,NIDDA,Checking,7840.21,Y
108,Deposit,IBB,CD Short Term,58616.26,Y
108,Deposit,IBB,Money Market,15864.71,Y
108,Deposit,IBB,Savings,4715.75,Y
108,Credit,N/A,Credit Card,20974.15,Y
109,Deposit,IBB,CD Short Term,16257.94,Y
109,Deposit,NIDDA,Checking,6765.31,Y
109,Deposit,IBB,Savings,3956.43,Y
109,Credit,N/A,Credit Card,3159.88,Y
109,Loan,N/A,Home Loan,405187.52,Y
109,Loan,N/A,Auto Loan,9073.91,Y
110,Deposit,IBB,CD Long Term,85047.53,Y
110,Deposit,IBB,Money Market,5203.52,Y
110,Deposit,NIDDA,Checking,1249.22,Y
110,Deposit,IBB,Savings,7717.34,Y
110,Loan,N/A,Home Loan,418650.39,Y
110,Loan,N/A,Auto Loan,16358.74,Y
111,Deposit,IBB,CD Short Term,27008.58,Y
111,Deposit,IBB,Money Market,20475.02,Y
111,Deposit,NIDDA,Checking,32707.06,Y
111,Credit,N/A,Credit Card,5949.17,Y
111,Loan,N/A,Home Loan,365685.89,Y
112,Deposit,IBB,CD Short Term,11252.74,Y
112,Deposit,NIDDA,Checking,10584.76,Y
112,Deposit,IBB,Savings,34932.36,Y
112,Credit,N/A,Credit Card,5291.59,Y
113,Deposit,IBB,Money Market,4827.17,Y
113,Deposit,NIDDA,Checking,955.95,Y
113,Deposit,IBB,Savings,46563.94,Y
114,Deposit,IBB,Money Market,17988.64,Y
114,Deposit,NIDDA,Checking,881.99,Y
114,Deposit,IBB,Savings,15538.01,Y
115,Deposit,IBB,CD Short Term,9274.8,Y
115,Deposit,NIDDA,Checking,2559.7,Y
115,Deposit,IBB,Savings,4181.08,Y
116,Deposit,IBB,CD Short Term,13877.2,Y
116,Deposit,IBB,Money Market,25622.76,Y
116,Deposit,NIDDA,Checking,2239.15,Y
116,Deposit,IBB,Savings,5861.9,Y
116,Credit,N/A,Credit Card,3000.61,Y
116,Loan,N/A,Home Loan,555606.51,Y
117,Deposit,IBB,Money Market,16839.88,Y
117,Deposit,NIDDA,Checking,12453.79,Y
117,Deposit,IBB,Savings,18480.54,Y
117,Loan,N/A,Home Loan,537075.17,Y
118,Deposit,IBB,CD Short Term,1927.8,Y
118,Deposit,IBB,Money Market,13402.79,Y
118,Deposit,NIDDA,Checking,900.25,Y
118,Deposit,IBB,Savings,7021.86,Y
118,Credit,N/A,Credit Card,3658.13,Y
118,Loan,N/A,Personal Loan,20404.49,Y
119,Deposit,IBB,CD Short Term,37243.52,Y
119,Deposit,IBB,Money Market,14521.45,Y
119,Deposit,NIDDA,Checking,14511.92,Y
119,Deposit,IBB,Savings,9501.99,Y
119,Credit,N/A,Credit Card,2801.56,Y
119,Loan,N/A,Personal Loan,11195.74,Y
120,Deposit,NIDDA,Checking,37552.29,Y
120,Deposit,IBB,Savings,9519.06,Y
120,Credit,N/A,Credit Card,261.38,Y
120,Loan,N/A,Auto Loan,62893.68,Y
121,Deposit,IBB,CD Long Term,25059.67,Y
121,Deposit,NIDDA,Checking,6290.24,Y
121,Deposit,IBB,CD Short Term,37192.89,Y
121,Deposit,IBB,Money Market,13211.6,Y
121,Deposit,IBB,Savings,5799.27,Y
122,Deposit,IBB,CD Long Term,12836.68,Y
122,Deposit,NIDDA,Checking,10248.39,Y
122,Deposit,IBB,CD Short Term,27875.01,Y
122,Deposit,IBB,Money Market,20514.85,Y
122,Deposit,IBB,Savings,4361.92,Y
122,Credit,N/A,Credit Card,2058.72,Y
123,Deposit,IBB,Money Market,11358.19,Y
123,Deposit,NIDDA,Checking,5033.84,Y
123,Credit,N/A,Credit Card,1677.58,Y
123,Loan,N/A,Home Loan,874035.54,Y
123,Loan,N/A,Auto Loan,93496.21,Y
124,Deposit,IBB,CD Long Term,32452.23,Y
124,Deposit,NIDDA,Checking,4446.53,Y
124,Deposit,IBB,CD Short Term,14747.8,Y
124,Deposit,IBB,Money Market,25310.27,Y
124,Deposit,IBB,Savings,20938.95,Y
124,Credit,N/A,Credit Card,23924.96,Y
125,Deposit,IBB,Money Market,10872.07,Y
125,Deposit,NIDDA,Checking,83465.07,Y
125,Deposit,IBB,Savings,30916.32,Y
125,Credit,N/A,Credit Card,2741.94,Y
125,Loan,N/A,Auto Loan,76015.08,Y
126,Deposit,IBB,CD Short Term,29715.34,Y
126,Deposit,NIDDA,Checking,2755.34,Y
126,Credit,N/A,Credit Card,4056.66,Y
126,Loan,N/A,Home Loan,778135.47,Y
127,Deposit,NIDDA,Checking,14687.12,Y
127,Deposit,IBB,Savings,9239.07,Y
127,Credit,N/A,Credit Card,11747.13,Y
128,Deposit,NIDDA,Checking,5142.32,Y
129,Deposit,IBB,CD Long Term,26804.89,Y
129,Deposit,NIDDA,Checking,2211.5,Y
129,Deposit,IBB,Savings,4537.2,Y
129,Credit,N/A,Credit Card,8012.94,Y
129,Loan,N/A,Home Loan,358340.65,Y
129,Loan,N/A,Personal Loan,50484.82,Y
130,Deposit,NIDDA,Checking,8742.96,Y
130,Loan,N/A,Home Loan,540682.11,Y
130,Loan,N/A,Auto Loan,29921.4,Y
131,Deposit,IBB,CD Long Term,19875.73,Y
131,Deposit,IBB,Money Market,2864.54,Y
131,Deposit,NIDDA,Checking,22768.79,Y
131,Deposit,IBB,Savings,6730.14,Y
132,Deposit,IBB,Money Market,38805.32,Y
132,Deposit,NIDDA,Checking,7575.28,Y
132,Deposit,IBB,Savings,6393.1,Y
132,Credit,N/A,Credit Card,736.29,Y
132,Loan,N/A,Home Loan,330236.0,Y
132,Loan,N/A,Personal Loan,8429.21,Y
133,Deposit,IBB,CD Short Term,21197.42,Y
133,Deposit,NIDDA,Checking,4692.38,Y
133,Loan,N/A,Personal Loan,16510.22,Y
134,Deposit,NIDDA,Checking,3170.71,Y
134,Credit,N/A,Credit Card,1468.88,Y
134,Loan,N/A,Home Loan,284245.7,Y
135,Deposit,IBB,CD Long Term,3399.81,Y
135,Deposit,IBB,CD Short Term,3271.89,Y
135,Deposit,IBB,Money Market,10307.91,Y
135,Deposit,NIDDA,Checking,5565.47,Y
135,Credit,N/A,Credit Card,6443.85,Y
136,Deposit,IBB,CD Short Term,5206.55,Y
136,Deposit,IBB,Money Market,44283.42,Y
136,Deposit,NIDDA,Checking,1891.98,Y
136,Deposit,IBB,Savings,23764.92,Y
136,Credit,N/A,Credit Card,1081.07,Y
137,Deposit,IBB,Money Market,13632.42,Y
137,Deposit,NIDDA,Checking,7544.57,Y
137,Loan,N/A,Auto Loan,68318.29,Y
138,Deposit,IBB,CD Short Term,3804.9,Y
138,Deposit,IBB,Money Market,40452.18,Y
138,Deposit,NIDDA,Checking,3713.49,Y
138,Credit,N/A,Credit Card,3498.56,Y
138,Loan,N/A,Home Loan,265267.23,Y
139,Deposit,IBB,Money Market,22558.34,Y
139,Deposit,NIDDA,Checking,10108.08,Y
139,Deposit,IBB,Savings,15533.64,Y
139,Loan,N/A,Auto Loan,42898.22,Y
140,Deposit,IBB,Money Market,14531.58,Y
140,Deposit,NIDDA,Checking,839.58,Y
140,Deposit,IBB,Savings,14582.01,Y
141,Deposit,IBB,Money Market,3102.65,Y
141,Deposit,NIDDA,Checking,8493.07,Y
141,Deposit,IBB,Savings,8271.96,Y
142,Deposit,IBB,Money Market,11086.67,Y
142,Deposit,NIDDA,Checking,2999.19,Y
142,Deposit,IBB,Savings,2519.34,Y
142,Loan,N/A,Auto Loan,16445.17,Y
143,Deposit,IBB,CD Long Term,24021.68,Y
143,Deposit,NIDDA,Checking,1263.19,Y
143,Deposit,IBB,Savings,8970.96,Y
144,Deposit,NIDDA,Checking,7209.75,Y
144,Deposit,IBB,Savings,27007.22,Y
145,Deposit,IBB,CD Long Term,51553.97,Y
145,Deposit,IBB,CD Short Term,36868.7,Y
145,Deposit,NIDDA,Checking,4499.16,Y
145,Deposit,IBB,Savings,5200.8,Y
146,Deposit,NIDDA,Checking,8131.11,Y
146,Deposit,IBB,Savings,24754.36,Y
146,Credit,N/A,Credit Card,2075.69,Y
146,Loan,N/A,Auto Loan,28494.96,Y
147,Deposit,IBB,CD Short Term,13486.31,Y
147,Deposit,IBB,Money Market,25241.78,Y
147,Deposit,NIDDA,Checking,4465.02,Y
147,Deposit,IBB,Savings,14962.21,Y
147,Credit,N/A,Credit Card,2238.89,Y
147,Loan,N/A,Home Loan,283660.52,Y
148,Deposit,IBB,CD Short Term,71804.1,Y
148,Deposit,IBB,Money Market,11688.46,Y
148,Deposit,NIDDA,Checking,16237.94,Y
148,Deposit,IBB,Savings,10513.08,Y
149,Deposit,IBB,CD Long Term,26805.84,Y
149,Deposit,NIDDA,Checking,3954.64,Y
149,Deposit,IBB,Savings,4354.07,Y
150,Deposit,IBB,Money Market,14370.66,Y
150,Deposit,NIDDA,Checking,2054.24,Y
150,Credit,N/A,Credit Card,5872.43,Y
151,Deposit,IBB,CD Long Term,47924.36,Y
151,Deposit,NIDDA,Checking,6839.55,Y
151,Deposit,IBB,Savings,3694.17,Y
151,Loan,N/A,Home Loan,310948.04,Y
152,Deposit,IBB,CD Short Term,4458.61,Y
152,Deposit,NIDDA,Checking,12216.72,Y
152,Deposit,IBB,Savings,6096.82,Y
152,Credit,N/A,Credit Card,13030.71,Y
152,Loan,N/A,Personal Loan,30973.52,Y
153,Deposit,IBB,Money Market,50190.75,Y
153,Deposit,NIDDA,Checking,6079.72,Y
153,Credit,N/A,Credit Card,4175.51,Y
153,Loan,N/A,Home Loan,375181.41,Y
154,Deposit,NIDDA,Checking,4227.83,Y
154,Deposit,IBB,Savings,2147.65,Y
154,Loan,N/A,Home Loan,339773.08,Y
155,Deposit,IBB,CD Long Term,34483.45,Y
155,Deposit,IBB,Money Market,19550.62,Y
155,Deposit,NIDDA,Checking,22303.5,Y
155,Deposit,IBB,Savings,4057.06,Y
155,Credit,N/A,Credit Card,2409.76,Y
155,Loan,N/A,Home Loan,552808.96,Y
155,Loan,N/A,Auto Loan,17866.3,Y
156,Deposit,IBB,CD Short Term,55133.78,Y
156,Deposit,NIDDA,Checking,1860.57,Y
156,Deposit,IBB,Savings,19633.61,Y
157,Deposit,IBB,Money Market,10430.52,Y
157,Deposit,NIDDA,Checking,14369.99,Y
157,Deposit,IBB,Savings,6443.74,Y
157,Credit,N/A,Credit Card,12871.6,Y
158,Deposit,IBB,CD Long Term,12107.95,Y
158,Deposit,IBB,CD Short Term,3835.62,Y
158,Deposit,NIDDA,Checking,18328.67,Y
158,Deposit,IBB,Savings,3816.36,Y
158,Loan,N/A,Personal Loan,9503.32,Y
159,Deposit,IBB,Money Market,3604.22,Y
159,Deposit,NIDDA,Checking,1520.32,Y
159,Deposit,IBB,Savings,11809.25,Y
159,Credit,N/A,Credit Card,1362.48,Y
159,Loan,N/A,Home Loan,460223.19,Y
159,Loan,N/A,Auto Loan,56386.86,Y
160,Deposit,IBB,Money Market,7255.75,Y
160,Deposit,NIDDA,Checking,3578.79,Y
160,Deposit,IBB,Savings,948.4,Y
160,Credit,N/A,Credit Card,3805.83,Y
160,Loan,N/A,Personal Loan,42691.5,Y
161,Deposit,IBB,CD Long Term,11084.68,Y
161,Deposit,NIDDA,Checking,4451.43,Y
161,Deposit,IBB,Savings,28587.3,Y
161,Credit,N/A,Credit Card,2233.49,Y
161,Loan,N/A,Home Loan,340353.53,Y
162,Deposit,IBB,CD Long Term,52969.66,Y
162,Deposit,NIDDA,Checking,2872.79,Y
162,Deposit,IBB,Savings,20519.65,Y
162,Loan,N/A,Home Loan,460033.81,Y
162,Loan,N/A,Auto Loan,14933.9,Y
163,Deposit,IBB,Money Market,15702.08,Y
163,Deposit,NIDDA,Checking,8771.65,Y
163,Credit,N/A,Credit Card,16789.68,Y
163,Loan,N/A,Auto Loan,31048.76,Y
164,Deposit,NIDDA,Checking,9083.59,Y
164,Loan,N/A,Home Loan,464690.96,Y
165,Deposit,IBB,Money Market,23328.54,Y
165,Deposit,NIDDA,Checking,5350.74,Y
165,Deposit,IBB,Savings,6129.43,Y
165,Credit,N/A,Credit Card,2793.91,Y
165,Loan,N/A,Home Loan,601752.29,Y
166,Deposit,IBB,Money Market,43522.2,Y
166,Deposit,NIDDA,Checking,6525.33,Y
166,Deposit,IBB,Savings,87678.76,Y
166,Credit,N/A,Credit Card,3384.06,Y
166,Loan,N/A,Home Loan,213752.19,Y
166,Loan,N/A,Auto Loan,12674.18,Y
167,Deposit,NIDDA,Checking,24893.8,Y
167,Deposit,IBB,Savings,6441.84,Y
167,Credit,N/A,Credit Card,1000.35,Y
167,Loan,N/A,Home Loan,561455.22,Y
168,Deposit,IBB,CD Long Term,29084.41,Y
168,Deposit,NIDDA,Checking,5888.07,Y
168,Deposit,IBB,CD Short Term,27483.65,Y
168,Deposit,IBB,Money Market,10609.26,Y
168,Deposit,IBB,Savings,39917.54,Y
169,Deposit,NIDDA,Checking,2635.75,Y
169,Loan,N/A,Auto Loan,16578.17,Y
170,Deposit,IBB,Money Market,85173.05,Y
170,Deposit,NIDDA,Checking,21876.47,Y
170,Deposit,IBB,Savings,8894.72,Y
170,Loan,N/A,Personal Loan,12676.16,Y
171,Deposit,IBB,CD Long Term,3997.37,Y
171,Deposit,IBB,Money Market,17978.86,Y
171,Deposit,NIDDA,Checking,3286.84,Y
171,Deposit,IBB,Savings,14254.57,Y
171,Credit,N/A,Credit Card,1035.5,Y
171,Loan,N/A,Home Loan,272018.69,Y
172,Deposit,IBB,Money Market,26888.25,Y
172,Deposit,NIDDA,Checking,39207.29,Y
172,Deposit,IBB,Savings,7561.09,Y
172,Credit,N/A,Credit Card,2466.62,Y
173,Deposit,IBB,CD Long Term,49182.05,Y
173,Deposit,IBB,CD Short Term,13087.82,Y
173,Deposit,NIDDA,Checking,2160.93,Y
173,Credit,N/A,Credit Card,2551.75,Y
174,Deposit,IBB,CD Long Term,68315.96,Y
174,Deposit,IBB,CD Short Term,10572.42,Y
174,Deposit,NIDDA,Checking,8097.23,Y
174,Deposit,IBB,Savings,16732.97,Y
174,Credit,N/A,Credit Card,2494.92,Y
174,Loan,N/A,Auto Loan,31724.29,Y
174,Loan,N/A,Personal Loan,30171.21,Y
175,Deposit,IBB,CD Long Term,21116.95,Y
175,Deposit,NIDDA,Checking,4786.62,Y
175,Deposit,IBB,CD Short Term,7455.16,Y
175,Deposit,IBB,Money Market,23703.86,Y
175,Deposit,IBB,Savings,8003.42,Y
175,Credit,N/A,Credit Card,1431.69,Y
176,Deposit,NIDDA,Checking,9139.25,Y
176,Deposit,IBB,Savings,16353.54,Y
176,Credit,N/A,Credit Card,2590.64,Y
176,Loan,N/A,Home Loan,283784.44,Y
177,Deposit,IBB,CD Short Term,8535.02,Y
177,Deposit,NIDDA,Checking,2631.85,Y
177,Credit,N/A,Credit Card,3451.4,Y
177,Loan,N/A,Home Loan,262139.62,Y
178,Deposit,IBB,Money Market,1888.97,Y
178,Deposit,NIDDA,Checking,27755.35,Y
178,Deposit,IBB,Savings,8653.17,Y
179,Deposit,IBB,Money Market,12866.37,Y
179,Deposit,NIDDA,Checking,5428.29,Y
179,Credit,N/A,Credit Card,4680.34,Y
179,Loan,N/A,Auto Loan,42173.53,Y
180,Deposit,IBB,CD Long Term,1083.38,Y
180,Deposit,IBB,Money Market,3466.7,Y
180,Deposit,NIDDA,Checking,4975.27,Y
180,Deposit,IBB,Savings,13348.11,Y
180,Credit,N/A,Credit Card,3680.21,Y
180,Loan,N/A,Personal Loan,15341.44,Y
181,Deposit,IBB,CD Short Term,9477.0,Y
181,Deposit,IBB,Money Market,1075.79,Y
181,Deposit,NIDDA,Checking,2898.94,Y
181,Deposit,IBB,Savings,2650.71,Y
181,Loan,N/A,Home Loan,374318.37,Y
182,Deposit,IBB,CD Short Term,19290.23,Y
182,Deposit,NIDDA,Checking,8366.09,Y
182,Deposit,IBB,Savings,6962.47,Y
182,Credit,N/A,Credit Card,2142.4,Y
182,Loan,N/A,Home Loan,537141.68,Y
182,Loan,N/A,Auto Loan,61682.3,Y
183,Deposit,IBB,Money Market,2596.24,Y
183,Deposit,NIDDA,Checking,16054.97,Y
183,Deposit,IBB,Savings,5805.36,Y
183,Credit,N/A,Credit Card,1322.16,Y
183,Loan,N/A,Home Loan,243810.77,Y
183,Loan,N/A,Personal Loan,16039.63,Y
184,Deposit,IBB,CD Long Term,7572.55,Y
184,Deposit,IBB,CD Short Term,5723.39,Y
184,Deposit,NIDDA,Checking,36162.39,Y
184,Deposit,IBB,Savings,49159.66,Y
185,Deposit,IBB,CD Long Term,26614.62,Y
185,Deposit,IBB,Money Market,23285.15,Y
185,Deposit,NIDDA,Checking,5909.26,Y
186,Deposit,IBB,Money Market,11982.2,Y
186,Deposit,NIDDA,Checking,2494.18,Y
186,Deposit,IBB,Savings,3178.4,Y
187,Deposit,IBB,CD Short Term,8407.85,Y
187,Deposit,IBB,Money Market,18688.0,Y
187,Deposit,NIDDA,Checking,3069.49,Y
187,Loan,N/A,Home Loan,460051.94,Y
188,Deposit,IBB,CD Short Term,30894.84,Y
188,Deposit,NIDDA,Checking,1443.43,Y
188,Deposit,IBB,Savings,6146.12,Y
188,Loan,N/A,Auto Loan,37250.65,Y
189,Deposit,NIDDA,Checking,28446.84,Y
189,Deposit,IBB,Savings,11417.61,Y
189,Credit,N/A,Credit Card,8974.9,Y
189,Loan,N/A,Home Loan,537887.88,Y
190,Deposit,IBB,CD Short Term,10998.9,Y
190,Deposit,NIDDA,Checking,4978.76,Y
190,Deposit,IBB,Savings,24474.22,Y
190,Credit,N/A,Credit Card,535.75,Y
191,Deposit,NIDDA,Checking,3038.93,Y
191,Deposit,IBB,Savings,17332.16,Y
191,Credit,N/A,Credit Card,3296.2,Y
192,Deposit,IBB,CD Long Term,7539.33,Y
192,Deposit,NIDDA,Checking,5780.67,Y
192,Deposit,IBB,Savings,9671.69,Y
192,Loan,N/A,Home Loan,318452.57,Y
193,Deposit,IBB,Money Market,11007.96,Y
193,Deposit,NIDDA,Checking,13491.48,Y
193,Deposit,IBB,Savings,16919.29,Y
193,Credit,N/A,Credit Card,13632.9,Y
193,Loan,N/A,Auto Loan,17835.19,Y
193,Loan,N/A,Personal Loan,38530.23,Y
194,Deposit,IBB,CD Short Term,23606.6,Y
194,Deposit,NIDDA,Checking,2072.96,Y
194,Credit,N/A,Credit Card,5669.04,Y
194,Loan,N/A,Home Loan,462565.17,Y
194,Loan,N/A,Personal Loan,28054.16,Y
195,Deposit,IBB,Money Market,701.8,Y
195,Deposit,NIDDA,Checking,4344.58,Y
195,Deposit,IBB,Savings,28597.7,Y
195,Credit,N/A,Credit Card,733.35,Y
195,Loan,N/A,Home Loan,540984.41,Y
196,Deposit,IBB,CD Long Term,13784.92,Y
196,Deposit,IBB,CD Short Term,4653.6,Y
196,Deposit,NIDDA,Checking,1645.47,Y
196,Deposit,IBB,Savings,1874.66,Y
196,Credit,N/A,Credit Card,2418.63,Y
196,Loan,N/A,Home Loan,332704.61,Y
197,Deposit,IBB,CD Short Term,29985.3,Y
197,Deposit,NIDDA,Checking,5040.37,Y
197,Deposit,IBB,Savings,3495.38,Y
197,Credit,N/A,Credit Card,3967.1,Y
198,Deposit,IBB,CD Short Term,14602.74,Y
198,Deposit,IBB,Money Market,21175.31,Y
198,Deposit,NIDDA,Checking,4460.35,Y
198,Deposit,IBB,Savings,7229.08,Y
199,Deposit,IBB,Money Market,36168.59,Y
199,Deposit,NIDDA,Checking,17023.48,Y
199,Deposit,IBB,Savings,11230.06,Y
199,Loan,N/A,Home Loan,745457.31,Y
199,Loan,N/A,Auto Loan,54093.24,Y
200,Deposit,NIDDA,Checking,4170.95,Y
200,Deposit,IBB,Savings,7429.37,Y
200,Loan,N/A,Auto Loan,24874.89,Y
200,Loan,N/A,Personal Loan,7982.8,Y
201,Deposit,IBB,CD Short Term,9328.9,Y
201,Deposit,IBB,Money Market,6538.3,Y
201,Deposit,NIDDA,Checking,1224.87,Y
201,Deposit,IBB,Savings,19303.86,Y
201,Credit,N/A,Credit Card,1996.65,Y
202,Deposit,IBB,CD Short Term,2085.98,Y
202,Deposit,NIDDA,Checking,10778.54,Y
202,Deposit,IBB,Savings,30851.74,Y
202,Credit,N/A,Credit Card,1597.86,Y
202,Loan,N/A,Auto Loan,47921.88,Y
203,Deposit,IBB,CD Short Term,7100.91,Y
203,Deposit,IBB,Money Market,12607.77,Y
203,Deposit,NIDDA,Checking,19503.82,Y
203,Deposit,IBB,Savings,2863.23,Y
204,Deposit,NIDDA,Checking,6553.77,Y
204,Deposit,IBB,Savings,22069.91,Y
204,Credit,N/A,Credit Card,2251.95,Y
205,Deposit,IBB,CD Long Term,45662.56,Y
205,Deposit,IBB,CD Short Term,22266.05,Y
205,Deposit,IBB,Money Market,16245.67,Y
205,Deposit,NIDDA,Checking,2860.38,Y
205,Credit,N/A,Credit Card,4724.46,Y
206,Deposit,IBB,CD Short Term,3439.55,Y
206,Deposit,IBB,Money Market,152592.45,Y
206,Deposit,NIDDA,Checking,3131.12,Y
206,Credit,N/A,Credit Card,4459.66,Y
206,Loan,N/A,Home Loan,443821.18,Y
206,Loan,N/A,Personal Loan,20262.6,Y
207,Deposit,IBB,CD Long Term,11149.88,Y
207,Deposit,NIDDA,Checking,1191.06,Y
207,Deposit,IBB,Savings,6888.02,Y
207,Loan,N/A,Home Loan,414757.44,Y
208,Deposit,IBB,CD Short Term,8837.56,Y
208,Deposit,NIDDA,Checking,7552.76,Y
208,Deposit,IBB,Savings,4928.86,Y
208,Loan,N/A,Personal Loan,24010.2,Y
209,Deposit,IBB,CD Long Term,15422.14,Y
209,Deposit,NIDDA,Checking,1020.22,Y
210,Deposit,NIDDA,Checking,2559.72,Y
210,Deposit,IBB,Savings,10778.19,Y
210,Credit,N/A,Credit Card,1051.98,Y
210,Loan,N/A,Personal Loan,2609.84,Y
211,Deposit,IBB,Money Market,9093.46,Y
211,Deposit,NIDDA,Checking,1716.21,Y
211,Loan,N/A,Auto Loan,20353.46,Y
212,Deposit,IBB,CD Short Term,9517.55,Y
212,Deposit,IBB,Money Market,8298.85,Y
212,Deposit,NIDDA,Checking,3245.57,Y
212,Deposit,IBB,Savings,6442.78,Y
212,Credit,N/A,Credit Card,2091.37,Y
212,Loan,N/A,Auto Loan,24506.89,Y
213,Deposit,IBB,Money Market,87842.17,Y
213,Deposit,NIDDA,Checking,17131.39,Y
213,Credit,N/A,Credit Card,2296.83,Y
214,Deposit,IBB,CD Long Term,6630.97,Y
214,Deposit,IBB,Money Market,4839.26,Y
214,Deposit,NIDDA,Checking,4331.39,Y
214,Credit,N/A,Credit Card,2125.74,Y
215,Deposit,IBB,CD Short Term,7522.38,Y
215,Deposit,IBB,Money Market,13235.45,Y
215,Deposit,NIDDA,Checking,4778.77,Y
215,Credit,N/A,Credit Card,1560.41,Y
215,Loan,N/A,Auto Loan,32358.5,Y
216,Deposit,IBB,CD Long Term,5425.24,Y
216,Deposit,NIDDA,Checking,3259.1,Y
216,Deposit,IBB,CD Short Term,22122.3,Y
216,Deposit,IBB,Money Market,20133.76,Y
216,Deposit,IBB,Savings,1550.26,Y
216,Loan,N/A,Auto Loan,20167.29,Y
217,Deposit,NIDDA,Checking,4383.78,Y
217,Deposit,IBB,Savings,29479.54,Y
218,Deposit,IBB,CD Long Term,22835.1,Y
218,Deposit,IBB,CD Short Term,68867.67,Y
218,Deposit,NIDDA,Checking,7935.68,Y
218,Deposit,IBB,Savings,3556.01,Y
218,Credit,N/A,Credit Card,2313.34,Y
218,Loan,N/A,Auto Loan,85775.62,Y
219,Deposit,IBB,CD Short Term,8483.53,Y
219,Deposit,NIDDA,Checking,10043.77,Y
219,Deposit,IBB,Savings,8408.44,Y
219,Credit,N/A,Credit Card,7127.49,Y
220,Deposit,IBB,CD Long Term,32022.75,Y
220,Deposit,IBB,CD Short Term,25120.11,Y
220,Deposit,NIDDA,Checking,35103.47,Y
220,Deposit,IBB,Savings,30934.51,Y
221,Deposit,IBB,Money Market,13198.66,Y
221,Deposit,NIDDA,Checking,2954.67,Y
221,Deposit,IBB,Savings,1669.07,Y
221,Credit,N/A,Credit Card,1191.67,Y
222,Deposit,IBB,Money Market,27850.48,Y
222,Deposit,NIDDA,Checking,4346.88,Y
222,Deposit,IBB,Savings,24369.92,Y
222,Credit,N/A,Credit Card,1151.96,Y
222,Loan,N/A,Auto Loan,84365.39,Y
223,Deposit,IBB,Money Market,74852.41,Y
223,Deposit,NIDDA,Checking,21262.75,Y
223,Deposit,IBB,Savings,35885.71,Y
223,Loan,N/A,Personal Loan,16738.41,Y
224,Deposit,IBB,Money Market,55669.94,Y
224,Deposit,NIDDA,Checking,8910.34,Y
224,Deposit,IBB,Savings,4988.62,Y
224,Credit,N/A,Credit Card,5542.14,Y
224,Loan,N/A,Home Loan,941017.15,Y
225,Deposit,NIDDA,Checking,2457.1,Y
225,Deposit,IBB,Savings,3125.7,Y
226,Deposit,IBB,CD Long Term,28559.45,Y
226,Deposit,NIDDA,Checking,6096.7,Y
226,Deposit,IBB,Savings,5786.34,Y
226,Credit,N/A,Credit Card,1654.5,Y
226,Loan,N/A,Auto Loan,45872.98,Y
227,Deposit,IBB,Money Market,6638.48,Y
227,Deposit,NIDDA,Checking,3092.2,Y
227,Deposit,IBB,Savings,1736.44,Y
227,Credit,N/A,Credit Card,16610.8,Y
227,Loan,N/A,Auto Loan,24440.73,Y
227,Loan,N/A,Personal Loan,32417.97,Y
228,Deposit,IBB,CD Short Term,100026.87,Y
228,Deposit,IBB,Money Market,5609.8,Y
228,Deposit,NIDDA,Checking,5063.49,Y
228,Deposit,IBB,Savings,7431.26,Y
228,Loan,N/A,Home Loan,412603.51,Y
229,Deposit,IBB,CD Short Term,7488.23,Y
229,Deposit,NIDDA,Checking,10238.74,Y
230,Deposit,NIDDA,Checking,22560.62,Y
230,Deposit,IBB,Savings,4387.96,Y
230,Loan,N/A,Home Loan,782934.38,Y
231,Deposit,IBB,CD Short Term,4074.89,Y
231,Deposit,NIDDA,Checking,10296.55,Y
231,Credit,N/A,Credit Card,7951.13,Y
231,Loan,N/A,Home Loan,377308.35,Y
232,Deposit,IBB,CD Long Term,37125.15,Y
232,Deposit,IBB,CD Short Term,95046.83,Y
232,Deposit,IBB,Money Market,14470.86,Y
232,Deposit,NIDDA,Checking,6433.11,Y
232,Credit,N/A,Credit Card,576.91,Y
232,Loan,N/A,Personal Loan,19874.38,Y
233,Deposit,IBB,CD Short Term,20105.54,Y
233,Deposit,NIDDA,Checking,6097.89,Y
233,Deposit,IBB,Savings,5998.98,Y
234,Deposit,IBB,CD Short Term,14692.32,Y
234,Deposit,IBB,Money Market,10825.75,Y
234,Deposit,NIDDA,Checking,18703.66,Y
234,Credit,N/A,Credit Card,2008.56,Y
235,Deposit,IBB,CD Long Term,12388.6,Y
235,Deposit,NIDDA,Checking,13335.2,Y
235,Deposit,IBB,Savings,4514.73,Y
235,Credit,N/A,Credit Card,3381.56,Y
235,Loan,N/A,Home Loan,241512.34,Y
236,Deposit,NIDDA,Checking,8782.97,Y
236,Deposit,IBB,Savings,14858.62,Y
236,Credit,N/A,Credit Card,1283.88,Y
236,Loan,N/A,Personal Loan,36606.53,Y
237,Deposit,NIDDA,Checking,3486.87,Y
237,Deposit,IBB,Savings,8992.33,Y
237,Loan,N/A,Personal Loan,10767.97,Y
238,Deposit,NIDDA,Checking,3742.48,Y
238,Deposit,IBB,Savings,26683.37,Y
238,Credit,N/A,Credit Card,6299.6,Y
238,Loan,N/A,Auto Loan,56609.25,Y
239,Deposit,IBB,Money Market,9456.81,Y
239,Deposit,NIDDA,Checking,20412.52,Y
239,Credit,N/A,Credit Card,2001.42,Y
240,Deposit,IBB,CD Short Term,13395.08,Y
240,Deposit,IBB,Money Market,16733.18,Y
240,Deposit,NIDDA,Checking,1511.62,Y
240,Deposit,IBB,Savings,3849.31,Y
241,Deposit,NIDDA,Checking,13409.73,Y
241,Deposit,IBB,Savings,18184.13,Y
241,Credit,N/A,Credit Card,779.0,Y
241,Loan,N/A,Home Loan,615809.66,Y
242,Deposit,IBB,CD Short Term,8953.22,Y
242,Deposit,NIDDA,Checking,3395.8,Y
242,Deposit,IBB,Savings,3442.98,Y
242,Loan,N/A,Auto Loan,29201.57,Y
242,Loan,N/A,Personal Loan,4987.17,Y
243,Deposit,NIDDA,Checking,2491.72,Y
243,Deposit,IBB,Savings,10938.27,Y
243,Loan,N/A,Home Loan,308521.9,Y
244,Deposit,IBB,CD Short Term,4105.1,Y
244,Deposit,IBB,Money Market,5213.93,Y
244,Deposit,NIDDA,Checking,10987.58,Y
244,Deposit,IBB,Savings,3426.05,Y
244,Credit,N/A,Credit Card,4402.16,Y
244,Loan,N/A,Personal Loan,27762.69,Y
245,Deposit,IBB,CD Long Term,15097.5,Y
245,Deposit,NIDDA,Checking,3011.38,Y
245,Deposit,IBB,Savings,5681.7,Y
245,Credit,N/A,Credit Card,904.18,Y
246,Deposit,IBB,CD Long Term,82673.63,Y
246,Deposit,NIDDA,Checking,10975.6,Y
246,Deposit,IBB,Savings,12971.31,Y
247,Deposit,NIDDA,Checking,19312.54,Y
247,Deposit,IBB,Savings,5625.16,Y
247,Credit,N/A,Credit Card,1090.99,Y
247,Loan,N/A,Personal Loan,7006.78,Y
248,Deposit,IBB,CD Long Term,71125.48,Y
248,Deposit,IBB,CD Short Term,13508.88,Y
248,Deposit,NIDDA,Checking,4754.21,Y
248,Credit,N/A,Credit Card,18412.61,Y
248,Loan,N/A,Home Loan,169945.05,Y
249,Deposit,IBB,Money Market,36329.63,Y
249,Deposit,NIDDA,Checking,6480.61,Y
249,Deposit,IBB,Savings,18827.33,Y
249,Loan,N/A,Home Loan,606331.59,Y
250,Deposit,IBB,CD Long Term,26659.72,Y
250,Deposit,IBB,Money Market,2426.73,Y
250,Deposit,NIDDA,Checking,1447.14,Y
250,Deposit,IBB,Savings,16970.47,Y
250,Loan,N/A,Auto Loan,68191.72,Y
251,Deposit,IBB,CD Long Term,12552.49,Y
251,Deposit,NIDDA,Checking,5292.81,Y
251,Deposit,IBB,Savings,16135.04,Y
251,Loan,N/A,Home Loan,281878.58,Y
252,Deposit,IBB,CD Short Term,3113.13,Y
252,Deposit,NIDDA,Checking,5999.11,Y
252,Deposit,IBB,Savings,11123.38,Y
252,Loan,N/A,Home Loan,459528.72,Y
253,Deposit,IBB,CD Long Term,14650.52,Y
253,Deposit,NIDDA,Checking,5780.97,Y
253,Deposit,IBB,Savings,7371.16,Y
253,Loan,N/A,Auto Loan,66667.57,Y
254,Deposit,IBB,CD Short Term,3460.4,Y
254,Deposit,NIDDA,Checking,7702.99,Y
254,Credit,N/A,Credit Card,2732.54,Y
255,Deposit,NIDDA,Checking,20370.81,Y
255,Deposit,IBB,Savings,7564.37,Y
256,Deposit,NIDDA,Checking,4643.12,Y
256,Deposit,IBB,Savings,6285.21,Y
256,Loan,N/A,Home Loan,297808.36,Y
257,Deposit,IBB,CD Long Term,17657.8,Y
257,Deposit,IBB,CD Short Term,26906.0,Y
257,Deposit,NIDDA,Checking,23164.56,Y
257,Deposit,IBB,Savings,35504.08,Y
257,Credit,N/A,Credit Card,1844.49,Y
257,Loan,N/A,Auto Loan,27166.27,Y
257,Loan,N/A,Personal Loan,25979.36,Y
258,Deposit,IBB,CD Long Term,49903.77,Y
258,Deposit,IBB,Money Market,14672.1,Y
258,Deposit,NIDDA,Checking,1687.74,Y
258,Deposit,IBB,Savings,3311.69,Y
258,Credit,N/A,Credit Card,8899.71,Y
258,Loan,N/A,Home Loan,424974.44,Y
259,Deposit,IBB,CD Long Term,15236.18,Y
259,Deposit,IBB,Money Market,25607.62,Y
259,Deposit,NIDDA,Checking,21677.54,Y
259,Deposit,IBB,Savings,6354.54,Y
259,Credit,N/A,Credit Card,1558.13,Y
259,Loan,N/A,Home Loan,632238.28,Y
259,Loan,N/A,Auto Loan,11335.11,Y
260,Deposit,NIDDA,Checking,5754.88,Y
260,Deposit,IBB,Savings,1474.11,Y
260,Credit,N/A,Credit Card,2121.17,Y
260,Loan,N/A,Home Loan,657371.53,Y
261,Deposit,NIDDA,Checking,14942.54,Y
261,Deposit,IBB,Savings,26351.36,Y
262,Deposit,IBB,CD Short Term,9938.24,Y
262,Deposit,IBB,Money Market,15657.54,Y
262,Deposit,NIDDA,Checking,3332.26,Y
262,Deposit,IBB,Savings,16057.05,Y
262,Credit,N/A,Credit Card,911.54,Y
263,Deposit,IBB,CD Short Term,3083.0,Y
263,Deposit,NIDDA,Checking,2294.46,Y
263,Deposit,IBB,Savings,12608.16,Y
263,Loan,N/A,Home Loan,331114.84,Y
264,Deposit,IBB,CD Short Term,8939.07,Y
264,Deposit,NIDDA,Checking,14922.0,Y
264,Loan,N/A,Home Loan,486281.67,Y
265,Deposit,IBB,Money Market,57832.31,Y
265,Deposit,NIDDA,Checking,6607.65,Y
265,Deposit,IBB,Savings,5066.19,Y
265,Loan,N/A,Auto Loan,54753.4,Y
266,Deposit,IBB,CD Short Term,1829.45,Y
266,Deposit,IBB,Money Market,35905.85,Y
266,Deposit,NIDDA,Checking,2930.78,Y
266,Deposit,IBB,Savings,8304.05,Y
267,Deposit,NIDDA,Checking,23690.13,Y
267,Deposit,IBB,Savings,11799.78,Y
267,Loan,N/A,Home Loan,447250.37,Y
268,Deposit,NIDDA,Checking,15130.41,Y
268,Deposit,IBB,Savings,11162.23,Y
268,Credit,N/A,Credit Card,2126.76,Y
269,Deposit,IBB,CD Short Term,23903.39,Y
269,Deposit,IBB,Money Market,6841.76,Y
269,Deposit,NIDDA,Checking,6665.1,Y
269,Deposit,IBB,Savings,18158.73,Y
269,Credit,N/A,Credit Card,1647.82,Y
269,Loan,N/A,Auto Loan,67767.98,Y
270,Deposit,NIDDA,Checking,5134.99,Y
270,Deposit,IBB,Savings,127054.53,Y
270,Loan,N/A,Personal Loan,12257.2,Y
271,Deposit,IBB,CD Short Term,20302.61,Y
271,Deposit,NIDDA,Checking,5789.06,Y
271,Deposit,IBB,Savings,131903.08,Y
271,Credit,N/A,Credit Card,11283.24,Y
271,Loan,N/A,Personal Loan,21164.51,Y
272,Deposit,IBB,CD Long Term,5638.06,Y
272,Deposit,NIDDA,Checking,1598.41,Y
272,Deposit,IBB,Savings,45452.54,Y
272,Credit,N/A,Credit Card,1066.84,Y
272,Loan,N/A,Home Loan,503569.97,Y
272,Loan,N/A,Auto Loan,23333.45,Y
272,Loan,N/A,Personal Loan,54491.24,Y
273,Deposit,IBB,Money Market,2898.61,Y
273,Deposit,NIDDA,Checking,2532.27,Y
273,Deposit,IBB,Savings,39854.53,Y
273,Credit,N/A,Credit Card,3542.43,Y
274,Deposit,IBB,CD Short Term,6187.63,Y
274,Deposit,NIDDA,Checking,8257.86,Y
274,Deposit,IBB,Savings,13249.56,Y
274,Credit,N/A,Credit Card,4552.08,Y
274,Loan,N/A,Home Loan,659566.46,Y
274,Loan,N/A,Auto Loan,12943.48,Y
275,Deposit,NIDDA,Checking,6969.99,Y
275,Deposit,IBB,Savings,16753.17,Y
275,Credit,N/A,Credit Card,807.27,Y
276,Deposit,IBB,Money Market,17049.63,Y
276,Deposit,NIDDA,Checking,7996.14,Y
276,Loan,N/A,Auto Loan,17768.63,Y
277,Deposit,NIDDA,Checking,13828.61,Y
277,Deposit,IBB,Savings,2033.81,Y
277,Credit,N/A,Credit Card,800.17,Y
278,Deposit,IBB,CD Short Term,15986.47,Y
278,Deposit,NIDDA,Checking,2475.79,Y
278,Deposit,IBB,Savings,32771.65,Y
278,Credit,N/A,Credit Card,11186.9,Y
279,Deposit,IBB,CD Short Term,8577.08,Y
279,Deposit,NIDDA,Checking,27759.61,Y
279,Deposit,IBB,Savings,897.49,Y
279,Loan,N/A,Home Loan,441449.21,Y
279,Loan,N/A,Auto Loan,28280.94,Y
280,Deposit,IBB,Money Market,9480.72,Y
280,Deposit,NIDDA,Checking,2789.07,Y
280,Deposit,IBB,Savings,2785.9,Y
280,Credit,N/A,Credit Card,898.44,Y
280,Loan,N/A,Personal Loan,4935.42,Y
281,Deposit,IBB,Money Market,23010.88,Y
281,Deposit,NIDDA,Checking,1896.69,Y
282,Deposit,IBB,Money Market,2863.85,Y
282,Deposit,NIDDA,Checking,3161.7,Y
282,Deposit,IBB,Savings,25983.71,Y
282,Credit,N/A,Credit Card,1886.54,Y
283,Deposit,IBB,Money Market,19887.47,Y
283,Deposit,NIDDA,Checking,5706.58,Y
283,Deposit,IBB,Savings,8411.17,Y
283,Credit,N/A,Credit Card,516.76,Y
283,Loan,N/A,Personal Loan,14468.97,Y
284,Deposit,IBB,CD Short Term,20925.85,Y
284,Deposit,NIDDA,Checking,4213.48,Y
284,Credit,N/A,Credit Card,5214.11,Y
284,Loan,N/A,Auto Loan,20304.06,Y
285,Deposit,IBB,CD Long Term,11451.13,Y
285,Deposit,IBB,CD Short Term,5139.8,Y
285,Deposit,NIDDA,Checking,4222.51,Y
285,Deposit,IBB,Savings,6394.96,Y
285,Credit,N/A,Credit Card,4970.79,Y
286,Deposit,IBB,CD Short Term,4742.36,Y
286,Deposit,NIDDA,Checking,7812.82,Y
286,Deposit,IBB,Savings,4675.9,Y
286,Loan,N/A,Auto Loan,33015.77,Y
287,Deposit,IBB,CD Short Term,13511.25,Y
287,Deposit,IBB,Money Market,3026.36,Y
287,Deposit,NIDDA,Checking,5199.2,Y
287,Deposit,IBB,Savings,12314.3,Y
287,Loan,N/A,Personal Loan,8635.81,Y
288,Deposit,IBB,Money Market,70935.1,Y
288,Deposit,NIDDA,Checking,11984.96,Y
288,Deposit,IBB,Savings,23830.78,Y
288,Credit,N/A,Credit Card,6706.36,Y
289,Deposit,IBB,CD Short Term,8366.41,Y
289,Deposit,IBB,Money Market,9406.33,Y
289,Deposit,NIDDA,Checking,2268.28,Y
289,Deposit,IBB,Savings,3848.11,Y
289,Credit,N/A,Credit Card,719.41,Y
289,Loan,N/A,Personal Loan,21086.4,Y
290,Deposit,IBB,CD Short Term,6156.54,Y
290,Deposit,IBB,Money Market,10542.37,Y
290,Deposit,NIDDA,Checking,5153.4,Y
290,Deposit,IBB,Savings,15855.67,Y
290,Credit,N/A,Credit Card,1812.68,Y
291,Deposit,IBB,Money Market,102819.27,Y
291,Deposit,NIDDA,Checking,2756.26,Y
291,Deposit,IBB,Savings,14991.86,Y
291,Credit,N/A,Credit Card,6093.87,Y
291,Loan,N/A,Home Loan,135199.11,Y
292,Deposit,NIDDA,Checking,2618.37,Y
292,Deposit,IBB,Savings,5708.27,Y
292,Credit,N/A,Credit Card,4219.08,Y
293,Deposit,IBB,Money Market,1985.09,Y
293,Deposit,NIDDA,Checking,7808.35,Y
293,Deposit,IBB,Savings,3306.5,Y
293,Credit,N/A,Credit Card,5057.02,Y
294,Deposit,IBB,CD Short Term,10068.04,Y
294,Deposit,IBB,Money Market,19062.18,Y
294,Deposit,NIDDA,Checking,10973.73,Y
294,Deposit,IBB,Savings,5240.94,Y
294,Loan,N/A,Home Loan,413314.67,Y
295,Deposit,IBB,CD Short Term,20313.85,Y
295,Deposit,IBB,Money Market,2038.75,Y
295,Deposit,NIDDA,Checking,2756.74,Y
296,Deposit,IBB,CD Long Term,22826.11,Y
296,Deposit,NIDDA,Checking,31918.57,Y
296,Deposit,IBB,CD Short Term,41515.8,Y
296,Deposit,IBB,Money Market,83418.23,Y
296,Deposit,IBB,Savings,9012.68,Y
296,Credit,N/A,Credit Card,1157.27,Y
297,Deposit,IBB,CD Short Term,21026.4,Y
297,Deposit,NIDDA,Checking,5637.86,Y
297,Deposit,IBB,Savings,2435.43,Y
297,Credit,N/A,Credit Card,2719.86,Y
298,Deposit,IBB,Money Market,15386.39,Y
298,Deposit,NIDDA,Checking,7360.05,Y
298,Credit,N/A,Credit Card,540.38,Y
299,Deposit,NIDDA,Checking,589.74,Y
299,Loan,N/A,Personal Loan,33406.34,Y
300,Deposit,NIDDA,Checking,575.23,Y
300,Deposit,IBB,Savings,10068.91,Y
300,Credit,N/A,Credit Card,5021.32,Y
300,Loan,N/A,Auto Loan,37519.19,Y
301,Deposit,NIDDA,Checking,5839.54,Y
301,Deposit,IBB,Savings,3058.88,Y
302,Deposit,IBB,Money Market,10201.55,Y
302,Deposit,NIDDA,Checking,20525.6,Y
302,Deposit,IBB,Savings,5950.5,Y
303,Deposit,NIDDA,Checking,4050.61,Y
303,Deposit,IBB,Savings,3560.72,Y
304,Deposit,IBB,CD Long Term,30419.23,Y
304,Deposit,NIDDA,Checking,7603.41,Y
304,Deposit,IBB,Savings,98414.52,Y
305,Deposit,NIDDA,Checking,4065.82,Y
305,Deposit,IBB,Savings,21361.84,Y
305,Loan,N/A,Home Loan,434189.28,Y
306,Deposit,IBB,Money Market,11612.01,Y
306,Deposit,NIDDA,Checking,3145.24,Y
307,Deposit,IBB,Money Market,46839.31,Y
307,Deposit,NIDDA,Checking,3311.25,Y
307,Deposit,IBB,Savings,13595.42,Y
307,Credit,N/A,Credit Card,2770.59,Y
308,Deposit,IBB,CD Long Term,27186.85,Y
308,Deposit,IBB,CD Short Term,5595.07,Y
308,Deposit,NIDDA,Checking,36474.94,Y
308,Deposit,IBB,Savings,1347.73,Y
308,Credit,N/A,Credit Card,726.07,Y
308,Loan,N/A,Home Loan,450490.82,Y
308,Loan,N/A,Personal Loan,23510.09,Y
309,Deposit,NIDDA,Checking,3653.53,Y
309,Credit,N/A,Credit Card,4821.57,Y
309,Loan,N/A,Auto Loan,175400.01,Y
310,Deposit,IBB,CD Short Term,16573.63,Y
310,Deposit,IBB,Money Market,8748.09,Y
310,Deposit,NIDDA,Checking,3422.01,Y
310,Credit,N/A,Credit Card,16241.83,Y
310,Loan,N/A,Home Loan,648741.6,Y
311,Deposit,IBB,CD Short Term,14030.88,Y
311,Deposit,IBB,Money Market,20532.22,Y
311,Deposit,NIDDA,Checking,10292.4,Y
311,Deposit,IBB,Savings,1479.58,Y
311,Credit,N/A,Credit Card,1525.43,Y
311,Loan,N/A,Home Loan,696365.56,Y
312,Deposit,IBB,Money Market,22692.86,Y
312,Deposit,NIDDA,Checking,11545.24,Y
312,Deposit,IBB,Savings,8558.64,Y
312,Loan,N/A,Auto Loan,20950.91,Y
313,Deposit,IBB,Money Market,4337.98,Y
313,Deposit,NIDDA,Checking,27292.85,Y
313,Credit,N/A,Credit Card,3476.87,Y
314,Deposit,IBB,CD Short Term,25690.33,Y
314,Deposit,IBB,Money Market,7830.38,Y
314,Deposit,NIDDA,Checking,2207.77,Y
314,Deposit,IBB,Savings,16324.04,Y
314,Credit,N/A,Credit Card,2943.19,Y
314,Loan,N/A,Personal Loan,34502.69,Y
315,Deposit,IBB,Money Market,38712.68,Y
315,Deposit,NIDDA,Checking,4019.14,Y
315,Credit,N/A,Credit Card,579.97,Y
316,Deposit,IBB,CD Short Term,10034.25,Y
316,Deposit,IBB,Money Market,14952.97,Y
316,Deposit,NIDDA,Checking,5734.4,Y
316,Deposit,IBB,Savings,38240.87,Y
316,Loan,N/A,Home Loan,329877.6,Y
316,Loan,N/A,Auto Loan,48936.0,Y
317,Deposit,IBB,CD Short Term,20087.09,Y
317,Deposit,IBB,Money Market,9300.21,Y
317,Deposit,NIDDA,Checking,6565.48,Y
318,Deposit,NIDDA,Checking,2665.49,Y
318,Deposit,IBB,Savings,6848.0,Y
318,Loan,N/A,Home Loan,954419.57,Y
319,Deposit,IBB,CD Long Term,7362.27,Y
319,Deposit,NIDDA,Checking,2036.3,Y
319,Deposit,IBB,Savings,10377.14,Y
319,Loan,N/A,Home Loan,1475707.25,Y
319,Loan,N/A,Auto Loan,72654.47,Y
320,Deposit,IBB,CD Long Term,3418.16,Y
320,Deposit,NIDDA,Checking,1777.42,Y
320,Deposit,IBB,CD Short Term,18433.31,Y
320,Deposit,IBB,Money Market,17564.27,Y
320,Deposit,IBB,Savings,6600.78,Y
320,Credit,N/A,Credit Card,1490.17,Y
321,Deposit,IBB,CD Long Term,29948.62,Y
321,Deposit,IBB,CD Short Term,9579.27,Y
321,Deposit,NIDDA,Checking,5224.9,Y
321,Deposit,IBB,Savings,6971.17,Y
321,Loan,N/A,Home Loan,702533.46,Y
321,Loan,N/A,Auto Loan,36617.88,Y
322,Deposit,NIDDA,Checking,3500.67,Y
322,Deposit,IBB,Savings,15597.46,Y
322,Loan,N/A,Personal Loan,7886.45,Y
323,Deposit,IBB,CD Short Term,9425.62,Y
323,Deposit,NIDDA,Checking,2052.96,Y
323,Loan,N/A,Personal Loan,15072.22,Y
324,Deposit,IBB,Money Market,4492.82,Y
324,Deposit,NIDDA,Checking,9562.34,Y
324,Deposit,IBB,Savings,21918.13,Y
324,Loan,N/A,Auto Loan,81939.91,Y
325,Deposit,IBB,Money Market,11488.16,Y
325,Deposit,NIDDA,Checking,5599.39,Y
325,Deposit,IBB,Savings,2720.36,Y
326,Deposit,IBB,Money Market,10470.74,Y
326,Deposit,NIDDA,Checking,4877.94,Y
326,Deposit,IBB,Savings,7878.29,Y
326,Credit,N/A,Credit Card,6953.1,Y
326,Loan,N/A,Home Loan,475218.74,Y
327,Deposit,IBB,Money Market,11398.78,Y
327,Deposit,NIDDA,Checking,27874.19,Y
327,Deposit,IBB,Savings,12002.54,Y
327,Credit,N/A,Credit Card,760.25,Y
327,Loan,N/A,Auto Loan,104669.41,Y
328,Deposit,IBB,Money Market,2972.21,Y
328,Deposit,NIDDA,Checking,6459.49,Y
328,Deposit,IBB,Savings,28056.63,Y
328,Credit,N/A,Credit Card,3582.06,Y
328,Loan,N/A,Home Loan,327069.48,Y
328,Loan,N/A,Auto Loan,16058.25,Y
329,Deposit,IBB,CD Long Term,18651.92,Y
329,Deposit,IBB,Money Market,17877.66,Y
329,Deposit,NIDDA,Checking,10352.87,Y
329,Loan,N/A,Personal Loan,22900.64,Y
330,Deposit,IBB,CD Short Term,6911.55,Y
330,Deposit,IBB,Money Market,11970.53,Y
330,Deposit,NIDDA,Checking,70553.87,Y
330,Deposit,IBB,Savings,2399.43,Y
330,Credit,N/A,Credit Card,1792.68,Y
331,Deposit,IBB,CD Long Term,2414.7,Y
331,Deposit,NIDDA,Checking,1635.0,Y
331,Deposit,IBB,Savings,10230.16,Y
332,Deposit,IBB,CD Long Term,28335.9,Y
332,Deposit,IBB,Money Market,10133.7,Y
332,Deposit,NIDDA,Checking,1129.42,Y
332,Deposit,IBB,Savings,27103.18,Y
332,Credit,N/A,Credit Card,661.75,Y
332,Loan,N/A,Home Loan,258611.35,Y
333,Deposit,IBB,CD Short Term,4707.74,Y
333,Deposit,IBB,Money Market,6714.81,Y
333,Deposit,NIDDA,Checking,46249.87,Y
333,Deposit,IBB,Savings,4466.23,Y
333,Loan,N/A,Home Loan,387172.01,Y
334,Deposit,IBB,Money Market,12514.29,Y
334,Deposit,NIDDA,Checking,13339.08,Y
334,Deposit,IBB,Savings,5415.51,Y
334,Credit,N/A,Credit Card,2767.42,Y
334,Loan,N/A,Auto Loan,89621.56,Y
335,Deposit,IBB,CD Long Term,40221.02,Y
335,Deposit,IBB,CD Short Term,8602.64,Y
335,Deposit,IBB,Money Market,7597.76,Y
335,Deposit,NIDDA,Checking,9274.61,Y
335,Credit,N/A,Credit Card,652.64,Y
336,Deposit,IBB,CD Long Term,4537.34,Y
336,Deposit,IBB,CD Short Term,129693.35,Y
336,Deposit,NIDDA,Checking,5280.4,Y
336,Deposit,IBB,Savings,2462.53,Y
336,Loan,N/A,Auto Loan,75170.72,Y
336,Loan,N/A,Personal Loan,19151.73,Y
337,Deposit,IBB,CD Short Term,207013.64,Y
337,Deposit,IBB,Money Market,5591.95,Y
337,Deposit,NIDDA,Checking,9664.95,Y
337,Deposit,IBB,Savings,3688.34,Y
337,Loan,N/A,Home Loan,487695.64,Y
337,Loan,N/A,Auto Loan,73882.09,Y
338,Deposit,IBB,CD Short Term,6852.49,Y
338,Deposit,IBB,Money Market,21486.28,Y
338,Deposit,NIDDA,Checking,1438.76,Y
338,Deposit,IBB,Savings,15980.16,Y
338,Loan,N/A,Home Loan,432889.43,Y
339,Deposit,IBB,Money Market,16144.35,Y
339,Deposit,NIDDA,Checking,8850.46,Y
339,Deposit,IBB,Savings,11917.77,Y
339,Loan,N/A,Home Loan,835502.17,Y
340,Deposit,IBB,CD Long Term,20483.41,Y
340,Deposit,IBB,Money Market,8812.57,Y
340,Deposit,NIDDA,Checking,2682.78,Y
340,Deposit,IBB,Savings,6767.25,Y
340,Credit,N/A,Credit Card,1134.87,Y
340,Loan,N/A,Home Loan,157710.72,Y
340,Loan,N/A,Auto Loan,27309.48,Y
341,Deposit,IBB,Money Market,7928.82,Y
341,Deposit,NIDDA,Checking,3319.26,Y
341,Deposit,IBB,Savings,5075.97,Y
341,Loan,N/A,Home Loan,581074.86,Y
342,Deposit,IBB,CD Long Term,3888.42,Y
342,Deposit,IBB,Money Market,10582.26,Y
342,Deposit,NIDDA,Checking,1011.3,Y
342,Deposit,IBB,Savings,1029.32,Y
342,Credit,N/A,Credit Card,5159.84,Y
343,Deposit,IBB,Money Market,51068.29,Y
343,Deposit,NIDDA,Checking,8630.0,Y
343,Deposit,IBB,Savings,20173.18,Y
343,Credit,N/A,Credit Card,906.03,Y
343,Loan,N/A,Auto Loan,27601.76,Y
344,Deposit,IBB,Money Market,20786.96,Y
344,Deposit,NIDDA,Checking,1485.77,Y
344,Deposit,IBB,Savings,20975.65,Y
344,Credit,N/A,Credit Card,1136.34,Y
344,Loan,N/A,Auto Loan,20475.16,Y
345,Deposit,IBB,CD Short Term,9309.1,Y
345,Deposit,IBB,Money Market,70477.84,Y
345,Deposit,NIDDA,Checking,2858.37,Y
345,Deposit,IBB,Savings,3207.38,Y
345,Credit,N/A,Credit Card,805.71,Y
345,Loan,N/A,Home Loan,710778.13,Y
346,Deposit,IBB,CD Long Term,12837.65,Y
346,Deposit,NIDDA,Checking,1171.87,Y
346,Deposit,IBB,CD Short Term,11719.83,Y
346,Deposit,IBB,Money Market,45185.78,Y
346,Deposit,IBB,Savings,6805.32,Y
346,Credit,N/A,Credit Card,1855.94,Y
346,Loan,N/A,Home Loan,461891.78,Y
347,Deposit,NIDDA,Checking,3630.41,Y
347,Deposit,IBB,Savings,1288.64,Y
347,Credit,N/A,Credit Card,1905.14,Y
347,Loan,N/A,Auto Loan,19145.97,Y
348,Deposit,IBB,Money Market,35783.43,Y
348,Deposit,NIDDA,Checking,19987.59,Y
348,Deposit,IBB,Savings,5707.36,Y
348,Credit,N/A,Credit Card,335.57,Y
349,Deposit,IBB,CD Short Term,50585.68,Y
349,Deposit,IBB,Money Market,28402.04,Y
349,Deposit,NIDDA,Checking,11373.12,Y
349,Deposit,IBB,Savings,14787.62,Y
349,Loan,N/A,Home Loan,545271.32,Y
350,Deposit,NIDDA,Checking,3970.54,Y
350,Deposit,IBB,Savings,20927.27,Y
350,Credit,N/A,Credit Card,1636.98,Y
351,Deposit,IBB,Money Market,11177.54,Y
351,Deposit,NIDDA,Checking,37075.16,Y
351,Deposit,IBB,Savings,15295.93,Y
351,Loan,N/A,Auto Loan,18387.59,Y
352,Deposit,IBB,CD Long Term,33027.98,Y
352,Deposit,IBB,CD Short Term,4984.95,Y
352,Deposit,NIDDA,Checking,5209.01,Y
352,Deposit,IBB,Savings,77215.62,Y
352,Loan,N/A,Home Loan,371660.0,Y
353,Deposit,IBB,CD Short Term,11556.27,Y
353,Deposit,IBB,Money Market,4171.18,Y
353,Deposit,NIDDA,Checking,5989.11,Y
353,Credit,N/A,Credit Card,7951.78,Y
353,Loan,N/A,Home Loan,712215.44,Y
353,Loan,N/A,Auto Loan,28089.26,Y
354,Deposit,IBB,Money Market,41084.92,Y
354,Deposit,NIDDA,Checking,3768.33,Y
354,Deposit,IBB,Savings,9257.92,Y
354,Credit,N/A,Credit Card,6474.8,Y
354,Loan,N/A,Auto Loan,16944.47,Y
355,Deposit,NIDDA,Checking,2903.02,Y
355,Deposit,IBB,Savings,3448.11,Y
355,Credit,N/A,Credit Card,2377.09,Y
355,Loan,N/A,Auto Loan,21798.07,Y
356,Deposit,NIDDA,Checking,1926.37,Y
356,Deposit,IBB,Savings,9644.57,Y
356,Credit,N/A,Credit Card,3027.93,Y
357,Deposit,IBB,Money Market,13636.34,Y
357,Deposit,NIDDA,Checking,14941.71,Y
357,Credit,N/A,Credit Card,8431.74,Y
357,Loan,N/A,Auto Loan,33962.04,Y
358,Deposit,IBB,CD Long Term,11018.34,Y
358,Deposit,NIDDA,Checking,3515.33,Y
358,Deposit,IBB,CD Short Term,15323.28,Y
358,Deposit,IBB,Money Market,13438.52,Y
358,Deposit,IBB,Savings,10366.83,Y
358,Credit,N/A,Credit Card,4235.96,Y
359,Deposit,NIDDA,Checking,2419.23,Y
359,Deposit,IBB,Savings,12990.99,Y
359,Credit,N/A,Credit Card,2248.3,Y
359,Loan,N/A,Home Loan,242954.36,Y
360,Deposit,NIDDA,Checking,5269.37,Y
360,Deposit,IBB,Savings,3655.07,Y
360,Loan,N/A,Personal Loan,6309.53,Y
361,Deposit,IBB,CD Short Term,24834.5,Y
361,Deposit,NIDDA,Checking,5668.04,Y
361,Credit,N/A,Credit Card,1016.23,Y
362,Deposit,NIDDA,Checking,4351.97,Y
363,Deposit,NIDDA,Checking,5772.28,Y
363,Deposit,IBB,Savings,8678.71,Y
363,Credit,N/A,Credit Card,692.17,Y
364,Deposit,NIDDA,Checking,952.03,Y
364,Credit,N/A,Credit Card,1739.57,Y
364,Loan,N/A,Personal Loan,35839.7,Y
365,Deposit,IBB,CD Short Term,40034.46,Y
365,Deposit,NIDDA,Checking,3961.58,Y
365,Deposit,IBB,Savings,4261.58,Y
365,Loan,N/A,Home Loan,420450.8,Y
366,Deposit,NIDDA,Checking,1283.19,Y
366,Deposit,IBB,Savings,27149.01,Y
366,Credit,N/A,Credit Card,3839.5,Y
366,Loan,N/A,Home Loan,324887.76,Y
366,Loan,N/A,Personal Loan,33167.89,Y
367,Deposit,IBB,CD Short Term,6199.44,Y
367,Deposit,NIDDA,Checking,5578.62,Y
367,Deposit,IBB,Savings,10106.13,Y
367,Loan,N/A,Home Loan,440440.52,Y
368,Deposit,IBB,CD Long Term,16838.89,Y
368,Deposit,NIDDA,Checking,7855.13,Y
368,Deposit,IBB,Savings,16653.23,Y
369,Deposit,IBB,CD Short Term,10044.89,Y
369,Deposit,NIDDA,Checking,14350.03,Y
369,Deposit,IBB,Savings,62487.22,Y
369,Loan,N/A,Auto Loan,23375.8,Y
370,Deposit,IBB,Money Market,35333.93,Y
370,Deposit,NIDDA,Checking,3839.93,Y
370,Deposit,IBB,Savings,20063.33,Y
370,Credit,N/A,Credit Card,573.33,Y
371,Deposit,IBB,CD Short Term,2960.8,Y
371,Deposit,IBB,Money Market,155495.61,Y
371,Deposit,NIDDA,Checking,1381.14,Y
371,Deposit,IBB,Savings,8305.54,Y
371,Credit,N/A,Credit Card,1742.33,Y
372,Deposit,IBB,CD Short Term,3398.09,Y
372,Deposit,IBB,Money Market,3734.63,Y
372,Deposit,NIDDA,Checking,5662.48,Y
372,Deposit,IBB,Savings,11101.87,Y
372,Credit,N/A,Credit Card,3475.06,Y
373,Deposit,NIDDA,Checking,2771.69,Y
373,Deposit,IBB,Savings,16250.47,Y
373,Credit,N/A,Credit Card,4213.13,Y
373,Loan,N/A,Home Loan,559796.88,Y
373,Loan,N/A,Auto Loan,84402.56,Y
374,Deposit,IBB,CD Long Term,40490.15,Y
374,Deposit,NIDDA,Checking,5484.21,Y
374,Deposit,IBB,Savings,2907.1,Y
374,Loan,N/A,Personal Loan,18177.23,Y
375,Deposit,NIDDA,Checking,8600.42,Y
376,Deposit,IBB,CD Short Term,18530.56,Y
376,Deposit,IBB,Money Market,4473.67,Y
376,Deposit,NIDDA,Checking,2097.03,Y
376,Deposit,IBB,Savings,7336.39,Y
376,Credit,N/A,Credit Card,1933.0,Y
376,Loan,N/A,Home Loan,515371.77,Y
376,Loan,N/A,Auto Loan,45361.31,Y
377,Deposit,IBB,CD Short Term,3303.22,Y
377,Deposit,IBB,Money Market,4252.16,Y
377,Deposit,NIDDA,Checking,10819.91,Y
377,Deposit,IBB,Savings,44166.04,Y
378,Deposit,IBB,Money Market,3429.88,Y
378,Deposit,NIDDA,Checking,17138.88,Y
378,Deposit,IBB,Savings,22264.72,Y
378,Credit,N/A,Credit Card,399.4,Y
378,Loan,N/A,Personal Loan,7865.56,Y
379,Deposit,IBB,CD Short Term,20730.6,Y
379,Deposit,IBB,Money Market,19401.11,Y
379,Deposit,NIDDA,Checking,3795.94,Y
379,Deposit,IBB,Savings,17408.05,Y
380,Deposit,IBB,CD Long Term,19715.05,Y
380,Deposit,IBB,Money Market,8005.82,Y
380,Deposit,NIDDA,Checking,850.26,Y
380,Credit,N/A,Credit Card,311.95,Y
380,Loan,N/A,Home Loan,152411.2,Y
381,Deposit,NIDDA,Checking,4649.43,Y
381,Deposit,IBB,Savings,9482.54,Y
382,Deposit,NIDDA,Checking,3990.42,Y
382,Loan,N/A,Home Loan,508343.65,Y
383,Deposit,IBB,CD Long Term,92226.09,Y
383,Deposit,IBB,CD Short Term,16386.81,Y
383,Deposit,NIDDA,Checking,5082.51,Y
383,Deposit,IBB,Savings,5955.23,Y
383,Credit,N/A,Credit Card,462.95,Y
384,Deposit,IBB,Money Market,15003.3,Y
384,Deposit,NIDDA,Checking,6515.68,Y
384,Deposit,IBB,Savings,11532.84,Y
385,Deposit,NIDDA,Checking,16833.36,Y
385,Deposit,IBB,Savings,37031.25,Y
386,Deposit,NIDDA,Checking,3408.99,Y
387,Deposit,IBB,CD Long Term,177131.88,Y
387,Deposit,IBB,Money Market,32493.23,Y
387,Deposit,NIDDA,Checking,28702.91,Y
387,Deposit,IBB,Savings,1860.41,Y
387,Credit,N/A,Credit Card,999.77,Y
388,Deposit,NIDDA,Checking,7976.82,Y
388,Deposit,IBB,Savings,18162.29,Y
388,Loan,N/A,Auto Loan,44493.45,Y
389,Deposit,IBB,CD Short Term,10723.17,Y
389,Deposit,IBB,Money Market,16646.16,Y
389,Deposit,NIDDA,Checking,14620.15,Y
389,Loan,N/A,Home Loan,415660.73,Y
389,Loan,N/A,Auto Loan,48477.46,Y
390,Deposit,NIDDA,Checking,299.66,Y
390,Credit,N/A,Credit Card,1102.3,Y
390,Loan,N/A,Personal Loan,27485.25,Y
391,Deposit,IBB,Money Market,19217.59,Y
391,Deposit,NIDDA,Checking,5116.07,Y
391,Deposit,IBB,Savings,23838.95,Y
391,Loan,N/A,Home Loan,423387.47,Y
392,Deposit,IBB,Money Market,2769.5,Y
392,Deposit,NIDDA,Checking,8124.17,Y
392,Deposit,IBB,Savings,19536.93,Y
392,Credit,N/A,Credit Card,2361.21,Y
393,Deposit,IBB,CD Long Term,20787.0,Y
393,Deposit,NIDDA,Checking,1130.76,Y
393,Deposit,IBB,Savings,31783.26,Y
393,Credit,N/A,Credit Card,1144.04,Y
393,Loan,N/A,Personal Loan,12550.47,Y
394,Deposit,IBB,Money Market,61803.15,Y
394,Deposit,NIDDA,Checking,3102.16,Y
394,Deposit,IBB,Savings,4736.4,Y
394,Credit,N/A,Credit Card,5542.37,Y
394,Loan,N/A,Auto Loan,43579.35,Y
395,Deposit,IBB,CD Long Term,3634.26,Y
395,Deposit,NIDDA,Checking,7337.16,Y
396,Deposit,IBB,CD Short Term,5946.9,Y
396,Deposit,IBB,Money Market,32748.93,Y
396,Deposit,NIDDA,Checking,11827.38,Y
396,Deposit,IBB,Savings,11224.42,Y
397,Deposit,IBB,Money Market,10807.94,Y
397,Deposit,NIDDA,Checking,5630.87,Y
397,Deposit,IBB,Savings,1360.75,Y
397,Loan,N/A,Home Loan,462542.07,Y
398,Deposit,IBB,CD Long Term,10980.61,Y
398,Deposit,NIDDA,Checking,13849.91,Y
398,Deposit,IBB,CD Short Term,5986.93,Y
398,Deposit,IBB,Money Market,42268.37,Y
398,Deposit,IBB,Savings,4753.7,Y
398,Credit,N/A,Credit Card,4539.78,Y
398,Loan,N/A,Personal Loan,21545.01,Y
399,Deposit,IBB,CD Short Term,51508.6,Y
399,Deposit,NIDDA,Checking,1941.41,Y
400,Deposit,IBB,CD Short Term,19178.06,Y
400,Deposit,IBB,Money Market,11519.6,Y
400,Deposit,NIDDA,Checking,31328.33,Y
400,Loan,N/A,Auto Loan,48911.64,Y
401,Deposit,IBB,Money Market,45307.86,Y
401,Deposit,NIDDA,Checking,1304.62,Y
401,Loan,N/A,Auto Loan,29241.16,Y
401,Loan,N/A,Personal Loan,14635.48,Y
402,Deposit,NIDDA,Checking,5507.83,Y
402,Deposit,IBB,Savings,9059.52,Y
402,Credit,N/A,Credit Card,2562.46,Y
402,Loan,N/A,Auto Loan,30884.75,Y
403,Deposit,IBB,Money Market,9186.86,Y
403,Deposit,NIDDA,Checking,3141.14,Y
403,Deposit,IBB,Savings,7676.0,Y
403,Loan,N/A,Auto Loan,40008.75,Y
404,Deposit,IBB,CD Short Term,54670.87,Y
404,Deposit,IBB,Money Market,30261.04,Y
404,Deposit,NIDDA,Checking,2542.54,Y
404,Credit,N/A,Credit Card,4251.9,Y
404,Loan,N/A,Home Loan,770485.28,Y
405,Deposit,NIDDA,Checking,7541.24,Y
405,Credit,N/A,Credit Card,1965.24,Y
405,Loan,N/A,Home Loan,364535.69,Y
405,Loan,N/A,Auto Loan,19286.84,Y
405,Loan,N/A,Personal Loan,4486.13,Y
406,Deposit,NIDDA,Checking,5391.88,Y
406,Deposit,IBB,Savings,6928.38,Y
406,Credit,N/A,Credit Card,1702.41,Y
406,Loan,N/A,Home Loan,665353.61,Y
407,Deposit,NIDDA,Checking,6404.57,Y
407,Deposit,IBB,Savings,3700.09,Y
407,Loan,N/A,Personal Loan,53620.27,Y
408,Deposit,IBB,Money Market,44706.34,Y
408,Deposit,NIDDA,Checking,3240.48,Y
408,Deposit,IBB,Savings,14352.38,Y
408,Credit,N/A,Credit Card,1024.22,Y
409,Deposit,NIDDA,Checking,12113.57,Y
409,Deposit,IBB,Savings,2353.71,Y
410,Deposit,IBB,Money Market,12286.8,Y
410,Deposit,NIDDA,Checking,4167.43,Y
410,Credit,N/A,Credit Card,867.82,Y
411,Deposit,IBB,CD Short Term,2187.75,Y
411,Deposit,NIDDA,Checking,6823.29,Y
411,Credit,N/A,Credit Card,720.71,Y
411,Loan,N/A,Personal Loan,4788.97,Y
412,Deposit,NIDDA,Checking,9086.99,Y
412,Deposit,IBB,Savings,5120.58,Y
412,Credit,N/A,Credit Card,4147.28,Y
412,Loan,N/A,Auto Loan,138277.12,Y
413,Deposit,IBB,Money Market,14701.53,Y
413,Deposit,NIDDA,Checking,1502.49,Y
413,Credit,N/A,Credit Card,3551.55,Y
414,Deposit,IBB,Money Market,8932.29,Y
414,Deposit,NIDDA,Checking,13502.02,Y
414,Deposit,IBB,Savings,2479.36,Y
414,Loan,N/A,Home Loan,514125.56,Y
414,Loan,N/A,Auto Loan,11892.63,Y
415,Deposit,IBB,CD Short Term,15384.36,Y
415,Deposit,NIDDA,Checking,9102.95,Y
415,Deposit,IBB,Savings,2039.96,Y
416,Deposit,NIDDA,Checking,3008.43,Y
416,Loan,N/A,Personal Loan,11443.76,Y
417,Deposit,NIDDA,Checking,16430.49,Y
417,Deposit,IBB,Savings,4551.1,Y
417,Loan,N/A,Home Loan,439782.23,Y
417,Loan,N/A,Auto Loan,23759.94,Y
418,Deposit,NIDDA,Checking,9843.04,Y
418,Deposit,IBB,Savings,2590.16,Y
418,Credit,N/A,Credit Card,4644.63,Y
418,Loan,N/A,Home Loan,515749.99,Y
419,Deposit,NIDDA,Checking,47144.09,Y
419,Deposit,IBB,Savings,19182.92,Y
419,Loan,N/A,Personal Loan,18451.08,Y
420,Deposit,IBB,Money Market,42126.25,Y
420,Deposit,NIDDA,Checking,15817.9,Y
420,Deposit,IBB,Savings,11167.83,Y
420,Loan,N/A,Home Loan,630038.37,Y
421,Deposit,IBB,CD Short Term,21435.18,Y
421,Deposit,NIDDA,Checking,3663.12,Y
421,Credit,N/A,Credit Card,8176.53,Y
422,Deposit,IBB,CD Long Term,7797.4,Y
422,Deposit,IBB,Money Market,3220.3,Y
422,Deposit,NIDDA,Checking,6160.76,Y
422,Deposit,IBB,Savings,2509.25,Y
423,Deposit,IBB,CD Short Term,51589.11,Y
423,Deposit,NIDDA,Checking,2507.07,Y
423,Deposit,IBB,Savings,8608.98,Y
423,Credit,N/A,Credit Card,1751.09,Y
423,Loan,N/A,Home Loan,327381.18,Y
423,Loan,N/A,Personal Loan,12868.98,Y
424,Deposit,IBB,CD Long Term,15300.42,Y
424,Deposit,NIDDA,Checking,5881.16,Y
424,Deposit,IBB,CD Short Term,7056.36,Y
424,Deposit,IBB,Money Market,20249.06,Y
424,Deposit,IBB,Savings,44091.75,Y
424,Loan,N/A,Auto Loan,25563.02,Y
425,Deposit,NIDDA,Checking,9841.94,Y
425,Deposit,IBB,Savings,5456.29,Y
426,Deposit,IBB,CD Short Term,20446.25,Y
426,Deposit,NIDDA,Checking,21420.03,Y
426,Deposit,IBB,Savings,26331.97,Y
426,Loan,N/A,Personal Loan,26292.47,Y
427,Deposit,NIDDA,Checking,5320.34,Y
427,Loan,N/A,Auto Loan,79662.64,Y
428,Deposit,IBB,CD Long Term,25218.46,Y
428,Deposit,IBB,Money Market,12409.63,Y
428,Deposit,NIDDA,Checking,8682.02,Y
428,Deposit,IBB,Savings,6631.06,Y
428,Credit,N/A,Credit Card,7986.51,Y
429,Deposit,IBB,CD Short Term,41761.96,Y
429,Deposit,IBB,Money Market,4760.47,Y
429,Deposit,NIDDA,Checking,5409.32,Y
429,Deposit,IBB,Savings,4563.11,Y
430,Deposit,IBB,CD Long Term,13667.07,Y
430,Deposit,IBB,Money Market,3763.2,Y
430,Deposit,NIDDA,Checking,961.12,Y
430,Deposit,IBB,Savings,8504.7,Y
430,Credit,N/A,Credit Card,723.13,Y
430,Loan,N/A,Home Loan,798289.34,Y
431,Deposit,IBB,CD Long Term,91618.25,Y
431,Deposit,NIDDA,Checking,10067.3,Y
431,Deposit,IBB,CD Short Term,7251.25,Y
431,Deposit,IBB,Money Market,25377.51,Y
431,Deposit,IBB,Savings,12317.0,Y
431,Credit,N/A,Credit Card,8828.44,Y
432,Deposit,IBB,CD Long Term,11119.34,Y
432,Deposit,IBB,CD Short Term,8465.99,Y
432,Deposit,NIDDA,Checking,19023.34,Y
432,Deposit,IBB,Savings,4659.59,Y
432,Credit,N/A,Credit Card,1440.21,Y
433,Deposit,IBB,CD Short Term,36932.31,Y
433,Deposit,IBB,Money Market,38463.08,Y
433,Deposit,NIDDA,Checking,3319.87,Y
433,Deposit,IBB,Savings,6767.75,Y
433,Loan,N/A,Auto Loan,40981.61,Y
434,Deposit,IBB,Money Market,23427.61,Y
434,Deposit,NIDDA,Checking,924.14,Y
434,Credit,N/A,Credit Card,1042.83,Y
434,Loan,N/A,Auto Loan,52584.08,Y
434,Loan,N/A,Personal Loan,20009.94,Y
435,Deposit,IBB,CD Long Term,58502.34,Y
435,Deposit,NIDDA,Checking,4322.46,Y
435,Credit,N/A,Credit Card,3731.87,Y
435,Loan,N/A,Personal Loan,18177.86,Y
436,Deposit,IBB,CD Long Term,13453.82,Y
436,Deposit,NIDDA,Checking,11873.38,Y
436,Deposit,IBB,Savings,5349.39,Y
436,Loan,N/A,Auto Loan,62765.13,Y
437,Deposit,IBB,CD Long Term,21676.44,Y
437,Deposit,IBB,Money Market,45727.9,Y
437,Deposit,NIDDA,Checking,5338.92,Y
437,Deposit,IBB,Savings,11763.4,Y
438,Deposit,IBB,CD Short Term,8717.21,Y
438,Deposit,IBB,Money Market,30965.4,Y
438,Deposit,NIDDA,Checking,2237.01,Y
438,Deposit,IBB,Savings,3087.1,Y
438,Credit,N/A,Credit Card,244.72,Y
438,Loan,N/A,Auto Loan,82257.32,Y
439,Deposit,IBB,CD Long Term,41237.0,Y
439,Deposit,IBB,CD Short Term,17677.58,Y
439,Deposit,NIDDA,Checking,7195.84,Y
439,Deposit,IBB,Savings,5069.23,Y
439,Credit,N/A,Credit Card,3501.05,Y
439,Loan,N/A,Auto Loan,15571.62,Y
440,Deposit,NIDDA,Checking,5275.18,Y
440,Deposit,IBB,Savings,2898.75,Y
440,Loan,N/A,Personal Loan,29642.4,Y
441,Deposit,IBB,CD Short Term,15907.84,Y
441,Deposit,IBB,Money Market,208402.28,Y
441,Deposit,NIDDA,Checking,41968.05,Y
441,Deposit,IBB,Savings,2927.82,Y
441,Credit,N/A,Credit Card,17102.53,Y
441,Loan,N/A,Home Loan,273301.74,Y
442,Deposit,IBB,CD Short Term,22401.28,Y
442,Deposit,NIDDA,Checking,3257.99,Y
442,Deposit,IBB,Savings,25217.46,Y
442,Credit,N/A,Credit Card,5051.83,Y
443,Deposit,IBB,CD Long Term,63403.52,Y
443,Deposit,IBB,Money Market,57066.97,Y
443,Deposit,NIDDA,Checking,9745.57,Y
443,Deposit,IBB,Savings,26839.41,Y
443,Loan,N/A,Home Loan,511945.58,Y
443,Loan,N/A,Personal Loan,10501.76,Y
444,Deposit,NIDDA,Checking,4513.79,Y
444,Deposit,IBB,Savings,6488.21,Y
444,Credit,N/A,Credit Card,1219.16,Y
445,Deposit,IBB,CD Short Term,45426.16,Y
445,Deposit,IBB,Money Market,31024.63,Y
445,Deposit,NIDDA,Checking,12791.28,Y
445,Deposit,IBB,Savings,18333.36,Y
445,Credit,N/A,Credit Card,2034.74,Y
445,Loan,N/A,Home Loan,983480.24,Y
446,Deposit,IBB,CD Short Term,34215.1,Y
446,Deposit,IBB,Money Market,31465.39,Y
446,Deposit,NIDDA,Checking,2706.04,Y
446,Deposit,IBB,Savings,5210.64,Y
446,Credit,N/A,Credit Card,1038.52,Y
446,Loan,N/A,Auto Loan,41026.23,Y
447,Deposit,IBB,CD Short Term,11790.01,Y
447,Deposit,IBB,Money Market,4038.12,Y
447,Deposit,NIDDA,Checking,5777.74,Y
447,Credit,N/A,Credit Card,944.65,Y
447,Loan,N/A,Auto Loan,32193.68,Y
447,Loan,N/A,Personal Loan,14740.48,Y
448,Deposit,IBB,CD Long Term,37043.57,Y
448,Deposit,IBB,CD Short Term,21304.84,Y
448,Deposit,NIDDA,Checking,7068.95,Y
448,Credit,N/A,Credit Card,844.39,Y
448,Loan,N/A,Home Loan,701701.55,Y
449,Deposit,IBB,CD Long Term,15828.02,Y
449,Deposit,IBB,CD Short Term,129139.18,Y
449,Deposit,NIDDA,Checking,12141.39,Y
449,Deposit,IBB,Savings,53279.75,Y
449,Credit,N/A,Credit Card,2440.35,Y
449,Loan,N/A,Auto Loan,23031.85,Y
450,Deposit,IBB,CD Short Term,12447.7,Y
450,Deposit,IBB,Money Market,21022.21,Y
450,Deposit,NIDDA,Checking,2065.16,Y
450,Deposit,IBB,Savings,3645.17,Y
450,Credit,N/A,Credit Card,3341.36,Y
451,Deposit,IBB,Money Market,124866.26,Y
451,Deposit,NIDDA,Checking,26451.15,Y
452,Deposit,IBB,CD Short Term,4483.47,Y
452,Deposit,IBB,Money Market,2839.31,Y
452,Deposit,NIDDA,Checking,4225.72,Y
452,Deposit,IBB,Savings,9901.54,Y
452,Credit,N/A,Credit Card,3621.03,Y
453,Deposit,IBB,CD Long Term,98035.31,Y
453,Deposit,IBB,CD Short Term,30622.97,Y
453,Deposit,NIDDA,Checking,16962.74,Y
453,Credit,N/A,Credit Card,846.05,Y
453,Loan,N/A,Auto Loan,24846.34,Y
454,Deposit,IBB,CD Long Term,8435.53,Y
454,Deposit,NIDDA,Checking,4216.52,Y
454,Deposit,IBB,CD Short Term,5077.45,Y
454,Deposit,IBB,Money Market,8377.48,Y
454,Deposit,IBB,Savings,16607.56,Y
454,Loan,N/A,Personal Loan,28178.76,Y
455,Deposit,IBB,CD Short Term,2696.86,Y
455,Deposit,NIDDA,Checking,9220.68,Y
456,Deposit,IBB,Money Market,72030.66,Y
456,Deposit,NIDDA,Checking,7200.01,Y
456,Credit,N/A,Credit Card,542.16,Y
457,Deposit,IBB,Money Market,9217.33,Y
457,Deposit,NIDDA,Checking,6494.24,Y
457,Credit,N/A,Credit Card,1116.67,Y
457,Loan,N/A,Home Loan,553058.12,Y
457,Loan,N/A,Personal Loan,17200.35,Y
458,Deposit,IBB,CD Long Term,15088.46,Y
458,Deposit,NIDDA,Checking,2683.55,Y
458,Deposit,IBB,CD Short Term,4925.97,Y
458,Deposit,IBB,Money Market,13557.29,Y
458,Deposit,IBB,Savings,2653.11,Y
459,Deposit,IBB,CD Short Term,97866.42,Y
459,Deposit,NIDDA,Checking,8861.01,Y
459,Deposit,IBB,Savings,10689.07,Y
459,Credit,N/A,Credit Card,684.04,Y
460,Deposit,IBB,CD Long Term,14203.61,Y
460,Deposit,NIDDA,Checking,1928.41,Y
460,Deposit,IBB,CD Short Term,68563.78,Y
460,Deposit,IBB,Money Market,4281.64,Y
460,Deposit,IBB,Savings,5220.71,Y
460,Loan,N/A,Auto Loan,33622.37,Y
461,Deposit,NIDDA,Checking,6984.93,Y
461,Deposit,IBB,Savings,14098.46,Y
462,Deposit,NIDDA,Checking,10317.1,Y
462,Deposit,IBB,Savings,4307.11,Y
462,Credit,N/A,Credit Card,6342.37,Y
462,Loan,N/A,Home Loan,1019089.32,Y
463,Deposit,NIDDA,Checking,6124.36,Y
463,Deposit,IBB,Savings,5051.93,Y
463,Credit,N/A,Credit Card,618.66,Y
463,Loan,N/A,Auto Loan,35901.4,Y
464,Deposit,IBB,CD Long Term,7056.15,Y
464,Deposit,IBB,CD Short Term,4044.94,Y
464,Deposit,NIDDA,Checking,2763.74,Y
464,Deposit,IBB,Savings,1808.63,Y
464,Loan,N/A,Home Loan,411882.01,Y
465,Deposit,IBB,CD Long Term,14405.68,Y
465,Deposit,NIDDA,Checking,8202.48,Y
465,Deposit,IBB,CD Short Term,18349.91,Y
465,Deposit,IBB,Money Market,7638.23,Y
465,Deposit,IBB,Savings,4514.94,Y
465,Credit,N/A,Credit Card,475.49,Y
465,Loan,N/A,Home Loan,509328.04,Y
466,Deposit,IBB,CD Short Term,76027.63,Y
466,Deposit,IBB,Money Market,35740.19,Y
466,Deposit,NIDDA,Checking,15965.15,Y
466,Credit,N/A,Credit Card,1142.61,Y
466,Loan,N/A,Auto Loan,31244.24,Y
467,Deposit,IBB,CD Short Term,34423.7,Y
467,Deposit,IBB,Money Market,47935.21,Y
467,Deposit,NIDDA,Checking,3444.72,Y
467,Deposit,IBB,Savings,6660.11,Y
468,Deposit,IBB,CD Long Term,29998.93,Y
468,Deposit,IBB,CD Short Term,9018.53,Y
468,Deposit,NIDDA,Checking,2690.53,Y
468,Deposit,IBB,Savings,27195.14,Y
468,Loan,N/A,Auto Loan,28819.47,Y
469,Deposit,IBB,CD Short Term,2044.41,Y
469,Deposit,IBB,Money Market,42276.47,Y
469,Deposit,NIDDA,Checking,7324.58,Y
469,Deposit,IBB,Savings,12527.08,Y
469,Credit,N/A,Credit Card,2802.02,Y
469,Loan,N/A,Home Loan,276007.93,Y
470,Deposit,IBB,CD Short Term,65747.12,Y
470,Deposit,IBB,Money Market,5932.85,Y
470,Deposit,NIDDA,Checking,8166.75,Y
470,Deposit,IBB,Savings,2477.79,Y
470,Credit,N/A,Credit Card,3304.54,Y
471,Deposit,IBB,CD Long Term,9190.97,Y
471,Deposit,IBB,CD Short Term,3740.21,Y
471,Deposit,IBB,Money Market,3654.63,Y
471,Deposit,NIDDA,Checking,1180.03,Y
471,Credit,N/A,Credit Card,2230.54,Y
471,Loan,N/A,Home Loan,339122.32,Y
472,Deposit,IBB,CD Long Term,36245.87,Y
472,Deposit,IBB,Money Market,16199.3,Y
472,Deposit,NIDDA,Checking,5699.11,Y
472,Deposit,IBB,Savings,10881.95,Y
472,Loan,N/A,Home Loan,392930.21,Y
472,Loan,N/A,Auto Loan,109272.69,Y
473,Deposit,IBB,CD Long Term,7763.72,Y
473,Deposit,IBB,Money Market,10982.49,Y
473,Deposit,NIDDA,Checking,5063.59,Y
473,Deposit,IBB,Savings,21001.36,Y
473,Loan,N/A,Home Loan,557208.39,Y
473,Loan,N/A,Personal Loan,8024.14,Y
474,Deposit,IBB,CD Short Term,29141.48,Y
474,Deposit,NIDDA,Checking,4018.65,Y
475,Deposit,NIDDA,Checking,2373.35,Y
475,Deposit,IBB,Savings,13827.62,Y
475,Credit,N/A,Credit Card,4285.0,Y
476,Deposit,NIDDA,Checking,8071.25,Y
476,Deposit,IBB,Savings,7290.61,Y
476,Loan,N/A,Auto Loan,45641.99,Y
477,Deposit,IBB,CD Short Term,18229.82,Y
477,Deposit,NIDDA,Checking,4199.32,Y
477,Credit,N/A,Credit Card,1752.54,Y
477,Loan,N/A,Home Loan,477146.73,Y
478,Deposit,IBB,CD Long Term,12169.39,Y
478,Deposit,NIDDA,Checking,7918.14,Y
478,Deposit,IBB,Savings,16787.75,Y
478,Loan,N/A,Personal Loan,27310.6,Y
479,Deposit,IBB,CD Short Term,5210.55,Y
479,Deposit,IBB,Money Market,30796.84,Y
479,Deposit,NIDDA,Checking,293.09,Y
479,Deposit,IBB,Savings,14243.0,Y
479,Loan,N/A,Personal Loan,7576.83,Y
480,Deposit,IBB,CD Short Term,6024.34,Y
480,Deposit,IBB,Money Market,39455.54,Y
480,Deposit,NIDDA,Checking,4096.38,Y
480,Deposit,IBB,Savings,11465.86,Y
480,Credit,N/A,Credit Card,5638.17,Y
480,Loan,N/A,Personal Loan,3990.89,Y
481,Deposit,IBB,CD Long Term,4320.86,Y
481,Deposit,IBB,CD Short Term,13321.26,Y
481,Deposit,NIDDA,Checking,11472.84,Y
481,Deposit,IBB,Savings,4213.88,Y
482,Deposit,IBB,CD Short Term,19527.59,Y
482,Deposit,IBB,Money Market,5116.02,Y
482,Deposit,NIDDA,Checking,6918.92,Y
482,Deposit,IBB,Savings,17415.49,Y
482,Credit,N/A,Credit Card,9832.94,Y
483,Deposit,IBB,Money Market,121108.1,Y
483,Deposit,NIDDA,Checking,2049.56,Y
483,Loan,N/A,Home Loan,543230.45,Y
484,Deposit,IBB,CD Long Term,1867.0,Y
484,Deposit,IBB,Money Market,18631.77,Y
484,Deposit,NIDDA,Checking,15734.38,Y
484,Deposit,IBB,Savings,2144.77,Y
485,Deposit,IBB,CD Short Term,11511.97,Y
485,Deposit,NIDDA,Checking,2248.34,Y
485,Credit,N/A,Credit Card,661.56,Y
485,Loan,N/A,Personal Loan,17957.44,Y
486,Deposit,IBB,CD Short Term,4982.24,Y
486,Deposit,NIDDA,Checking,5522.79,Y
486,Deposit,IBB,Savings,5857.17,Y
486,Credit,N/A,Credit Card,1707.9,Y
486,Loan,N/A,Home Loan,434707.91,Y
486,Loan,N/A,Auto Loan,19684.02,Y
487,Deposit,IBB,CD Short Term,8456.05,Y
487,Deposit,NIDDA,Checking,3189.8,Y
487,Deposit,IBB,Savings,6891.4,Y
487,Loan,N/A,Home Loan,713284.14,Y
488,Deposit,IBB,CD Long Term,11117.13,Y
488,Deposit,NIDDA,Checking,1431.28,Y
488,Deposit,IBB,Savings,18706.64,Y
488,Credit,N/A,Credit Card,1471.84,Y
489,Deposit,IBB,CD Short Term,11497.73,Y
489,Deposit,IBB,Money Market,2373.78,Y
489,Deposit,NIDDA,Checking,16409.74,Y
489,Deposit,IBB,Savings,17130.16,Y
489,Credit,N/A,Credit Card,2991.33,Y
490,Deposit,IBB,CD Long Term,20719.8,Y
490,Deposit,NIDDA,Checking,803.15,Y
490,Credit,N/A,Credit Card,1897.85,Y
491,Deposit,NIDDA,Checking,4008.38,Y
491,Deposit,IBB,Savings,10743.58,Y
491,Credit,N/A,Credit Card,2568.53,Y
491,Loan,N/A,Auto Loan,27999.64,Y
491,Loan,N/A,Personal Loan,7855.88,Y
492,Deposit,IBB,CD Short Term,52195.2,Y
492,Deposit,IBB,Money Market,12326.54,Y
492,Deposit,NIDDA,Checking,5673.05,Y
492,Deposit,IBB,Savings,30769.8,Y
493,Deposit,IBB,Money Market,6352.9,Y
493,Deposit,NIDDA,Checking,13565.08,Y
493,Credit,N/A,Credit Card,3000.46,Y
493,Loan,N/A,Home Loan,249350.86,Y
494,Deposit,NIDDA,Checking,1982.99,Y
494,Deposit,IBB,Savings,827.27,Y
494,Loan,N/A,Home Loan,507552.9,Y
495,Deposit,IBB,CD Long Term,11325.59,Y
495,Deposit,NIDDA,Checking,2411.83,Y
495,Deposit,IBB,Savings,19269.18,Y
495,Loan,N/A,Personal Loan,11384.55,Y
496,Deposit,IBB,CD Long Term,325172.6,Y
496,Deposit,IBB,CD Short Term,11731.71,Y
496,Deposit,NIDDA,Checking,1586.92,Y
496,Deposit,IBB,Savings,8299.25,Y
497,Deposit,IBB,CD Long Term,38450.94,Y
497,Deposit,NIDDA,Checking,3903.98,Y
497,Deposit,IBB,CD Short Term,26452.63,Y
497,Deposit,IBB,Money Market,7158.8,Y
497,Deposit,IBB,Savings,5835.59,Y
497,Loan,N/A,Auto Loan,41305.63,Y
498,Deposit,NIDDA,Checking,4714.76,Y
498,Deposit,IBB,Savings,21998.92,Y
498,Loan,N/A,Home Loan,399465.67,Y
499,Deposit,IBB,CD Short Term,56513.4,Y
499,Deposit,IBB,Money Market,24383.76,Y
499,Deposit,NIDDA,Checking,28147.71,Y
499,Deposit,IBB,Savings,10971.84,Y
499,Credit,N/A,Credit Card,3458.26,Y
499,Loan,N/A,Auto Loan,101693.79,Y
499,Loan,N/A,Personal Loan,29942.96,Y
500,Deposit,NIDDA,Checking,12600.06,Y
500,Deposit,IBB,Savings,8792.78,Y
500,Credit,N/A,Credit Card,3722.46,Y
501,Deposit,NIDDA,Checking,5344.63,Y
501,Deposit,IBB,Savings,3026.51,Y
501,Loan,N/A,Auto Loan,17542.64,Y
501,Loan,N/A,Personal Loan,15103.84,Y
502,Deposit,IBB,CD Long Term,2775.44,Y
502,Deposit,NIDDA,Checking,4181.86,Y
502,Deposit,IBB,CD Short Term,9957.77,Y
502,Deposit,IBB,Money Market,8129.53,Y
502,Deposit,IBB,Savings,8885.68,Y
502,Loan,N/A,Home Loan,614487.7,Y
503,Deposit,NIDDA,Checking,2636.81,Y
503,Loan,N/A,Auto Loan,33227.43,Y
504,Deposit,IBB,CD Short Term,13086.01,Y
504,Deposit,NIDDA,Checking,9257.02,Y
504,Credit,N/A,Credit Card,1319.09,Y
505,Deposit,IBB,CD Long Term,41055.87,Y
505,Deposit,IBB,Money Market,25868.75,Y
505,Deposit,NIDDA,Checking,10699.72,Y
505,Deposit,IBB,Savings,18482.97,Y
505,Credit,N/A,Credit Card,1173.0,Y
505,Loan,N/A,Auto Loan,105233.53,Y
506,Deposit,IBB,CD Short Term,23167.82,Y
506,Deposit,IBB,Money Market,22479.64,Y
506,Deposit,NIDDA,Checking,635.76,Y
506,Loan,N/A,Personal Loan,56031.66,Y
507,Deposit,NIDDA,Checking,2775.11,Y
507,Deposit,IBB,Savings,18010.65,Y
507,Loan,N/A,Auto Loan,36235.73,Y
508,Deposit,IBB,CD Long Term,112921.57,Y
508,Deposit,NIDDA,Checking,3246.92,Y
508,Deposit,IBB,Savings,6445.92,Y
509,Deposit,IBB,CD Long Term,20419.2,Y
509,Deposit,IBB,CD Short Term,58482.31,Y
509,Deposit,NIDDA,Checking,5146.99,Y
509,Credit,N/A,Credit Card,655.9,Y
509,Loan,N/A,Home Loan,1007163.69,Y
509,Loan,N/A,Personal Loan,36428.37,Y
510,Deposit,IBB,CD Long Term,9502.36,Y
510,Deposit,IBB,Money Market,5751.85,Y
510,Deposit,NIDDA,Checking,6156.5,Y
510,Deposit,IBB,Savings,24004.08,Y
510,Credit,N/A,Credit Card,8411.67,Y
511,Deposit,IBB,CD Short Term,17972.11,Y
511,Deposit,IBB,Money Market,1009.93,Y
511,Deposit,NIDDA,Checking,5139.91,Y
511,Deposit,IBB,Savings,13507.53,Y
511,Credit,N/A,Credit Card,1765.63,Y
511,Loan,N/A,Home Loan,398123.18,Y
511,Loan,N/A,Auto Loan,26084.37,Y
512,Deposit,IBB,Money Market,827.15,Y
512,Deposit,NIDDA,Checking,4561.53,Y
512,Deposit,IBB,Savings,2257.49,Y
512,Credit,N/A,Credit Card,2798.22,Y
512,Loan,N/A,Home Loan,343221.33,Y
513,Deposit,IBB,CD Long Term,21742.69,Y
513,Deposit,NIDDA,Checking,6587.38,Y
513,Deposit,IBB,Savings,38154.94,Y
514,Deposit,NIDDA,Checking,11390.01,Y
514,Deposit,IBB,Savings,16985.4,Y
514,Loan,N/A,Home Loan,345577.48,Y
515,Deposit,IBB,CD Short Term,2986.19,Y
515,Deposit,IBB,Money Market,16334.35,Y
515,Deposit,NIDDA,Checking,10311.23,Y
515,Deposit,IBB,Savings,1765.14,Y
516,Deposit,NIDDA,Checking,18520.98,Y
516,Deposit,IBB,Savings,4738.74,Y
516,Credit,N/A,Credit Card,2297.85,Y
516,Loan,N/A,Home Loan,727832.34,Y
516,Loan,N/A,Auto Loan,43237.8,Y
516,Loan,N/A,Personal Loan,26451.7,Y
517,Deposit,IBB,Money Market,30167.13,Y
517,Deposit,NIDDA,Checking,10591.84,Y
517,Loan,N/A,Home Loan,153567.48,Y
517,Loan,N/A,Personal Loan,33844.11,Y
518,Deposit,IBB,Money Market,4425.22,Y
518,Deposit,NIDDA,Checking,10838.94,Y
518,Deposit,IBB,Savings,3679.06,Y
518,Credit,N/A,Credit Card,4916.45,Y
519,Deposit,IBB,CD Long Term,38228.3,Y
519,Deposit,NIDDA,Checking,8795.42,Y
519,Deposit,IBB,Savings,9760.17,Y
519,Loan,N/A,Home Loan,436280.66,Y
519,Loan,N/A,Auto Loan,20185.74,Y
519,Loan,N/A,Personal Loan,15313.47,Y
520,Deposit,NIDDA,Checking,10415.17,Y
520,Deposit,IBB,Savings,34864.21,Y
520,Credit,N/A,Credit Card,512.49,Y
520,Loan,N/A,Home Loan,574432.6,Y
521,Deposit,IBB,CD Short Term,28493.59,Y
521,Deposit,NIDDA,Checking,5307.36,Y
521,Deposit,IBB,Savings,20924.64,Y
521,Credit,N/A,Credit Card,1065.38,Y
521,Loan,N/A,Home Loan,602575.97,Y
521,Loan,N/A,Auto Loan,17523.43,Y
522,Deposit,IBB,Money Market,47205.36,Y
522,Deposit,NIDDA,Checking,7755.18,Y
522,Deposit,IBB,Savings,123778.65,Y
522,Credit,N/A,Credit Card,3143.36,Y
523,Deposit,IBB,CD Short Term,20741.39,Y
523,Deposit,NIDDA,Checking,4519.54,Y
523,Credit,N/A,Credit Card,2135.25,Y
523,Loan,N/A,Home Loan,312325.42,Y
524,Deposit,NIDDA,Checking,8461.04,Y
524,Deposit,IBB,Savings,18712.53,Y
524,Loan,N/A,Personal Loan,13699.4,Y
525,Deposit,IBB,CD Long Term,26768.97,Y
525,Deposit,IBB,Money Market,48667.96,Y
525,Deposit,NIDDA,Checking,10152.03,Y
525,Loan,N/A,Home Loan,1034692.69,Y
526,Deposit,NIDDA,Checking,8083.5,Y
526,Deposit,IBB,Savings,3923.78,Y
527,Deposit,NIDDA,Checking,3557.13,Y
527,Deposit,IBB,Savings,46864.24,Y
528,Deposit,IBB,CD Short Term,60750.16,Y
528,Deposit,IBB,Money Market,19568.73,Y
528,Deposit,NIDDA,Checking,4872.96,Y
528,Deposit,IBB,Savings,4420.57,Y
528,Loan,N/A,Home Loan,516149.77,Y
529,Deposit,IBB,Money Market,11353.54,Y
529,Deposit,NIDDA,Checking,6346.29,Y
529,Deposit,IBB,Savings,1699.3,Y
530,Deposit,IBB,Money Market,18566.58,Y
530,Deposit,NIDDA,Checking,1499.36,Y
531,Deposit,IBB,CD Short Term,10660.76,Y
531,Deposit,NIDDA,Checking,8471.14,Y
531,Deposit,IBB,Savings,22298.75,Y
531,Credit,N/A,Credit Card,1659.64,Y
532,Deposit,IBB,Money Market,34636.1,Y
532,Deposit,NIDDA,Checking,1244.98,Y
532,Deposit,IBB,Savings,4455.63,Y
532,Credit,N/A,Credit Card,2613.39,Y
533,Deposit,IBB,CD Long Term,51857.84,Y
533,Deposit,IBB,Money Market,2666.31,Y
533,Deposit,NIDDA,Checking,3400.21,Y
533,Deposit,IBB,Savings,2701.27,Y
533,Credit,N/A,Credit Card,7188.75,Y
534,Deposit,NIDDA,Checking,3652.96,Y
534,Deposit,IBB,Savings,12588.09,Y
534,Credit,N/A,Credit Card,1227.14,Y
534,Loan,N/A,Auto Loan,20048.78,Y
534,Loan,N/A,Personal Loan,13944.2,Y
535,Deposit,IBB,CD Short Term,132699.89,Y
535,Deposit,IBB,Money Market,13267.57,Y
535,Deposit,NIDDA,Checking,1967.53,Y
535,Deposit,IBB,Savings,24803.44,Y
536,Deposit,NIDDA,Checking,3386.98,Y
536,Credit,N/A,Credit Card,4322.02,Y
536,Loan,N/A,Personal Loan,17732.49,Y
537,Deposit,IBB,CD Short Term,33312.96,Y
537,Deposit,NIDDA,Checking,5210.55,Y
537,Deposit,IBB,Savings,5777.69,Y
538,Deposit,IBB,CD Short Term,47492.54,Y
538,Deposit,IBB,Money Market,4986.56,Y
538,Deposit,NIDDA,Checking,4949.19,Y
538,Deposit,IBB,Savings,8910.48,Y
538,Credit,N/A,Credit Card,1663.87,Y
539,Deposit,IBB,Money Market,18408.37,Y
539,Deposit,NIDDA,Checking,2978.26,Y
539,Deposit,IBB,Savings,3701.78,Y
539,Credit,N/A,Credit Card,2646.58,Y
539,Loan,N/A,Home Loan,637965.39,Y
540,Deposit,NIDDA,Checking,2024.47,Y
541,Deposit,IBB,CD Long Term,12420.04,Y
541,Deposit,NIDDA,Checking,4126.78,Y
541,Deposit,IBB,Savings,10273.46,Y
541,Credit,N/A,Credit Card,2585.16,Y
541,Loan,N/A,Home Loan,479155.03,Y
541,Loan,N/A,Personal Loan,12997.96,Y
542,Deposit,IBB,CD Long Term,16907.99,Y
542,Deposit,NIDDA,Checking,965.45,Y
542,Deposit,IBB,CD Short Term,11117.57,Y
542,Deposit,IBB,Money Market,4835.19,Y
542,Deposit,IBB,Savings,7179.0,Y
542,Credit,N/A,Credit Card,274.39,Y
542,Loan,N/A,Home Loan,282773.63,Y
543,Deposit,IBB,CD Long Term,9686.5,Y
543,Deposit,NIDDA,Checking,6893.3,Y
543,Deposit,IBB,CD Short Term,27164.86,Y
543,Deposit,IBB,Money Market,6872.0,Y
543,Deposit,IBB,Savings,36202.01,Y
543,Credit,N/A,Credit Card,4707.93,Y
543,Loan,N/A,Personal Loan,9648.45,Y
544,Deposit,IBB,CD Short Term,30393.29,Y
544,Deposit,IBB,Money Market,20247.94,Y
544,Deposit,NIDDA,Checking,2697.17,Y
544,Deposit,IBB,Savings,10044.95,Y
544,Credit,N/A,Credit Card,310.62,Y
545,Deposit,IBB,CD Short Term,32974.94,Y
545,Deposit,IBB,Money Market,4456.37,Y
545,Deposit,NIDDA,Checking,5074.17,Y
545,Deposit,IBB,Savings,5664.4,Y
545,Loan,N/A,Home Loan,514391.1,Y
545,Loan,N/A,Auto Loan,67810.55,Y
545,Loan,N/A,Personal Loan,23317.41,Y
546,Deposit,NIDDA,Checking,9306.02,Y
546,Credit,N/A,Credit Card,406.27,Y
546,Loan,N/A,Home Loan,717289.35,Y
547,Deposit,IBB,CD Short Term,19360.13,Y
547,Deposit,NIDDA,Checking,2603.86,Y
547,Credit,N/A,Credit Card,926.79,Y
547,Loan,N/A,Auto Loan,34904.41,Y
548,Deposit,IBB,CD Short Term,14864.89,Y
548,Deposit,NIDDA,Checking,2500.0,Y
548,Deposit,IBB,Savings,9638.52,Y
548,Loan,N/A,Auto Loan,17038.32,Y
549,Deposit,IBB,CD Long Term,28092.26,Y
549,Deposit,IBB,Money Market,11813.08,Y
549,Deposit,NIDDA,Checking,3588.49,Y
549,Deposit,IBB,Savings,2472.0,Y
549,Credit,N/A,Credit Card,5897.35,Y
550,Deposit,IBB,CD Long Term,43567.46,Y
550,Deposit,NIDDA,Checking,1821.73,Y
550,Deposit,IBB,Savings,22768.17,Y
550,Credit,N/A,Credit Card,20494.9,Y
550,Loan,N/A,Auto Loan,20178.92,Y
551,Deposit,IBB,CD Short Term,1197.69,Y
551,Deposit,IBB,Money Market,143112.94,Y
551,Deposit,NIDDA,Checking,2084.05,Y
551,Deposit,IBB,Savings,28046.85,Y
552,Deposit,NIDDA,Checking,4052.12,Y
552,Loan,N/A,Auto Loan,55334.76,Y
553,Deposit,IBB,CD Short Term,28070.94,Y
553,Deposit,IBB,Money Market,10203.49,Y
553,Deposit,NIDDA,Checking,1316.07,Y
553,Deposit,IBB,Savings,32499.8,Y
554,Deposit,IBB,CD Short Term,2427.49,Y
554,Deposit,IBB,Money Market,4260.5,Y
554,Deposit,NIDDA,Checking,4814.17,Y
554,Deposit,IBB,Savings,9087.91,Y
554,Credit,N/A,Credit Card,865.57,Y
554,Loan,N/A,Home Loan,203147.71,Y
554,Loan,N/A,Auto Loan,27803.23,Y
555,Deposit,IBB,CD Short Term,6743.43,Y
555,Deposit,NIDDA,Checking,10825.46,Y
555,Loan,N/A,Auto Loan,9606.19,Y
556,Deposit,NIDDA,Checking,1198.37,Y
556,Deposit,IBB,Savings,21460.12,Y
556,Loan,N/A,Auto Loan,38460.47,Y
557,Deposit,IBB,CD Long Term,63843.78,Y
557,Deposit,NIDDA,Checking,21937.61,Y
557,Deposit,IBB,Savings,2202.84,Y
557,Credit,N/A,Credit Card,1600.47,Y
557,Loan,N/A,Auto Loan,89152.54,Y
558,Deposit,NIDDA,Checking,7350.07,Y
558,Deposit,IBB,Savings,1295.06,Y
558,Credit,N/A,Credit Card,1877.46,Y
558,Loan,N/A,Auto Loan,8880.2,Y
559,Deposit,IBB,CD Short Term,6199.67,Y
559,Deposit,NIDDA,Checking,2573.43,Y
559,Deposit,IBB,Savings,17397.17,Y
560,Deposit,IBB,CD Long Term,40961.68,Y
560,Deposit,NIDDA,Checking,13232.17,Y
560,Deposit,IBB,Savings,3199.88,Y
561,Deposit,IBB,CD Long Term,10695.0,Y
561,Deposit,IBB,Money Market,15800.95,Y
561,Deposit,NIDDA,Checking,2147.11,Y
561,Deposit,IBB,Savings,6552.35,Y
561,Credit,N/A,Credit Card,557.56,Y
562,Deposit,IBB,Money Market,27680.26,Y
562,Deposit,NIDDA,Checking,9033.35,Y
562,Deposit,IBB,Savings,2882.86,Y
563,Deposit,NIDDA,Checking,1856.39,Y
563,Deposit,IBB,Savings,8195.99,Y
564,Deposit,IBB,CD Short Term,11740.55,Y
564,Deposit,NIDDA,Checking,4526.54,Y
564,Deposit,IBB,Savings,7083.1,Y
564,Credit,N/A,Credit Card,2748.04,Y
565,Deposit,IBB,CD Short Term,53850.67,Y
565,Deposit,NIDDA,Checking,3361.21,Y
565,Deposit,IBB,Savings,26268.99,Y
565,Credit,N/A,Credit Card,3342.45,Y
566,Deposit,NIDDA,Checking,1632.04,Y
566,Deposit,IBB,Savings,30377.28,Y
566,Loan,N/A,Auto Loan,26335.2,Y
567,Deposit,IBB,CD Short Term,15525.78,Y
567,Deposit,NIDDA,Checking,16536.97,Y
567,Deposit,IBB,Savings,4737.61,Y
567,Credit,N/A,Credit Card,13920.52,Y
567,Loan,N/A,Auto Loan,52308.57,Y
568,Deposit,IBB,CD Short Term,3212.1,Y
568,Deposit,IBB,Money Market,32542.55,Y
568,Deposit,NIDDA,Checking,22034.1,Y
568,Deposit,IBB,Savings,2299.42,Y
568,Credit,N/A,Credit Card,3409.36,Y
568,Loan,N/A,Home Loan,178654.16,Y
568,Loan,N/A,Personal Loan,6070.2,Y
569,Deposit,IBB,Money Market,4650.05,Y
569,Deposit,NIDDA,Checking,4138.4,Y
569,Loan,N/A,Auto Loan,18167.03,Y
570,Deposit,NIDDA,Checking,4390.74,Y
570,Deposit,IBB,Savings,4257.26,Y
570,Credit,N/A,Credit Card,4376.18,Y
571,Deposit,IBB,CD Short Term,5649.52,Y
571,Deposit,NIDDA,Checking,1841.02,Y
571,Deposit,IBB,Savings,19457.98,Y
571,Credit,N/A,Credit Card,2572.39,Y
571,Loan,N/A,Personal Loan,12979.97,Y
572,Deposit,NIDDA,Checking,8511.27,Y
572,Deposit,IBB,Savings,87498.56,Y
572,Credit,N/A,Credit Card,1445.39,Y
573,Deposit,IBB,Money Market,43542.0,Y
573,Deposit,NIDDA,Checking,8043.64,Y
573,Deposit,IBB,Savings,82605.8,Y
573,Credit,N/A,Credit Card,13015.67,Y
574,Deposit,NIDDA,Checking,956.66,Y
574,Deposit,IBB,Savings,82861.93,Y
574,Loan,N/A,Auto Loan,36421.88,Y
574,Loan,N/A,Personal Loan,21654.98,Y
575,Deposit,IBB,CD Short Term,48503.71,Y
575,Deposit,IBB,Money Market,6994.42,Y
575,Deposit,NIDDA,Checking,9502.35,Y
575,Deposit,IBB,Savings,24375.13,Y
575,Loan,N/A,Home Loan,269068.17,Y
576,Deposit,IBB,CD Short Term,9399.84,Y
576,Deposit,IBB,Money Market,14591.16,Y
576,Deposit,NIDDA,Checking,26883.34,Y
576,Loan,N/A,Home Loan,226946.12,Y
577,Deposit,NIDDA,Checking,4202.1,Y
577,Credit,N/A,Credit Card,3562.92,Y
578,Deposit,IBB,Money Market,6772.17,Y
578,Deposit,NIDDA,Checking,6317.78,Y
578,Deposit,IBB,Savings,7960.38,Y
579,Deposit,IBB,CD Short Term,4293.7,Y
579,Deposit,NIDDA,Checking,5848.51,Y
579,Deposit,IBB,Savings,3166.06,Y
579,Loan,N/A,Home Loan,452929.02,Y
579,Loan,N/A,Personal Loan,20837.05,Y
580,Deposit,NIDDA,Checking,7721.99,Y
580,Deposit,IBB,Savings,5408.75,Y
580,Loan,N/A,Auto Loan,31873.08,Y
581,Deposit,IBB,Money Market,6736.06,Y
581,Deposit,NIDDA,Checking,5347.59,Y
581,Deposit,IBB,Savings,8816.3,Y
581,Credit,N/A,Credit Card,8254.28,Y
582,Deposit,NIDDA,Checking,12081.93,Y
582,Credit,N/A,Credit Card,1073.95,Y
582,Loan,N/A,Auto Loan,42093.0,Y
582,Loan,N/A,Personal Loan,31648.59,Y
583,Deposit,NIDDA,Checking,1417.69,Y
583,Deposit,IBB,Savings,18386.88,Y
583,Credit,N/A,Credit Card,608.74,Y
584,Deposit,IBB,CD Short Term,5379.07,Y
584,Deposit,IBB,Money Market,29643.54,Y
584,Deposit,NIDDA,Checking,6340.12,Y
584,Credit,N/A,Credit Card,12852.06,Y
585,Deposit,IBB,CD Short Term,17826.79,Y
585,Deposit,NIDDA,Checking,12310.09,Y
585,Credit,N/A,Credit Card,3978.01,Y
585,Loan,N/A,Personal Loan,31753.34,Y
586,Deposit,IBB,CD Short Term,26159.2,Y
586,Deposit,IBB,Money Market,14380.81,Y
586,Deposit,NIDDA,Checking,11261.76,Y
586,Deposit,IBB,Savings,10750.0,Y
586,Credit,N/A,Credit Card,5723.6,Y
586,Loan,N/A,Home Loan,575829.78,Y
587,Deposit,IBB,CD Long Term,22498.58,Y
587,Deposit,NIDDA,Checking,4892.88,Y
587,Deposit,IBB,Savings,7835.92,Y
587,Credit,N/A,Credit Card,613.96,Y
588,Deposit,IBB,Money Market,10555.38,Y
588,Deposit,NIDDA,Checking,3435.97,Y
588,Credit,N/A,Credit Card,1598.77,Y
588,Loan,N/A,Home Loan,569444.17,Y
589,Deposit,IBB,Money Market,8273.92,Y
589,Deposit,NIDDA,Checking,19066.17,Y
589,Deposit,IBB,Savings,3568.19,Y
589,Loan,N/A,Home Loan,636765.92,Y
590,Deposit,IBB,Money Market,7941.48,Y
590,Deposit,NIDDA,Checking,13358.12,Y
590,Deposit,IBB,Savings,8929.86,Y
590,Credit,N/A,Credit Card,3220.42,Y
590,Loan,N/A,Auto Loan,14168.26,Y
591,Deposit,IBB,Money Market,10718.13,Y
591,Deposit,NIDDA,Checking,3383.73,Y
591,Deposit,IBB,Savings,3555.52,Y
591,Credit,N/A,Credit Card,2446.26,Y
592,Deposit,IBB,CD Long Term,66904.56,Y
592,Deposit,NIDDA,Checking,23623.93,Y
592,Deposit,IBB,CD Short Term,11155.02,Y
592,Deposit,IBB,Money Market,17208.57,Y
592,Deposit,IBB,Savings,26245.11,Y
592,Credit,N/A,Credit Card,7052.12,Y
592,Loan,N/A,Home Loan,968773.34,Y
593,Deposit,IBB,CD Short Term,5141.56,Y
593,Deposit,IBB,Money Market,20758.31,Y
593,Deposit,NIDDA,Checking,4896.96,Y
593,Loan,N/A,Home Loan,871474.61,Y
593,Loan,N/A,Auto Loan,20954.55,Y
594,Deposit,IBB,Money Market,5904.64,Y
594,Deposit,NIDDA,Checking,947.72,Y
594,Deposit,IBB,Savings,10264.19,Y
594,Credit,N/A,Credit Card,3377.63,Y
594,Loan,N/A,Auto Loan,25389.39,Y
595,Deposit,IBB,Money Market,20800.11,Y
595,Deposit,NIDDA,Checking,2869.32,Y
595,Credit,N/A,Credit Card,930.2,Y
595,Loan,N/A,Home Loan,479147.08,Y
596,Deposit,NIDDA,Checking,4455.0,Y
596,Deposit,IBB,Savings,15025.38,Y
597,Deposit,IBB,Money Market,7818.04,Y
597,Deposit,NIDDA,Checking,3151.12,Y
597,Deposit,IBB,Savings,25975.92,Y
597,Loan,N/A,Auto Loan,37859.11,Y
598,Deposit,NIDDA,Checking,4257.13,Y
598,Deposit,IBB,Savings,21041.36,Y
598,Credit,N/A,Credit Card,561.66,Y
598,Loan,N/A,Home Loan,563358.57,Y
598,Loan,N/A,Auto Loan,14503.94,Y
599,Deposit,IBB,CD Long Term,7914.74,Y
599,Deposit,IBB,CD Short Term,16027.0,Y
599,Deposit,IBB,Money Market,11111.2,Y
599,Deposit,NIDDA,Checking,1544.81,Y
599,Loan,N/A,Auto Loan,26246.29,Y
600,Deposit,IBB,CD Short Term,3218.75,Y
600,Deposit,NIDDA,Checking,2048.88,Y
600,Deposit,IBB,Savings,3880.28,Y
600,Credit,N/A,Credit Card,7356.57,Y
601,Deposit,IBB,CD Long Term,24223.54,Y
601,Deposit,IBB,Money Market,8489.98,Y
601,Deposit,NIDDA,Checking,2354.96,Y
601,Deposit,IBB,Savings,1105.86,Y
601,Credit,N/A,Credit Card,364.37,Y
601,Loan,N/A,Home Loan,280586.67,Y
601,Loan,N/A,Personal Loan,41551.22,Y
602,Deposit,IBB,Money Market,21242.52,Y
602,Deposit,NIDDA,Checking,4450.04,Y
602,Deposit,IBB,Savings,8677.75,Y
603,Deposit,IBB,CD Short Term,24910.95,Y
603,Deposit,IBB,Money Market,62605.34,Y
603,Deposit,NIDDA,Checking,4735.06,Y
603,Deposit,IBB,Savings,7678.55,Y
603,Credit,N/A,Credit Card,3195.25,Y
604,Deposit,IBB,CD Short Term,11111.7,Y
604,Deposit,IBB,Money Market,42404.37,Y
604,Deposit,NIDDA,Checking,3962.11,Y
604,Credit,N/A,Credit Card,2542.95,Y
604,Loan,N/A,Auto Loan,62629.26,Y
605,Deposit,IBB,CD Long Term,5497.28,Y
605,Deposit,NIDDA,Checking,30641.29,Y
606,Deposit,IBB,CD Long Term,10885.37,Y
606,Deposit,IBB,CD Short Term,11616.87,Y
606,Deposit,NIDDA,Checking,2361.91,Y
606,Credit,N/A,Credit Card,234.97,Y
606,Loan,N/A,Personal Loan,12215.51,Y
607,Deposit,IBB,CD Short Term,7217.0,Y
607,Deposit,IBB,Money Market,19985.97,Y
607,Deposit,NIDDA,Checking,10142.1,Y
607,Deposit,IBB,Savings,58054.84,Y
608,Deposit,IBB,CD Short Term,14296.63,Y
608,Deposit,IBB,Money Market,4246.83,Y
608,Deposit,NIDDA,Checking,6404.17,Y
608,Deposit,IBB,Savings,9609.57,Y
608,Credit,N/A,Credit Card,3085.69,Y
608,Loan,N/A,Auto Loan,40576.07,Y
609,Deposit,IBB,Money Market,12315.06,Y
609,Deposit,NIDDA,Checking,10297.48,Y
609,Deposit,IBB,Savings,19677.08,Y
609,Loan,N/A,Home Loan,351124.5,Y
610,Deposit,IBB,CD Short Term,11876.39,Y
610,Deposit,IBB,Money Market,61219.6,Y
610,Deposit,NIDDA,Checking,690.17,Y
610,Loan,N/A,Home Loan,484574.2,Y
610,Loan,N/A,Personal Loan,11514.13,Y
611,Deposit,NIDDA,Checking,2167.46,Y
611,Deposit,IBB,Savings,8669.13,Y
611,Credit,N/A,Credit Card,1177.93,Y
612,Deposit,IBB,CD Long Term,15954.11,Y
612,Deposit,NIDDA,Checking,17058.37,Y
612,Deposit,IBB,CD Short Term,8639.05,Y
612,Deposit,IBB,Money Market,7401.16,Y
612,Deposit,IBB,Savings,9582.88,Y
613,Deposit,IBB,Money Market,35997.3,Y
613,Deposit,NIDDA,Checking,632.26,Y
613,Deposit,IBB,Savings,35840.91,Y
613,Credit,N/A,Credit Card,1486.84,Y
613,Loan,N/A,Home Loan,350047.3,Y
614,Deposit,IBB,CD Short Term,91095.0,Y
614,Deposit,NIDDA,Checking,3600.53,Y
614,Deposit,IBB,Savings,6307.83,Y
614,Loan,N/A,Auto Loan,27858.07,Y
615,Deposit,NIDDA,Checking,3176.75,Y
615,Deposit,IBB,Savings,1317.89,Y
615,Loan,N/A,Personal Loan,12498.68,Y
616,Deposit,NIDDA,Checking,2517.63,Y
616,Credit,N/A,Credit Card,854.97,Y
616,Loan,N/A,Auto Loan,38824.27,Y
617,Deposit,IBB,CD Short Term,11083.07,Y
617,Deposit,NIDDA,Checking,3448.79,Y
617,Deposit,IBB,Savings,28811.93,Y
617,Credit,N/A,Credit Card,3754.91,Y
618,Deposit,NIDDA,Checking,14143.76,Y
618,Deposit,IBB,Savings,11005.61,Y
619,Deposit,IBB,Money Market,3741.72,Y
619,Deposit,NIDDA,Checking,1715.55,Y
619,Deposit,IBB,Savings,27575.43,Y
620,Deposit,IBB,CD Long Term,23909.0,Y
620,Deposit,NIDDA,Checking,22437.09,Y
620,Deposit,IBB,CD Short Term,18441.82,Y
620,Deposit,IBB,Money Market,8877.81,Y
620,Deposit,IBB,Savings,9776.23,Y
621,Deposit,IBB,CD Short Term,14671.42,Y
621,Deposit,IBB,Money Market,2561.9,Y
621,Deposit,NIDDA,Checking,3899.27,Y
621,Deposit,IBB,Savings,20681.98,Y
621,Credit,N/A,Credit Card,3235.25,Y
622,Deposit,NIDDA,Checking,13143.7,Y
622,Deposit,IBB,Savings,16605.12,Y
622,Loan,N/A,Home Loan,308541.47,Y
623,Deposit,IBB,CD Long Term,58995.23,Y
623,Deposit,IBB,Money Market,13090.37,Y
623,Deposit,NIDDA,Checking,15004.07,Y
623,Credit,N/A,Credit Card,3046.66,Y
623,Loan,N/A,Home Loan,643345.83,Y
623,Loan,N/A,Auto Loan,39612.18,Y
624,Deposit,IBB,CD Short Term,6195.85,Y
624,Deposit,IBB,Money Market,13818.42,Y
624,Deposit,NIDDA,Checking,1578.82,Y
624,Deposit,IBB,Savings,10508.95,Y
624,Credit,N/A,Credit Card,7993.82,Y
625,Deposit,NIDDA,Checking,2963.74,Y
625,Deposit,IBB,Savings,2199.4,Y
626,Deposit,IBB,Money Market,8854.64,Y
626,Deposit,NIDDA,Checking,32380.79,Y
626,Deposit,IBB,Savings,8348.71,Y
626,Credit,N/A,Credit Card,3746.39,Y
627,Deposit,IBB,Money Market,12000.78,Y
627,Deposit,NIDDA,Checking,6159.69,Y
627,Deposit,IBB,Savings,4635.14,Y
627,Credit,N/A,Credit Card,711.74,Y
628,Deposit,IBB,CD Long Term,26281.39,Y
628,Deposit,NIDDA,Checking,13621.01,Y
628,Deposit,IBB,Savings,20425.62,Y
628,Credit,N/A,Credit Card,1178.7,Y
628,Loan,N/A,Personal Loan,94723.09,Y
629,Deposit,IBB,CD Long Term,49102.17,Y
629,Deposit,IBB,Money Market,4452.41,Y
629,Deposit,NIDDA,Checking,3491.87,Y
629,Loan,N/A,Auto Loan,31529.23,Y
630,Deposit,IBB,CD Long Term,89812.81,Y
630,Deposit,NIDDA,Checking,10173.16,Y
630,Deposit,IBB,CD Short Term,5315.52,Y
630,Deposit,IBB,Money Market,12729.17,Y
630,Deposit,IBB,Savings,35524.93,Y
630,Loan,N/A,Personal Loan,9579.61,Y
631,Deposit,IBB,CD Short Term,37872.07,Y
631,Deposit,NIDDA,Checking,8048.29,Y
631,Deposit,IBB,Savings,9521.76,Y
631,Credit,N/A,Credit Card,509.32,Y
632,Deposit,IBB,Money Market,7736.08,Y
632,Deposit,NIDDA,Checking,13109.52,Y
633,Deposit,IBB,Money Market,27581.89,Y
633,Deposit,NIDDA,Checking,3921.62,Y
633,Deposit,IBB,Savings,2012.22,Y
633,Credit,N/A,Credit Card,8356.96,Y
633,Loan,N/A,Personal Loan,13238.82,Y
634,Deposit,NIDDA,Checking,9749.79,Y
634,Deposit,IBB,Savings,20869.37,Y
634,Credit,N/A,Credit Card,2151.96,Y
635,Deposit,IBB,CD Short Term,6776.4,Y
635,Deposit,IBB,Money Market,2453.17,Y
635,Deposit,NIDDA,Checking,4458.6,Y
635,Deposit,IBB,Savings,18612.99,Y
635,Credit,N/A,Credit Card,1468.88,Y
635,Loan,N/A,Personal Loan,16850.88,Y
636,Deposit,IBB,CD Long Term,42476.22,Y
636,Deposit,NIDDA,Checking,18469.57,Y
636,Deposit,IBB,Savings,36492.8,Y
636,Credit,N/A,Credit Card,3478.84,Y
637,Deposit,IBB,CD Short Term,33509.27,Y
637,Deposit,IBB,Money Market,8877.33,Y
637,Deposit,NIDDA,Checking,5886.11,Y
638,Deposit,IBB,CD Short Term,12171.82,Y
638,Deposit,NIDDA,Checking,7402.25,Y
639,Deposit,IBB,CD Short Term,25033.73,Y
639,Deposit,IBB,Money Market,8993.26,Y
639,Deposit,NIDDA,Checking,10631.98,Y
639,Deposit,IBB,Savings,22369.7,Y
639,Credit,N/A,Credit Card,3463.96,Y
640,Deposit,IBB,Money Market,15709.37,Y
640,Deposit,NIDDA,Checking,5907.39,Y
640,Deposit,IBB,Savings,7719.21,Y
640,Credit,N/A,Credit Card,1871.26,Y
641,Deposit,IBB,CD Long Term,11624.21,Y
641,Deposit,IBB,CD Short Term,19968.9,Y
641,Deposit,IBB,Money Market,7509.06,Y
641,Deposit,NIDDA,Checking,9200.13,Y
641,Loan,N/A,Home Loan,98054.44,Y
641,Loan,N/A,Personal Loan,15673.1,Y
642,Deposit,IBB,CD Short Term,1277.54,Y
642,Deposit,IBB,Money Market,36857.74,Y
642,Deposit,NIDDA,Checking,26197.48,Y
642,Deposit,IBB,Savings,4196.08,Y
642,Credit,N/A,Credit Card,2642.59,Y
643,Deposit,IBB,CD Short Term,12216.56,Y
643,Deposit,IBB,Money Market,20381.23,Y
643,Deposit,NIDDA,Checking,6802.04,Y
643,Deposit,IBB,Savings,9612.22,Y
643,Credit,N/A,Credit Card,1914.33,Y
644,Deposit,IBB,Money Market,22006.85,Y
644,Deposit,NIDDA,Checking,11172.36,Y
645,Deposit,IBB,Money Market,12921.27,Y
645,Deposit,NIDDA,Checking,7313.43,Y
645,Deposit,IBB,Savings,11040.21,Y
645,Credit,N/A,Credit Card,3873.38,Y
645,Loan,N/A,Personal Loan,13357.71,Y
646,Deposit,IBB,CD Long Term,51125.34,Y
646,Deposit,IBB,Money Market,25996.13,Y
646,Deposit,NIDDA,Checking,3064.93,Y
646,Deposit,IBB,Savings,9753.37,Y
646,Loan,N/A,Home Loan,452087.91,Y
647,Deposit,NIDDA,Checking,1635.81,Y
647,Deposit,IBB,Savings,24687.19,Y
647,Credit,N/A,Credit Card,3047.65,Y
647,Loan,N/A,Auto Loan,11930.91,Y
648,Deposit,NIDDA,Checking,4960.79,Y
648,Deposit,IBB,Savings,11184.59,Y
648,Credit,N/A,Credit Card,7925.33,Y
648,Loan,N/A,Home Loan,562666.63,Y
649,Deposit,NIDDA,Checking,2062.08,Y
649,Deposit,IBB,Savings,1844.24,Y
649,Loan,N/A,Auto Loan,15929.51,Y
650,Deposit,NIDDA,Checking,683.82,Y
650,Deposit,IBB,Savings,42535.96,Y
650,Credit,N/A,Credit Card,3061.04,Y
650,Loan,N/A,Home Loan,336870.26,Y
650,Loan,N/A,Auto Loan,18645.7,Y
650,Loan,N/A,Personal Loan,5888.15,Y
651,Deposit,IBB,CD Long Term,12230.51,Y
651,Deposit,IBB,Money Market,40985.9,Y
651,Deposit,NIDDA,Checking,971.81,Y
651,Deposit,IBB,Savings,39211.62,Y
651,Loan,N/A,Home Loan,556535.15,Y
651,Loan,N/A,Personal Loan,20223.64,Y
652,Deposit,IBB,CD Short Term,10193.93,Y
652,Deposit,NIDDA,Checking,5294.24,Y
653,Deposit,NIDDA,Checking,3356.47,Y
653,Credit,N/A,Credit Card,8659.96,Y
653,Loan,N/A,Home Loan,637533.15,Y
654,Deposit,IBB,Money Market,10231.35,Y
654,Deposit,NIDDA,Checking,1927.4,Y
654,Credit,N/A,Credit Card,577.28,Y
654,Loan,N/A,Home Loan,363223.91,Y
654,Loan,N/A,Personal Loan,22947.96,Y
655,Deposit,IBB,CD Long Term,20437.58,Y
655,Deposit,IBB,CD Short Term,4969.5,Y
655,Deposit,NIDDA,Checking,18313.0,Y
655,Deposit,IBB,Savings,7787.0,Y
655,Credit,N/A,Credit Card,2784.39,Y
656,Deposit,NIDDA,Checking,35747.91,Y
656,Deposit,IBB,Savings,8869.23,Y
657,Deposit,IBB,CD Short Term,12313.93,Y
657,Deposit,NIDDA,Checking,5527.36,Y
657,Deposit,IBB,Savings,33372.68,Y
657,Credit,N/A,Credit Card,2304.02,Y
657,Loan,N/A,Personal Loan,153783.41,Y
658,Deposit,IBB,Money Market,8731.25,Y
658,Deposit,NIDDA,Checking,12655.68,Y
658,Credit,N/A,Credit Card,2601.55,Y
658,Loan,N/A,Home Loan,299768.13,Y
658,Loan,N/A,Auto Loan,41724.79,Y
659,Deposit,NIDDA,Checking,1480.66,Y
659,Deposit,IBB,Savings,4205.74,Y
659,Credit,N/A,Credit Card,1998.26,Y
659,Loan,N/A,Home Loan,803557.55,Y
660,Deposit,NIDDA,Checking,11638.59,Y
660,Deposit,IBB,Savings,6461.71,Y
660,Loan,N/A,Auto Loan,44300.9,Y
661,Deposit,IBB,CD Short Term,2426.93,Y
661,Deposit,IBB,Money Market,11526.05,Y
661,Deposit,NIDDA,Checking,1490.87,Y
661,Credit,N/A,Credit Card,1355.37,Y
661,Loan,N/A,Personal Loan,12503.84,Y
662,Deposit,IBB,CD Short Term,12606.64,Y
662,Deposit,IBB,Money Market,5313.14,Y
662,Deposit,NIDDA,Checking,934.06,Y
662,Deposit,IBB,Savings,16218.45,Y
662,Loan,N/A,Home Loan,658922.09,Y
663,Deposit,IBB,CD Short Term,9323.57,Y
663,Deposit,IBB,Money Market,4881.37,Y
663,Deposit,NIDDA,Checking,11239.27,Y
663,Loan,N/A,Home Loan,807915.59,Y
664,Deposit,NIDDA,Checking,6393.88,Y
664,Deposit,IBB,Savings,1146.9,Y
664,Credit,N/A,Credit Card,5370.23,Y
665,Deposit,IBB,Money Market,2022.5,Y
665,Deposit,NIDDA,Checking,1526.29,Y
665,Deposit,IBB,Savings,6211.03,Y
665,Credit,N/A,Credit Card,10089.78,Y
665,Loan,N/A,Auto Loan,37592.83,Y
666,Deposit,IBB,CD Short Term,65474.75,Y
666,Deposit,IBB,Money Market,26168.07,Y
666,Deposit,NIDDA,Checking,12383.33,Y
666,Deposit,IBB,Savings,2537.8,Y
667,Deposit,IBB,Money Market,11241.89,Y
667,Deposit,NIDDA,Checking,2390.33,Y
667,Deposit,IBB,Savings,12825.42,Y
667,Loan,N/A,Home Loan,571750.21,Y
668,Deposit,IBB,CD Long Term,23658.31,Y
668,Deposit,NIDDA,Checking,4304.53,Y
668,Deposit,IBB,CD Short Term,9235.47,Y
668,Deposit,IBB,Money Market,20157.97,Y
668,Deposit,IBB,Savings,2772.38,Y
668,Credit,N/A,Credit Card,1272.05,Y
668,Loan,N/A,Home Loan,601994.3,Y
669,Deposit,IBB,Money Market,5845.86,Y
669,Deposit,NIDDA,Checking,7217.21,Y
669,Deposit,IBB,Savings,3378.33,Y
669,Credit,N/A,Credit Card,2508.65,Y
670,Deposit,IBB,CD Short Term,8205.33,Y
670,Deposit,NIDDA,Checking,21643.44,Y
670,Deposit,IBB,Savings,4327.71,Y
670,Credit,N/A,Credit Card,1568.4,Y
670,Loan,N/A,Auto Loan,22462.4,Y
671,Deposit,IBB,CD Short Term,18540.66,Y
671,Deposit,NIDDA,Checking,3613.49,Y
671,Deposit,IBB,Savings,10408.46,Y
671,Credit,N/A,Credit Card,1231.31,Y
672,Deposit,IBB,CD Long Term,7375.46,Y
672,Deposit,NIDDA,Checking,2098.75,Y
672,Deposit,IBB,Savings,5415.36,Y
672,Credit,N/A,Credit Card,709.34,Y
672,Loan,N/A,Home Loan,1034573.37,Y
673,Deposit,IBB,Money Market,14484.39,Y
673,Deposit,NIDDA,Checking,1910.24,Y
673,Deposit,IBB,Savings,3494.78,Y
673,Credit,N/A,Credit Card,13716.44,Y
673,Loan,N/A,Auto Loan,29344.52,Y
674,Deposit,NIDDA,Checking,11326.4,Y
675,Deposit,IBB,Money Market,27144.64,Y
675,Deposit,NIDDA,Checking,1421.12,Y
675,Deposit,IBB,Savings,12666.93,Y
675,Credit,N/A,Credit Card,2681.9,Y
675,Loan,N/A,Personal Loan,34094.93,Y
676,Deposit,IBB,CD Long Term,5271.07,Y
676,Deposit,IBB,Money Market,9277.28,Y
676,Deposit,NIDDA,Checking,3535.93,Y
676,Deposit,IBB,Savings,5440.85,Y
676,Credit,N/A,Credit Card,673.3,Y
676,Loan,N/A,Home Loan,369997.22,Y
677,Deposit,IBB,CD Short Term,3883.55,Y
677,Deposit,NIDDA,Checking,3084.34,Y
677,Loan,N/A,Personal Loan,8025.55,Y
678,Deposit,IBB,CD Long Term,10771.98,Y
678,Deposit,IBB,Money Market,8579.66,Y
678,Deposit,NIDDA,Checking,7074.9,Y
678,Deposit,IBB,Savings,5863.57,Y
678,Loan,N/A,Auto Loan,21384.06,Y
678,Loan,N/A,Personal Loan,29988.51,Y
679,Deposit,IBB,CD Short Term,26051.88,Y
679,Deposit,IBB,Money Market,1499.15,Y
679,Deposit,NIDDA,Checking,13905.02,Y
679,Deposit,IBB,Savings,10557.11,Y
679,Credit,N/A,Credit Card,3583.7,Y
680,Deposit,IBB,CD Short Term,37767.74,Y
680,Deposit,NIDDA,Checking,3434.66,Y
680,Deposit,IBB,Savings,10301.13,Y
681,Deposit,NIDDA,Checking,3637.21,Y
681,Deposit,IBB,Savings,9627.47,Y
681,Credit,N/A,Credit Card,2376.5,Y
682,Deposit,IBB,CD Short Term,5437.17,Y
682,Deposit,NIDDA,Checking,11357.68,Y
682,Loan,N/A,Auto Loan,24037.1,Y
683,Deposit,IBB,CD Short Term,6132.66,Y
683,Deposit,IBB,Money Market,18913.96,Y
683,Deposit,NIDDA,Checking,21983.33,Y
683,Deposit,IBB,Savings,4153.97,Y
683,Credit,N/A,Credit Card,1117.25,Y
684,Deposit,IBB,Money Market,62444.46,Y
684,Deposit,NIDDA,Checking,2451.33,Y
684,Deposit,IBB,Savings,16287.42,Y
684,Credit,N/A,Credit Card,304.93,Y
684,Loan,N/A,Home Loan,381991.88,Y
685,Deposit,IBB,CD Long Term,26730.86,Y
685,Deposit,NIDDA,Checking,11505.61,Y
685,Deposit,IBB,CD Short Term,6355.08,Y
685,Deposit,IBB,Money Market,7524.36,Y
685,Deposit,IBB,Savings,6353.35,Y
685,Credit,N/A,Credit Card,3599.29,Y
685,Loan,N/A,Home Loan,257420.18,Y
686,Deposit,NIDDA,Checking,1380.35,Y
686,Credit,N/A,Credit Card,301.81,Y
687,Deposit,IBB,Money Market,4382.69,Y
687,Deposit,NIDDA,Checking,1510.62,Y
687,Deposit,IBB,Savings,21328.58,Y
688,Deposit,IBB,CD Long Term,13374.38,Y
688,Deposit,NIDDA,Checking,3232.46,Y
688,Deposit,IBB,Savings,49111.51,Y
689,Deposit,IBB,CD Short Term,3207.39,Y
689,Deposit,IBB,Money Market,63699.24,Y
689,Deposit,NIDDA,Checking,3883.13,Y
689,Credit,N/A,Credit Card,1429.96,Y
689,Loan,N/A,Home Loan,287934.21,Y
690,Deposit,IBB,CD Short Term,21195.71,Y
690,Deposit,IBB,Money Market,51699.62,Y
690,Deposit,NIDDA,Checking,12642.22,Y
690,Deposit,IBB,Savings,3238.46,Y
691,Deposit,NIDDA,Checking,8107.26,Y
691,Deposit,IBB,Savings,2051.33,Y
691,Loan,N/A,Home Loan,601747.46,Y
692,Deposit,NIDDA,Checking,3579.75,Y
693,Deposit,IBB,CD Long Term,14618.04,Y
693,Deposit,NIDDA,Checking,971.97,Y
693,Deposit,IBB,CD Short Term,114866.86,Y
693,Deposit,IBB,Money Market,16992.84,Y
693,Deposit,IBB,Savings,9510.41,Y
693,Credit,N/A,Credit Card,1290.11,Y
693,Loan,N/A,Home Loan,584654.08,Y
693,Loan,N/A,Personal Loan,6184.09,Y
694,Deposit,IBB,Money Market,14203.38,Y
694,Deposit,NIDDA,Checking,818.43,Y
695,Deposit,IBB,CD Short Term,19824.19,Y
695,Deposit,IBB,Money Market,18195.23,Y
695,Deposit,NIDDA,Checking,1719.2,Y
695,Deposit,IBB,Savings,5842.02,Y
695,Loan,N/A,Home Loan,682067.53,Y
696,Deposit,IBB,Money Market,15197.5,Y
696,Deposit,NIDDA,Checking,12462.7,Y
696,Loan,N/A,Personal Loan,6966.44,Y
697,Deposit,NIDDA,Checking,15622.13,Y
697,Deposit,IBB,Savings,13017.62,Y
697,Credit,N/A,Credit Card,3159.29,Y
697,Loan,N/A,Personal Loan,5039.21,Y
698,Deposit,IBB,CD Short Term,10986.12,Y
698,Deposit,IBB,Money Market,43461.78,Y
698,Deposit,NIDDA,Checking,10332.84,Y
698,Deposit,IBB,Savings,10686.2,Y
698,Credit,N/A,Credit Card,7632.63,Y
699,Deposit,IBB,CD Long Term,3731.8,Y
699,Deposit,NIDDA,Checking,9016.12,Y
699,Deposit,IBB,Savings,8302.46,Y
699,Credit,N/A,Credit Card,1991.28,Y
699,Loan,N/A,Auto Loan,59693.15,Y
700,Deposit,IBB,CD Short Term,55023.93,Y
700,Deposit,IBB,Money Market,31803.23,Y
700,Deposit,NIDDA,Checking,2322.61,Y
700,Deposit,IBB,Savings,217.64,Y
700,Credit,N/A,Credit Card,4589.25,Y
701,Deposit,NIDDA,Checking,17987.31,Y
701,Loan,N/A,Home Loan,439566.28,Y
701,Loan,N/A,Auto Loan,24186.48,Y
702,Deposit,NIDDA,Checking,2787.3,Y
702,Credit,N/A,Credit Card,6592.88,Y
702,Loan,N/A,Home Loan,869594.9,Y
703,Deposit,IBB,CD Long Term,19829.81,Y
703,Deposit,IBB,Money Market,4921.93,Y
703,Deposit,NIDDA,Checking,3950.04,Y
703,Deposit,IBB,Savings,7935.42,Y
703,Credit,N/A,Credit Card,3273.5,Y
703,Loan,N/A,Home Loan,191852.49,Y
703,Loan,N/A,Auto Loan,62825.01,Y
704,Deposit,IBB,CD Short Term,6520.25,Y
704,Deposit,NIDDA,Checking,18542.94,Y
704,Deposit,IBB,Savings,7532.32,Y
704,Loan,N/A,Personal Loan,7432.91,Y
705,Deposit,IBB,CD Short Term,23359.23,Y
705,Deposit,NIDDA,Checking,3197.35,Y
705,Deposit,IBB,Savings,22881.01,Y
705,Loan,N/A,Home Loan,560217.82,Y
705,Loan,N/A,Personal Loan,39651.79,Y
706,Deposit,IBB,CD Long Term,13417.01,Y
706,Deposit,NIDDA,Checking,15454.79,Y
706,Deposit,IBB,Savings,17913.65,Y
707,Deposit,IBB,CD Long Term,16773.28,Y
707,Deposit,NIDDA,Checking,1013.44,Y
707,Deposit,IBB,CD Short Term,65118.06,Y
707,Deposit,IBB,Money Market,10006.41,Y
707,Deposit,IBB,Savings,15056.21,Y
707,Loan,N/A,Home Loan,747909.31,Y
707,Loan,N/A,Auto Loan,25967.27,Y
708,Deposit,NIDDA,Checking,8384.21,Y
708,Deposit,IBB,Savings,2353.53,Y
708,Credit,N/A,Credit Card,9840.21,Y
708,Loan,N/A,Home Loan,385944.3,Y
709,Deposit,IBB,CD Short Term,10823.93,Y
709,Deposit,IBB,Money Market,7430.93,Y
709,Deposit,NIDDA,Checking,18185.65,Y
709,Deposit,IBB,Savings,5176.66,Y
709,Credit,N/A,Credit Card,5185.28,Y
709,Loan,N/A,Home Loan,256632.93,Y
710,Deposit,NIDDA,Checking,5544.81,Y
710,Credit,N/A,Credit Card,842.92,Y
711,Deposit,NIDDA,Checking,3385.49,Y
711,Deposit,IBB,Savings,10714.42,Y
711,Credit,N/A,Credit Card,2013.22,Y
711,Loan,N/A,Auto Loan,37994.3,Y
711,Loan,N/A,Personal Loan,21584.33,Y
712,Deposit,IBB,Money Market,56817.8,Y
712,Deposit,NIDDA,Checking,4401.72,Y
712,Loan,N/A,Home Loan,191528.15,Y
713,Deposit,IBB,Money Market,9451.66,Y
713,Deposit,NIDDA,Checking,4900.57,Y
713,Credit,N/A,Credit Card,3629.37,Y
713,Loan,N/A,Home Loan,488199.47,Y
714,Deposit,IBB,CD Long Term,46160.48,Y
714,Deposit,IBB,CD Short Term,62477.09,Y
714,Deposit,NIDDA,Checking,12290.0,Y
714,Credit,N/A,Credit Card,3777.8,Y
714,Loan,N/A,Home Loan,1069782.73,Y
715,Deposit,IBB,CD Short Term,26527.24,Y
715,Deposit,IBB,Money Market,2713.07,Y
715,Deposit,NIDDA,Checking,2165.02,Y
715,Deposit,IBB,Savings,2772.75,Y
715,Credit,N/A,Credit Card,3075.46,Y
716,Deposit,IBB,CD Long Term,29035.9,Y
716,Deposit,NIDDA,Checking,3346.85,Y
716,Deposit,IBB,CD Short Term,14393.35,Y
716,Deposit,IBB,Money Market,7481.0,Y
716,Deposit,IBB,Savings,6133.92,Y
717,Deposit,IBB,CD Short Term,155602.99,Y
717,Deposit,IBB,Money Market,10778.29,Y
717,Deposit,NIDDA,Checking,10856.52,Y
717,Deposit,IBB,Savings,8021.12,Y
718,Deposit,NIDDA,Checking,6126.77,Y
718,Deposit,IBB,Savings,18904.12,Y
718,Credit,N/A,Credit Card,6051.49,Y
718,Loan,N/A,Home Loan,610751.6,Y
719,Deposit,IBB,CD Short Term,12172.04,Y
719,Deposit,NIDDA,Checking,3110.55,Y
719,Credit,N/A,Credit Card,8247.95,Y
719,Loan,N/A,Home Loan,532418.59,Y
720,Deposit,IBB,Money Market,20965.14,Y
720,Deposit,NIDDA,Checking,11141.33,Y
720,Deposit,IBB,Savings,12282.62,Y
721,Deposit,IBB,CD Long Term,14820.46,Y
721,Deposit,IBB,Money Market,5583.52,Y
721,Deposit,NIDDA,Checking,14777.51,Y
721,Credit,N/A,Credit Card,4383.15,Y
722,Deposit,NIDDA,Checking,6881.11,Y
722,Deposit,IBB,Savings,3003.55,Y
722,Loan,N/A,Auto Loan,49293.39,Y
723,Deposit,IBB,CD Short Term,9654.88,Y
723,Deposit,IBB,Money Market,13595.94,Y
723,Deposit,NIDDA,Checking,1638.6,Y
723,Deposit,IBB,Savings,1362.66,Y
723,Loan,N/A,Auto Loan,41375.27,Y
723,Loan,N/A,Personal Loan,52809.67,Y
724,Deposit,IBB,Money Market,17171.78,Y
724,Deposit,NIDDA,Checking,10659.47,Y
724,Deposit,IBB,Savings,7318.07,Y
725,Deposit,NIDDA,Checking,2914.76,Y
725,Deposit,IBB,Savings,15124.75,Y
725,Loan,N/A,Auto Loan,41593.74,Y
726,Deposit,NIDDA,Checking,71216.31,Y
726,Deposit,IBB,Savings,3883.16,Y
726,Credit,N/A,Credit Card,5913.69,Y
726,Loan,N/A,Home Loan,213295.93,Y
727,Deposit,NIDDA,Checking,20378.94,Y
727,Loan,N/A,Personal Loan,10357.61,Y
728,Deposit,IBB,CD Short Term,4151.02,Y
728,Deposit,IBB,Money Market,14562.14,Y
728,Deposit,NIDDA,Checking,8636.57,Y
728,Deposit,IBB,Savings,20520.59,Y
728,Credit,N/A,Credit Card,3368.3,Y
728,Loan,N/A,Home Loan,436969.87,Y
729,Deposit,IBB,CD Long Term,42852.18,Y
729,Deposit,IBB,Money Market,15893.67,Y
729,Deposit,NIDDA,Checking,1385.84,Y
729,Deposit,IBB,Savings,4072.27,Y
729,Credit,N/A,Credit Card,2462.2,Y
730,Deposit,IBB,CD Long Term,161011.0,Y
730,Deposit,IBB,Money Market,33335.36,Y
730,Deposit,NIDDA,Checking,1734.07,Y
730,Deposit,IBB,Savings,18842.98,Y
730,Credit,N/A,Credit Card,3605.67,Y
731,Deposit,IBB,CD Short Term,9694.38,Y
731,Deposit,IBB,Money Market,25428.88,Y
731,Deposit,NIDDA,Checking,3002.32,Y
731,Deposit,IBB,Savings,7188.82,Y
731,Loan,N/A,Home Loan,715710.59,Y
732,Deposit,IBB,CD Short Term,29655.01,Y
732,Deposit,NIDDA,Checking,2986.6,Y
732,Credit,N/A,Credit Card,7048.53,Y
732,Loan,N/A,Personal Loan,8275.07,Y
733,Deposit,IBB,CD Long Term,10186.15,Y
733,Deposit,NIDDA,Checking,19557.65,Y
733,Deposit,IBB,Savings,28794.9,Y
733,Loan,N/A,Home Loan,566644.41,Y
734,Deposit,IBB,CD Short Term,14315.14,Y
734,Deposit,IBB,Money Market,17576.06,Y
734,Deposit,NIDDA,Checking,2164.62,Y
734,Deposit,IBB,Savings,3649.06,Y
734,Credit,N/A,Credit Card,2397.87,Y
734,Loan,N/A,Personal Loan,12407.4,Y
735,Deposit,IBB,CD Short Term,1892.08,Y
735,Deposit,IBB,Money Market,22353.16,Y
735,Deposit,NIDDA,Checking,5332.61,Y
735,Deposit,IBB,Savings,13374.41,Y
736,Deposit,IBB,Money Market,38906.16,Y
736,Deposit,NIDDA,Checking,28995.55,Y
736,Deposit,IBB,Savings,1080.65,Y
736,Credit,N/A,Credit Card,2719.53,Y
737,Deposit,NIDDA,Checking,3830.0,Y
737,Deposit,IBB,Savings,5149.16,Y
738,Deposit,IBB,CD Short Term,85324.52,Y
738,Deposit,IBB,Money Market,3862.58,Y
738,Deposit,NIDDA,Checking,4273.62,Y
738,Deposit,IBB,Savings,24686.8,Y
739,Deposit,NIDDA,Checking,7110.59,Y
739,Deposit,IBB,Savings,5642.17,Y
739,Loan,N/A,Home Loan,386269.23,Y
739,Loan,N/A,Personal Loan,24736.88,Y
740,Deposit,IBB,CD Short Term,3073.42,Y
740,Deposit,IBB,Money Market,6141.13,Y
740,Deposit,NIDDA,Checking,18180.17,Y
740,Deposit,IBB,Savings,27602.67,Y
741,Deposit,IBB,CD Short Term,10657.26,Y
741,Deposit,IBB,Money Market,12835.7,Y
741,Deposit,NIDDA,Checking,7525.24,Y
741,Deposit,IBB,Savings,4823.72,Y
742,Deposit,IBB,CD Short Term,17043.85,Y
742,Deposit,NIDDA,Checking,5210.03,Y
742,Deposit,IBB,Savings,8755.64,Y
742,Credit,N/A,Credit Card,1277.85,Y
743,Deposit,IBB,CD Long Term,18292.05,Y
743,Deposit,IBB,CD Short Term,74215.76,Y
743,Deposit,NIDDA,Checking,12286.24,Y
743,Credit,N/A,Credit Card,620.72,Y
743,Loan,N/A,Auto Loan,29079.23,Y
744,Deposit,IBB,CD Long Term,17329.72,Y
744,Deposit,IBB,CD Short Term,5848.41,Y
744,Deposit,NIDDA,Checking,7282.15,Y
744,Credit,N/A,Credit Card,5783.34,Y
744,Loan,N/A,Home Loan,471587.89,Y
745,Deposit,IBB,CD Long Term,29532.48,Y
745,Deposit,IBB,Money Market,21132.22,Y
745,Deposit,NIDDA,Checking,9419.56,Y
745,Deposit,IBB,Savings,6222.32,Y
745,Credit,N/A,Credit Card,1284.55,Y
746,Deposit,IBB,CD Long Term,120423.18,Y
746,Deposit,NIDDA,Checking,4054.77,Y
746,Deposit,IBB,Savings,2325.55,Y
746,Loan,N/A,Auto Loan,12297.46,Y
747,Deposit,IBB,CD Long Term,28364.35,Y
747,Deposit,NIDDA,Checking,3163.27,Y
747,Deposit,IBB,Savings,8486.77,Y
747,Credit,N/A,Credit Card,3013.9,Y
748,Deposit,IBB,CD Long Term,10869.59,Y
748,Deposit,IBB,CD Short Term,7458.26,Y
748,Deposit,NIDDA,Checking,14491.21,Y
749,Deposit,IBB,CD Short Term,39948.23,Y
749,Deposit,NIDDA,Checking,5552.97,Y
749,Deposit,IBB,Savings,5030.48,Y
749,Loan,N/A,Home Loan,422771.34,Y
749,Loan,N/A,Auto Loan,42632.9,Y
750,Deposit,IBB,CD Short Term,22261.28,Y
750,Deposit,NIDDA,Checking,9156.0,Y
750,Deposit,IBB,Savings,15902.94,Y
750,Loan,N/A,Personal Loan,33157.04,Y
751,Deposit,IBB,Money Market,8363.55,Y
751,Deposit,NIDDA,Checking,3347.26,Y
751,Deposit,IBB,Savings,4291.33,Y
752,Deposit,IBB,CD Short Term,48204.93,Y
752,Deposit,NIDDA,Checking,3576.34,Y
752,Deposit,IBB,Savings,8915.55,Y
752,Credit,N/A,Credit Card,908.95,Y
753,Deposit,IBB,CD Short Term,49740.47,Y
753,Deposit,NIDDA,Checking,9357.9,Y
753,Loan,N/A,Home Loan,255179.35,Y
754,Deposit,IBB,CD Short Term,11049.67,Y
754,Deposit,NIDDA,Checking,7676.21,Y
754,Deposit,IBB,Savings,22850.1,Y
754,Credit,N/A,Credit Card,3746.47,Y
754,Loan,N/A,Auto Loan,21407.49,Y
755,Deposit,IBB,CD Short Term,18302.75,Y
755,Deposit,IBB,Money Market,4330.02,Y
755,Deposit,NIDDA,Checking,2574.39,Y
756,Deposit,IBB,CD Long Term,12698.76,Y
756,Deposit,NIDDA,Checking,3278.83,Y
756,Deposit,IBB,Savings,17438.08,Y
756,Credit,N/A,Credit Card,3844.35,Y
756,Loan,N/A,Home Loan,594156.57,Y
756,Loan,N/A,Auto Loan,37415.47,Y
757,Deposit,IBB,CD Long Term,14384.66,Y
757,Deposit,IBB,Money Market,3911.05,Y
757,Deposit,NIDDA,Checking,14020.57,Y
757,Deposit,IBB,Savings,3712.88,Y
757,Credit,N/A,Credit Card,697.58,Y
758,Deposit,IBB,CD Long Term,32145.06,Y
758,Deposit,NIDDA,Checking,1326.57,Y
758,Deposit,IBB,Savings,28216.07,Y
758,Credit,N/A,Credit Card,2907.13,Y
758,Loan,N/A,Auto Loan,49171.0,Y
758,Loan,N/A,Personal Loan,22162.73,Y
759,Deposit,NIDDA,Checking,5435.61,Y
759,Deposit,IBB,Savings,9932.21,Y
759,Credit,N/A,Credit Card,2191.09,Y
759,Loan,N/A,Auto Loan,42006.37,Y
760,Deposit,IBB,CD Long Term,26553.11,Y
760,Deposit,NIDDA,Checking,3399.58,Y
760,Deposit,IBB,Savings,2850.02,Y
760,Loan,N/A,Auto Loan,28287.68,Y
761,Deposit,IBB,CD Short Term,11494.08,Y
761,Deposit,NIDDA,Checking,7564.15,Y
761,Deposit,IBB,Savings,64291.33,Y
761,Credit,N/A,Credit Card,11746.73,Y
761,Loan,N/A,Home Loan,709784.83,Y
761,Loan,N/A,Auto Loan,35156.26,Y
762,Deposit,IBB,CD Long Term,21221.62,Y
762,Deposit,IBB,CD Short Term,6317.62,Y
762,Deposit,NIDDA,Checking,1500.79,Y
762,Deposit,IBB,Savings,22751.44,Y
762,Credit,N/A,Credit Card,2850.42,Y
763,Deposit,IBB,Money Market,15996.76,Y
763,Deposit,NIDDA,Checking,8967.46,Y
763,Loan,N/A,Auto Loan,50088.44,Y
763,Loan,N/A,Personal Loan,12806.1,Y
764,Deposit,IBB,CD Long Term,3236.58,Y
764,Deposit,IBB,CD Short Term,7565.42,Y
764,Deposit,NIDDA,Checking,6564.79,Y
764,Deposit,IBB,Savings,11703.98,Y
764,Loan,N/A,Home Loan,342294.99,Y
764,Loan,N/A,Personal Loan,46601.62,Y
765,Deposit,IBB,CD Short Term,2795.54,Y
765,Deposit,IBB,Money Market,15160.44,Y
765,Deposit,NIDDA,Checking,5559.33,Y
765,Deposit,IBB,Savings,7840.03,Y
766,Deposit,IBB,CD Short Term,10339.01,Y
766,Deposit,IBB,Money Market,31445.88,Y
766,Deposit,NIDDA,Checking,24403.04,Y
766,Deposit,IBB,Savings,5406.68,Y
767,Deposit,NIDDA,Checking,3867.85,Y
767,Deposit,IBB,Savings,22463.11,Y
767,Credit,N/A,Credit Card,973.9,Y
767,Loan,N/A,Personal Loan,30708.92,Y
768,Deposit,IBB,Money Market,16172.37,Y
768,Deposit,NIDDA,Checking,1057.15,Y
768,Credit,N/A,Credit Card,5105.02,Y
769,Deposit,IBB,CD Short Term,12110.95,Y
769,Deposit,IBB,Money Market,4336.63,Y
769,Deposit,NIDDA,Checking,1258.05,Y
769,Deposit,IBB,Savings,20704.34,Y
769,Loan,N/A,Home Loan,417101.53,Y
769,Loan,N/A,Personal Loan,17991.73,Y
770,Deposit,IBB,CD Short Term,15682.16,Y
770,Deposit,NIDDA,Checking,1943.42,Y
770,Deposit,IBB,Savings,14218.97,Y
770,Credit,N/A,Credit Card,3080.12,Y
770,Loan,N/A,Auto Loan,34569.99,Y
770,Loan,N/A,Personal Loan,11895.58,Y
771,Deposit,NIDDA,Checking,1427.6,Y
771,Deposit,IBB,Savings,8002.4,Y
772,Deposit,NIDDA,Checking,94599.91,Y
772,Deposit,IBB,Savings,5559.1,Y
772,Credit,N/A,Credit Card,554.6,Y
772,Loan,N/A,Home Loan,572231.27,Y
772,Loan,N/A,Personal Loan,12903.47,Y
773,Deposit,IBB,CD Short Term,7827.96,Y
773,Deposit,NIDDA,Checking,27668.87,Y
773,Deposit,IBB,Savings,6261.5,Y
773,Credit,N/A,Credit Card,1914.65,Y
773,Loan,N/A,Auto Loan,32003.62,Y
774,Deposit,IBB,CD Long Term,27105.66,Y
774,Deposit,NIDDA,Checking,4214.14,Y
774,Deposit,IBB,CD Short Term,30648.72,Y
774,Deposit,IBB,Money Market,12576.47,Y
774,Deposit,IBB,Savings,10525.34,Y
775,Deposit,IBB,Money Market,3046.62,Y
775,Deposit,NIDDA,Checking,5056.35,Y
775,Deposit,IBB,Savings,12198.5,Y
775,Loan,N/A,Home Loan,347239.38,Y
775,Loan,N/A,Personal Loan,15717.96,Y
776,Deposit,IBB,CD Long Term,35686.09,Y
776,Deposit,IBB,CD Short Term,52215.71,Y
776,Deposit,IBB,Money Market,21107.14,Y
776,Deposit,NIDDA,Checking,3391.31,Y
776,Credit,N/A,Credit Card,998.69,Y
776,Loan,N/A,Personal Loan,17429.09,Y
777,Deposit,IBB,CD Long Term,10464.65,Y
777,Deposit,NIDDA,Checking,2585.35,Y
778,Deposit,NIDDA,Checking,3786.14,Y
778,Deposit,IBB,Savings,16235.93,Y
778,Credit,N/A,Credit Card,2377.12,Y
779,Deposit,IBB,CD Short Term,4174.67,Y
779,Deposit,NIDDA,Checking,240.97,Y
779,Deposit,IBB,Savings,10727.69,Y
779,Credit,N/A,Credit Card,6074.47,Y
779,Loan,N/A,Auto Loan,36550.85,Y
780,Deposit,NIDDA,Checking,19633.28,Y
780,Deposit,IBB,Savings,2568.83,Y
780,Loan,N/A,Auto Loan,31020.07,Y
781,Deposit,IBB,Money Market,5504.7,Y
781,Deposit,NIDDA,Checking,11011.9,Y
781,Deposit,IBB,Savings,5673.53,Y
781,Credit,N/A,Credit Card,687.94,Y
782,Deposit,NIDDA,Checking,4909.02,Y
782,Deposit,IBB,Savings,4449.13,Y
783,Deposit,IBB,Money Market,11538.83,Y
783,Deposit,NIDDA,Checking,4370.01,Y
783,Deposit,IBB,Savings,41308.6,Y
783,Credit,N/A,Credit Card,3391.42,Y
783,Loan,N/A,Auto Loan,23473.86,Y
784,Deposit,IBB,CD Long Term,11964.25,Y
784,Deposit,IBB,Money Market,3735.65,Y
784,Deposit,NIDDA,Checking,17153.75,Y
784,Loan,N/A,Home Loan,412159.86,Y
784,Loan,N/A,Personal Loan,38930.97,Y
785,Deposit,IBB,CD Short Term,11829.68,Y
785,Deposit,NIDDA,Checking,1258.09,Y
785,Deposit,IBB,Savings,35382.12,Y
785,Credit,N/A,Credit Card,806.38,Y
786,Deposit,IBB,CD Long Term,23035.23,Y
786,Deposit,NIDDA,Checking,6576.97,Y
786,Deposit,IBB,CD Short Term,11053.74,Y
786,Deposit,IBB,Money Market,31850.5,Y
786,Deposit,IBB,Savings,5501.48,Y
786,Credit,N/A,Credit Card,3191.49,Y
786,Loan,N/A,Auto Loan,39996.12,Y
787,Deposit,IBB,CD Short Term,18175.87,Y
787,Deposit,NIDDA,Checking,6068.17,Y
787,Credit,N/A,Credit Card,2212.26,Y
787,Loan,N/A,Auto Loan,17537.86,Y
788,Deposit,IBB,CD Long Term,13894.88,Y
788,Deposit,NIDDA,Checking,2293.59,Y
788,Deposit,IBB,Savings,4408.91,Y
789,Deposit,IBB,CD Short Term,34519.58,Y
789,Deposit,IBB,Money Market,13100.57,Y
789,Deposit,NIDDA,Checking,2509.64,Y
789,Deposit,IBB,Savings,23112.32,Y
789,Credit,N/A,Credit Card,4065.21,Y
790,Deposit,IBB,Money Market,2459.68,Y
790,Deposit,NIDDA,Checking,6186.48,Y
790,Credit,N/A,Credit Card,2116.37,Y
791,Deposit,IBB,CD Long Term,16313.25,Y
791,Deposit,IBB,Money Market,68467.86,Y
791,Deposit,NIDDA,Checking,7669.76,Y
791,Deposit,IBB,Savings,7019.6,Y
791,Loan,N/A,Home Loan,429650.54,Y
792,Deposit,IBB,CD Long Term,83470.88,Y
792,Deposit,IBB,Money Market,3692.46,Y
792,Deposit,NIDDA,Checking,4997.21,Y
792,Deposit,IBB,Savings,49677.42,Y
792,Credit,N/A,Credit Card,1903.31,Y
792,Loan,N/A,Home Loan,301251.77,Y
792,Loan,N/A,Auto Loan,60974.38,Y
793,Deposit,NIDDA,Checking,999.84,Y
793,Deposit,IBB,Savings,7745.84,Y
793,Loan,N/A,Home Loan,430974.42,Y
793,Loan,N/A,Auto Loan,34808.65,Y
793,Loan,N/A,Personal Loan,9282.6,Y
794,Deposit,IBB,CD Long Term,29997.03,Y
794,Deposit,NIDDA,Checking,9160.02,Y
794,Deposit,IBB,Savings,19980.92,Y
794,Credit,N/A,Credit Card,1893.65,Y
795,Deposit,IBB,Money Market,41593.54,Y
795,Deposit,NIDDA,Checking,17119.72,Y
795,Deposit,IBB,Savings,441.21,Y
795,Credit,N/A,Credit Card,3757.45,Y
796,Deposit,IBB,CD Long Term,16025.34,Y
796,Deposit,IBB,CD Short Term,54693.58,Y
796,Deposit,NIDDA,Checking,35846.52,Y
796,Deposit,IBB,Savings,17992.28,Y
796,Loan,N/A,Home Loan,294042.35,Y
796,Loan,N/A,Personal Loan,23937.92,Y
797,Deposit,NIDDA,Checking,4557.07,Y
797,Loan,N/A,Auto Loan,35066.26,Y
798,Deposit,IBB,CD Short Term,5696.36,Y
798,Deposit,NIDDA,Checking,15403.73,Y
798,Deposit,IBB,Savings,3375.73,Y
798,Credit,N/A,Credit Card,2589.1,Y
799,Deposit,NIDDA,Checking,1188.5,Y
799,Deposit,IBB,Savings,4297.25,Y
799,Loan,N/A,Personal Loan,7116.03,Y
800,Deposit,IBB,CD Short Term,13037.6,Y
800,Deposit,NIDDA,Checking,12675.51,Y
800,Deposit,IBB,Savings,3817.22,Y
800,Loan,N/A,Home Loan,1037594.94,Y
801,Deposit,IBB,Money Market,17781.51,Y
801,Deposit,NIDDA,Checking,2627.76,Y
801,Deposit,IBB,Savings,3902.7,Y
802,Deposit,IBB,Money Market,25059.4,Y
802,Deposit,NIDDA,Checking,11872.6,Y
802,Credit,N/A,Credit Card,12259.85,Y
802,Loan,N/A,Home Loan,430363.72,Y
802,Loan,N/A,Personal Loan,116776.49,Y
803,Deposit,IBB,Money Market,6695.07,Y
803,Deposit,NIDDA,Checking,3826.18,Y
803,Deposit,IBB,Savings,13835.23,Y
803,Credit,N/A,Credit Card,4308.42,Y
803,Loan,N/A,Home Loan,324511.32,Y
803,Loan,N/A,Auto Loan,29696.2,Y
803,Loan,N/A,Personal Loan,15472.63,Y
804,Deposit,IBB,CD Long Term,18313.49,Y
804,Deposit,IBB,Money Market,5201.42,Y
804,Deposit,NIDDA,Checking,11786.85,Y
804,Deposit,IBB,Savings,2121.46,Y
805,Deposit,IBB,CD Long Term,9661.91,Y
805,Deposit,NIDDA,Checking,4289.56,Y
805,Deposit,IBB,Savings,4536.64,Y
806,Deposit,IBB,Money Market,23017.42,Y
806,Deposit,NIDDA,Checking,11120.57,Y
806,Deposit,IBB,Savings,25509.31,Y
807,Deposit,IBB,Money Market,19536.88,Y
807,Deposit,NIDDA,Checking,3745.05,Y
807,Credit,N/A,Credit Card,2439.93,Y
807,Loan,N/A,Auto Loan,34761.71,Y
807,Loan,N/A,Personal Loan,16287.23,Y
808,Deposit,IBB,Money Market,22906.33,Y
808,Deposit,NIDDA,Checking,3436.43,Y
808,Deposit,IBB,Savings,3126.11,Y
808,Credit,N/A,Credit Card,4251.28,Y
808,Loan,N/A,Home Loan,319604.71,Y
808,Loan,N/A,Auto Loan,40736.04,Y
809,Deposit,IBB,CD Long Term,25548.94,Y
809,Deposit,IBB,CD Short Term,20572.05,Y
809,Deposit,IBB,Money Market,21783.76,Y
809,Deposit,NIDDA,Checking,1405.32,Y
809,Credit,N/A,Credit Card,6010.99,Y
809,Loan,N/A,Auto Loan,32504.0,Y
810,Deposit,IBB,CD Long Term,33704.07,Y
810,Deposit,NIDDA,Checking,5632.87,Y
810,Credit,N/A,Credit Card,715.76,Y
811,Deposit,IBB,CD Short Term,30008.72,Y
811,Deposit,NIDDA,Checking,1437.73,Y
811,Deposit,IBB,Savings,4587.58,Y
811,Credit,N/A,Credit Card,20567.06,Y
811,Loan,N/A,Auto Loan,21900.34,Y
812,Deposit,NIDDA,Checking,3204.91,Y
812,Deposit,IBB,Savings,4799.39,Y
812,Credit,N/A,Credit Card,2945.82,Y
813,Deposit,IBB,CD Long Term,15329.26,Y
813,Deposit,NIDDA,Checking,4499.6,Y
813,Deposit,IBB,Savings,3157.12,Y
813,Credit,N/A,Credit Card,2388.61,Y
814,Deposit,IBB,Money Market,43393.12,Y
814,Deposit,NIDDA,Checking,6954.74,Y
814,Deposit,IBB,Savings,20573.06,Y
814,Credit,N/A,Credit Card,591.88,Y
814,Loan,N/A,Auto Loan,52447.26,Y
815,Deposit,NIDDA,Checking,7791.64,Y
815,Loan,N/A,Home Loan,706518.55,Y
815,Loan,N/A,Auto Loan,44360.75,Y
816,Deposit,IBB,CD Long Term,14887.49,Y
816,Deposit,IBB,Money Market,36325.13,Y
816,Deposit,NIDDA,Checking,7417.13,Y
816,Deposit,IBB,Savings,2312.61,Y
817,Deposit,NIDDA,Checking,1830.23,Y
817,Deposit,IBB,Savings,5091.46,Y
817,Credit,N/A,Credit Card,488.49,Y
818,Deposit,NIDDA,Checking,11398.46,Y
818,Deposit,IBB,Savings,10268.54,Y
818,Loan,N/A,Home Loan,657458.8,Y
818,Loan,N/A,Auto Loan,27219.3,Y
819,Deposit,IBB,CD Long Term,56652.31,Y
819,Deposit,IBB,CD Short Term,12320.42,Y
819,Deposit,NIDDA,Checking,4550.07,Y
819,Deposit,IBB,Savings,5452.63,Y
819,Loan,N/A,Home Loan,369838.71,Y
819,Loan,N/A,Auto Loan,86101.95,Y
820,Deposit,IBB,CD Short Term,12654.89,Y
820,Deposit,NIDDA,Checking,2932.32,Y
821,Deposit,IBB,CD Long Term,11966.63,Y
821,Deposit,NIDDA,Checking,2043.93,Y
821,Deposit,IBB,Savings,6661.58,Y
821,Credit,N/A,Credit Card,429.5,Y
821,Loan,N/A,Home Loan,321588.67,Y
822,Deposit,IBB,CD Short Term,5321.6,Y
822,Deposit,NIDDA,Checking,8605.02,Y
822,Deposit,IBB,Savings,6226.27,Y
822,Credit,N/A,Credit Card,3296.65,Y
823,Deposit,NIDDA,Checking,3676.37,Y
823,Deposit,IBB,Savings,2003.95,Y
823,Loan,N/A,Home Loan,318447.02,Y
824,Deposit,IBB,CD Short Term,22370.69,Y
824,Deposit,NIDDA,Checking,3904.33,Y
824,Deposit,IBB,Savings,7387.19,Y
824,Loan,N/A,Home Loan,290979.6,Y
824,Loan,N/A,Auto Loan,37322.72,Y
825,Deposit,IBB,CD Long Term,23872.1,Y
825,Deposit,IBB,Money Market,67582.28,Y
825,Deposit,NIDDA,Checking,8206.85,Y
825,Deposit,IBB,Savings,5344.08,Y
826,Deposit,IBB,CD Short Term,7502.91,Y
826,Deposit,IBB,Money Market,7094.33,Y
826,Deposit,NIDDA,Checking,3726.31,Y
826,Deposit,IBB,Savings,15293.54,Y
826,Credit,N/A,Credit Card,1509.95,Y
826,Loan,N/A,Personal Loan,16152.55,Y
827,Deposit,NIDDA,Checking,3972.33,Y
827,Deposit,IBB,Savings,4346.58,Y
828,Deposit,IBB,CD Long Term,19833.1,Y
828,Deposit,NIDDA,Checking,5764.35,Y
828,Deposit,IBB,Savings,8177.95,Y
829,Deposit,NIDDA,Checking,545.95,Y
830,Deposit,IBB,CD Long Term,29319.95,Y
830,Deposit,IBB,Money Market,12635.61,Y
830,Deposit,NIDDA,Checking,13818.41,Y
830,Deposit,IBB,Savings,10316.59,Y
831,Deposit,NIDDA,Checking,5891.99,Y
831,Deposit,IBB,Savings,714.93,Y
831,Credit,N/A,Credit Card,7735.26,Y
832,Deposit,IBB,CD Short Term,43363.95,Y
832,Deposit,IBB,Money Market,35953.18,Y
832,Deposit,NIDDA,Checking,4526.4,Y
832,Deposit,IBB,Savings,13333.34,Y
832,Loan,N/A,Auto Loan,41336.65,Y
833,Deposit,IBB,CD Short Term,11992.05,Y
833,Deposit,NIDDA,Checking,2069.32,Y
833,Deposit,IBB,Savings,36458.97,Y
833,Loan,N/A,Home Loan,243464.78,Y
833,Loan,N/A,Auto Loan,37027.76,Y
834,Deposit,IBB,Money Market,47745.87,Y
834,Deposit,NIDDA,Checking,2023.23,Y
834,Deposit,IBB,Savings,2304.03,Y
834,Credit,N/A,Credit Card,4536.54,Y
835,Deposit,IBB,Money Market,10280.3,Y
835,Deposit,NIDDA,Checking,1618.41,Y
835,Deposit,IBB,Savings,4043.55,Y
835,Credit,N/A,Credit Card,1596.39,Y
836,Deposit,IBB,Money Market,12963.96,Y
836,Deposit,NIDDA,Checking,4727.52,Y
836,Deposit,IBB,Savings,12658.87,Y
836,Loan,N/A,Home Loan,214428.26,Y
837,Deposit,IBB,CD Long Term,6632.27,Y
837,Deposit,NIDDA,Checking,390.87,Y
837,Deposit,IBB,CD Short Term,18712.36,Y
837,Deposit,IBB,Money Market,13513.45,Y
837,Deposit,IBB,Savings,9368.97,Y
837,Credit,N/A,Credit Card,3649.56,Y
837,Loan,N/A,Auto Loan,57189.18,Y
838,Deposit,IBB,CD Long Term,9419.38,Y
838,Deposit,NIDDA,Checking,5428.34,Y
838,Deposit,IBB,CD Short Term,9592.04,Y
838,Deposit,IBB,Money Market,15948.39,Y
838,Deposit,IBB,Savings,2320.95,Y
838,Credit,N/A,Credit Card,967.04,Y
839,Deposit,IBB,CD Long Term,19715.74,Y
839,Deposit,IBB,Money Market,13878.8,Y
839,Deposit,NIDDA,Checking,2699.73,Y
839,Credit,N/A,Credit Card,813.46,Y
840,Deposit,NIDDA,Checking,4940.89,Y
840,Deposit,IBB,Savings,8818.32,Y
840,Credit,N/A,Credit Card,7117.26,Y
840,Loan,N/A,Personal Loan,6696.88,Y
841,Deposit,IBB,CD Long Term,57502.57,Y
841,Deposit,NIDDA,Checking,4761.0,Y
841,Deposit,IBB,CD Short Term,22155.13,Y
841,Deposit,IBB,Money Market,16952.6,Y
841,Deposit,IBB,Savings,4119.39,Y
841,Credit,N/A,Credit Card,928.78,Y
841,Loan,N/A,Home Loan,311561.78,Y
842,Deposit,IBB,CD Long Term,9982.6,Y
842,Deposit,NIDDA,Checking,12505.41,Y
842,Deposit,IBB,Savings,1959.47,Y
843,Deposit,IBB,CD Long Term,12392.56,Y
843,Deposit,NIDDA,Checking,2355.91,Y
843,Deposit,IBB,Savings,13121.65,Y
843,Credit,N/A,Credit Card,1059.15,Y
843,Loan,N/A,Home Loan,516205.78,Y
844,Deposit,IBB,Money Market,40316.52,Y
844,Deposit,NIDDA,Checking,5450.29,Y
844,Deposit,IBB,Savings,5841.61,Y
844,Credit,N/A,Credit Card,5539.53,Y
844,Loan,N/A,Auto Loan,35046.62,Y
844,Loan,N/A,Personal Loan,49541.41,Y
845,Deposit,IBB,CD Short Term,16757.34,Y
845,Deposit,NIDDA,Checking,4504.06,Y
845,Deposit,IBB,Savings,11781.91,Y
845,Credit,N/A,Credit Card,3046.27,Y
845,Loan,N/A,Personal Loan,10072.47,Y
846,Deposit,NIDDA,Checking,582.14,Y
846,Credit,N/A,Credit Card,376.4,Y
846,Loan,N/A,Auto Loan,55795.05,Y
846,Loan,N/A,Personal Loan,12491.69,Y
847,Deposit,IBB,Money Market,4406.72,Y
847,Deposit,NIDDA,Checking,4267.5,Y
847,Deposit,IBB,Savings,29193.38,Y
847,Credit,N/A,Credit Card,1355.32,Y
847,Loan,N/A,Home Loan,695854.86,Y
848,Deposit,IBB,CD Short Term,11607.19,Y
848,Deposit,NIDDA,Checking,13022.09,Y
848,Deposit,IBB,Savings,17529.45,Y
848,Credit,N/A,Credit Card,3143.64,Y
849,Deposit,IBB,Money Market,24505.84,Y
849,Deposit,NIDDA,Checking,1691.61,Y
849,Deposit,IBB,Savings,4764.34,Y
850,Deposit,NIDDA,Checking,2350.76,Y
850,Deposit,IBB,Savings,12253.27,Y
850,Credit,N/A,Credit Card,3882.08,Y
851,Deposit,IBB,Money Market,17224.01,Y
851,Deposit,NIDDA,Checking,4461.31,Y
851,Deposit,IBB,Savings,2849.15,Y
851,Credit,N/A,Credit Card,2205.26,Y
852,Deposit,NIDDA,Checking,13364.92,Y
852,Loan,N/A,Home Loan,500232.18,Y
853,Deposit,IBB,CD Short Term,22754.19,Y
853,Deposit,IBB,Money Market,24999.95,Y
853,Deposit,NIDDA,Checking,9975.8,Y
853,Loan,N/A,Auto Loan,55973.07,Y
853,Loan,N/A,Personal Loan,23296.44,Y
854,Deposit,IBB,CD Long Term,23696.25,Y
854,Deposit,IBB,CD Short Term,4901.8,Y
854,Deposit,NIDDA,Checking,3794.49,Y
854,Credit,N/A,Credit Card,4579.08,Y
854,Loan,N/A,Home Loan,267856.12,Y
855,Deposit,IBB,CD Short Term,8428.05,Y
855,Deposit,IBB,Money Market,7134.61,Y
855,Deposit,NIDDA,Checking,3588.49,Y
855,Deposit,IBB,Savings,3478.2,Y
855,Loan,N/A,Home Loan,806529.86,Y
856,Deposit,NIDDA,Checking,8186.7,Y
856,Deposit,IBB,Savings,972.64,Y
856,Loan,N/A,Home Loan,553941.05,Y
857,Deposit,NIDDA,Checking,5575.4,Y
857,Deposit,IBB,Savings,22450.69,Y
857,Loan,N/A,Home Loan,274063.51,Y
857,Loan,N/A,Personal Loan,8995.23,Y
858,Deposit,IBB,CD Short Term,28534.29,Y
858,Deposit,IBB,Money Market,12920.76,Y
858,Deposit,NIDDA,Checking,1693.38,Y
858,Loan,N/A,Home Loan,445732.94,Y
859,Deposit,NIDDA,Checking,2500.43,Y
859,Credit,N/A,Credit Card,2936.34,Y
860,Deposit,IBB,CD Short Term,28291.98,Y
860,Deposit,NIDDA,Checking,1101.36,Y
860,Credit,N/A,Credit Card,20445.52,Y
860,Loan,N/A,Home Loan,187909.92,Y
860,Loan,N/A,Auto Loan,40115.58,Y
861,Deposit,IBB,CD Short Term,12721.65,Y
861,Deposit,NIDDA,Checking,6862.73,Y
861,Deposit,IBB,Savings,1378.56,Y
861,Credit,N/A,Credit Card,1525.93,Y
862,Deposit,IBB,Money Market,60139.85,Y
862,Deposit,NIDDA,Checking,2760.31,Y
862,Deposit,IBB,Savings,14988.4,Y
862,Credit,N/A,Credit Card,9582.04,Y
862,Loan,N/A,Auto Loan,42901.32,Y
863,Deposit,IBB,CD Long Term,21439.02,Y
863,Deposit,IBB,CD Short Term,3378.9,Y
863,Deposit,NIDDA,Checking,7852.77,Y
863,Deposit,IBB,Savings,2665.3,Y
863,Loan,N/A,Auto Loan,26369.8,Y
864,Deposit,NIDDA,Checking,476.3,Y
864,Deposit,IBB,Savings,6322.14,Y
864,Loan,N/A,Personal Loan,18566.75,Y
865,Deposit,IBB,CD Short Term,78466.64,Y
865,Deposit,NIDDA,Checking,30806.66,Y
865,Deposit,IBB,Savings,1593.04,Y
865,Credit,N/A,Credit Card,776.25,Y
865,Loan,N/A,Auto Loan,133813.44,Y
866,Deposit,IBB,Money Market,4187.48,Y
866,Deposit,NIDDA,Checking,8761.53,Y
866,Deposit,IBB,Savings,5725.8,Y
866,Credit,N/A,Credit Card,3793.88,Y
866,Loan,N/A,Auto Loan,38766.81,Y
867,Deposit,NIDDA,Checking,2105.05,Y
867,Deposit,IBB,Savings,3047.13,Y
867,Loan,N/A,Home Loan,753979.04,Y
868,Deposit,IBB,Money Market,72144.67,Y
868,Deposit,NIDDA,Checking,10720.47,Y
868,Deposit,IBB,Savings,1604.29,Y
869,Deposit,IBB,CD Short Term,26061.86,Y
869,Deposit,IBB,Money Market,24037.54,Y
869,Deposit,NIDDA,Checking,30758.09,Y
869,Deposit,IBB,Savings,31119.09,Y
870,Deposit,IBB,CD Short Term,99556.03,Y
870,Deposit,IBB,Money Market,13193.09,Y
870,Deposit,NIDDA,Checking,12219.43,Y
870,Deposit,IBB,Savings,25931.4,Y
871,Deposit,IBB,Money Market,20050.58,Y
871,Deposit,NIDDA,Checking,13716.83,Y
871,Deposit,IBB,Savings,7670.11,Y
871,Credit,N/A,Credit Card,2889.02,Y
872,Deposit,IBB,CD Long Term,23569.58,Y
872,Deposit,IBB,CD Short Term,16615.05,Y
872,Deposit,NIDDA,Checking,22806.61,Y
872,Deposit,IBB,Savings,14020.9,Y
872,Credit,N/A,Credit Card,12754.39,Y
873,Deposit,IBB,Money Market,29580.89,Y
873,Deposit,NIDDA,Checking,9652.16,Y
873,Deposit,IBB,Savings,3226.41,Y
873,Credit,N/A,Credit Card,6625.64,Y
873,Loan,N/A,Auto Loan,32388.77,Y
874,Deposit,IBB,CD Long Term,24567.34,Y
874,Deposit,NIDDA,Checking,15987.26,Y
874,Credit,N/A,Credit Card,7961.7,Y
874,Loan,N/A,Home Loan,1092508.5,Y
875,Deposit,NIDDA,Checking,3172.02,Y
875,Deposit,IBB,Savings,43303.63,Y
875,Loan,N/A,Home Loan,545578.23,Y
876,Deposit,IBB,CD Short Term,24434.38,Y
876,Deposit,NIDDA,Checking,26967.0,Y
876,Deposit,IBB,Savings,59419.04,Y
876,Credit,N/A,Credit Card,2757.4,Y
877,Deposit,NIDDA,Checking,621.41,Y
877,Deposit,IBB,Savings,7622.11,Y
877,Loan,N/A,Personal Loan,39407.05,Y
878,Deposit,IBB,CD Short Term,10486.12,Y
878,Deposit,NIDDA,Checking,3149.8,Y
878,Deposit,IBB,Savings,4153.22,Y
878,Credit,N/A,Credit Card,2334.67,Y
879,Deposit,NIDDA,Checking,6481.47,Y
879,Deposit,IBB,Savings,3975.82,Y
879,Loan,N/A,Home Loan,219271.86,Y
880,Deposit,IBB,Money Market,3059.54,Y
880,Deposit,NIDDA,Checking,3344.01,Y
880,Credit,N/A,Credit Card,4991.01,Y
880,Loan,N/A,Home Loan,692428.9,Y
881,Deposit,IBB,CD Short Term,17642.69,Y
881,Deposit,NIDDA,Checking,7723.85,Y
881,Deposit,IBB,Savings,64173.25,Y
881,Loan,N/A,Auto Loan,61431.54,Y
882,Deposit,IBB,Money Market,15758.84,Y
882,Deposit,NIDDA,Checking,57146.03,Y
882,Deposit,IBB,Savings,4963.27,Y
882,Credit,N/A,Credit Card,5403.0,Y
882,Loan,N/A,Auto Loan,47977.9,Y
883,Deposit,IBB,CD Long Term,88354.36,Y
883,Deposit,IBB,CD Short Term,23884.76,Y
883,Deposit,NIDDA,Checking,4421.31,Y
884,Deposit,IBB,Money Market,17778.04,Y
884,Deposit,NIDDA,Checking,18734.54,Y
884,Deposit,IBB,Savings,11971.05,Y
884,Loan,N/A,Auto Loan,31506.38,Y
885,Deposit,IBB,CD Long Term,13546.99,Y
885,Deposit,IBB,Money Market,5727.17,Y
885,Deposit,NIDDA,Checking,2345.8,Y
885,Deposit,IBB,Savings,15140.4,Y
886,Deposit,IBB,CD Short Term,17516.49,Y
886,Deposit,NIDDA,Checking,7813.7,Y
886,Deposit,IBB,Savings,27021.13,Y
887,Deposit,NIDDA,Checking,12917.25,Y
887,Credit,N/A,Credit Card,3426.18,Y
887,Loan,N/A,Auto Loan,70146.98,Y
888,Deposit,IBB,CD Short Term,8753.78,Y
888,Deposit,IBB,Money Market,46387.01,Y
888,Deposit,NIDDA,Checking,13201.27,Y
888,Deposit,IBB,Savings,3724.79,Y
888,Credit,N/A,Credit Card,1114.67,Y
888,Loan,N/A,Home Loan,206658.77,Y
888,Loan,N/A,Auto Loan,47646.94,Y
889,Deposit,IBB,Money Market,10985.64,Y
889,Deposit,NIDDA,Checking,6477.62,Y
889,Deposit,IBB,Savings,3328.01,Y
889,Credit,N/A,Credit Card,3086.96,Y
890,Deposit,IBB,CD Long Term,28160.4,Y
890,Deposit,IBB,Money Market,5891.61,Y
890,Deposit,NIDDA,Checking,1215.04,Y
890,Deposit,IBB,Savings,6377.6,Y
890,Credit,N/A,Credit Card,7746.86,Y
890,Loan,N/A,Auto Loan,87334.12,Y
891,Deposit,IBB,CD Short Term,13714.27,Y
891,Deposit,NIDDA,Checking,1689.26,Y
891,Deposit,IBB,Savings,53405.15,Y
891,Credit,N/A,Credit Card,9037.25,Y
892,Deposit,IBB,CD Short Term,32423.89,Y
892,Deposit,NIDDA,Checking,7210.73,Y
892,Deposit,IBB,Savings,2049.71,Y
892,Credit,N/A,Credit Card,2976.89,Y
893,Deposit,IBB,CD Long Term,32993.43,Y
893,Deposit,IBB,CD Short Term,8091.53,Y
893,Deposit,NIDDA,Checking,6438.84,Y
893,Deposit,IBB,Savings,3335.35,Y
893,Credit,N/A,Credit Card,1598.78,Y
893,Loan,N/A,Auto Loan,18939.04,Y
894,Deposit,IBB,Money Market,6029.26,Y
894,Deposit,NIDDA,Checking,21097.12,Y
894,Deposit,IBB,Savings,5970.15,Y
894,Loan,N/A,Home Loan,704730.5,Y
895,Deposit,IBB,CD Short Term,12424.09,Y
895,Deposit,IBB,Money Market,46892.72,Y
895,Deposit,NIDDA,Checking,7360.63,Y
895,Deposit,IBB,Savings,9287.74,Y
896,Deposit,IBB,CD Long Term,28791.32,Y
896,Deposit,IBB,CD Short Term,6148.89,Y
896,Deposit,NIDDA,Checking,3723.3,Y
896,Deposit,IBB,Savings,3286.9,Y
896,Credit,N/A,Credit Card,857.18,Y
896,Loan,N/A,Home Loan,312214.14,Y
897,Deposit,IBB,CD Long Term,55272.25,Y
897,Deposit,IBB,Money Market,36420.88,Y
897,Deposit,NIDDA,Checking,2535.41,Y
897,Deposit,IBB,Savings,11110.08,Y
897,Loan,N/A,Auto Loan,12678.56,Y
898,Deposit,IBB,CD Long Term,3607.93,Y
898,Deposit,IBB,CD Short Term,45223.24,Y
898,Deposit,NIDDA,Checking,4054.42,Y
898,Deposit,IBB,Savings,1417.15,Y
898,Credit,N/A,Credit Card,519.42,Y
898,Loan,N/A,Personal Loan,15793.52,Y
899,Deposit,NIDDA,Checking,15302.28,Y
900,Deposit,IBB,CD Short Term,26612.61,Y
900,Deposit,IBB,Money Market,17371.66,Y
900,Deposit,NIDDA,Checking,3409.26,Y
900,Loan,N/A,Auto Loan,44952.9,Y
901,Deposit,IBB,Money Market,6579.2,Y
901,Deposit,NIDDA,Checking,14695.74,Y
901,Deposit,IBB,Savings,11165.51,Y
902,Deposit,NIDDA,Checking,10728.58,Y
902,Credit,N/A,Credit Card,2047.42,Y
902,Loan,N/A,Home Loan,378811.21,Y
903,Deposit,IBB,CD Long Term,77521.3,Y
903,Deposit,IBB,Money Market,5373.54,Y
903,Deposit,NIDDA,Checking,3435.91,Y
903,Deposit,IBB,Savings,16121.41,Y
903,Credit,N/A,Credit Card,3805.32,Y
903,Loan,N/A,Auto Loan,28392.15,Y
903,Loan,N/A,Personal Loan,4009.48,Y
904,Deposit,IBB,Money Market,3129.42,Y
904,Deposit,NIDDA,Checking,5007.14,Y
904,Deposit,IBB,Savings,2994.23,Y
904,Credit,N/A,Credit Card,450.67,Y
904,Loan,N/A,Home Loan,243553.13,Y
905,Deposit,IBB,Money Market,4557.79,Y
905,Deposit,NIDDA,Checking,12077.14,Y
905,Credit,N/A,Credit Card,559.52,Y
905,Loan,N/A,Personal Loan,39180.83,Y
906,Deposit,IBB,CD Long Term,26866.41,Y
906,Deposit,IBB,CD Short Term,8995.14,Y
906,Deposit,NIDDA,Checking,2758.89,Y
906,Loan,N/A,Auto Loan,23829.65,Y
906,Loan,N/A,Personal Loan,9003.22,Y
907,Deposit,IBB,CD Short Term,12147.52,Y
907,Deposit,NIDDA,Checking,3415.66,Y
907,Loan,N/A,Home Loan,592977.33,Y
907,Loan,N/A,Personal Loan,4521.03,Y
908,Deposit,IBB,CD Long Term,94498.06,Y
908,Deposit,NIDDA,Checking,4861.03,Y
908,Deposit,IBB,Savings,3093.7,Y
908,Loan,N/A,Personal Loan,25705.17,Y
909,Deposit,IBB,CD Short Term,4962.9,Y
909,Deposit,IBB,Money Market,12596.22,Y
909,Deposit,NIDDA,Checking,4730.75,Y
909,Loan,N/A,Home Loan,884822.4,Y
909,Loan,N/A,Auto Loan,27398.85,Y
910,Deposit,IBB,CD Long Term,8093.65,Y
910,Deposit,IBB,CD Short Term,16862.1,Y
910,Deposit,IBB,Money Market,2326.41,Y
910,Deposit,NIDDA,Checking,25150.24,Y
910,Credit,N/A,Credit Card,6469.88,Y
910,Loan,N/A,Personal Loan,15945.65,Y
911,Deposit,IBB,CD Short Term,6423.81,Y
911,Deposit,NIDDA,Checking,22903.27,Y
911,Deposit,IBB,Savings,11578.11,Y
911,Loan,N/A,Home Loan,368360.26,Y
912,Deposit,NIDDA,Checking,6030.49,Y
912,Deposit,IBB,Savings,35333.55,Y
912,Credit,N/A,Credit Card,11100.14,Y
913,Deposit,IBB,CD Long Term,72483.39,Y
913,Deposit,IBB,Money Market,90108.11,Y
913,Deposit,NIDDA,Checking,3230.15,Y
913,Credit,N/A,Credit Card,2812.02,Y
914,Deposit,IBB,CD Long Term,16603.16,Y
914,Deposit,IBB,Money Market,3602.43,Y
914,Deposit,NIDDA,Checking,6297.13,Y
914,Deposit,IBB,Savings,1899.1,Y
914,Credit,N/A,Credit Card,8925.72,Y
915,Deposit,IBB,CD Long Term,19692.07,Y
915,Deposit,IBB,Money Market,7790.96,Y
915,Deposit,NIDDA,Checking,791.19,Y
915,Deposit,IBB,Savings,4640.56,Y
915,Credit,N/A,Credit Card,2424.29,Y
916,Deposit,IBB,CD Long Term,9541.68,Y
916,Deposit,NIDDA,Checking,9909.85,Y
916,Deposit,IBB,CD Short Term,75785.2,Y
916,Deposit,IBB,Money Market,8255.54,Y
916,Deposit,IBB,Savings,10510.69,Y
916,Credit,N/A,Credit Card,1574.71,Y
917,Deposit,NIDDA,Checking,4177.54,Y
917,Deposit,IBB,Savings,63027.62,Y
917,Credit,N/A,Credit Card,1969.3,Y
918,Deposit,IBB,Money Market,19791.4,Y
918,Deposit,NIDDA,Checking,27428.13,Y
918,Deposit,IBB,Savings,4984.39,Y
918,Loan,N/A,Auto Loan,39175.03,Y
919,Deposit,NIDDA,Checking,27908.88,Y
919,Loan,N/A,Personal Loan,13447.48,Y
920,Deposit,IBB,CD Long Term,4974.81,Y
920,Deposit,IBB,Money Market,11844.82,Y
920,Deposit,NIDDA,Checking,9912.87,Y
920,Deposit,IBB,Savings,4097.3,Y
920,Loan,N/A,Home Loan,538923.84,Y
921,Deposit,NIDDA,Checking,5386.6,Y
921,Deposit,IBB,Savings,8305.25,Y
921,Credit,N/A,Credit Card,2905.08,Y
922,Deposit,NIDDA,Checking,2398.4,Y
922,Deposit,IBB,Savings,16643.64,Y
922,Loan,N/A,Personal Loan,27234.5,Y
923,Deposit,IBB,CD Short Term,92806.49,Y
923,Deposit,IBB,Money Market,34412.47,Y
923,Deposit,NIDDA,Checking,9018.04,Y
923,Deposit,IBB,Savings,1473.14,Y
923,Credit,N/A,Credit Card,1017.56,Y
924,Deposit,NIDDA,Checking,55165.18,Y
924,Deposit,IBB,Savings,8230.18,Y
924,Credit,N/A,Credit Card,16192.44,Y
924,Loan,N/A,Home Loan,442050.91,Y
924,Loan,N/A,Personal Loan,16732.7,Y
925,Deposit,NIDDA,Checking,14045.08,Y
925,Credit,N/A,Credit Card,2106.59,Y
926,Deposit,IBB,Money Market,4275.75,Y
926,Deposit,NIDDA,Checking,3742.51,Y
926,Credit,N/A,Credit Card,1356.06,Y
926,Loan,N/A,Auto Loan,11481.43,Y
927,Deposit,IBB,CD Short Term,5898.94,Y
927,Deposit,IBB,Money Market,9448.97,Y
927,Deposit,NIDDA,Checking,17896.48,Y
927,Deposit,IBB,Savings,54944.05,Y
928,Deposit,IBB,CD Long Term,47251.03,Y
928,Deposit,NIDDA,Checking,634.17,Y
928,Deposit,IBB,Savings,4401.11,Y
928,Loan,N/A,Home Loan,633751.85,Y
929,Deposit,NIDDA,Checking,5495.2,Y
929,Deposit,IBB,Savings,8770.13,Y
929,Loan,N/A,Home Loan,413696.57,Y
929,Loan,N/A,Auto Loan,31660.26,Y
930,Deposit,IBB,Money Market,2974.05,Y
930,Deposit,NIDDA,Checking,8796.5,Y
930,Deposit,IBB,Savings,9311.59,Y
930,Credit,N/A,Credit Card,3172.08,Y
931,Deposit,IBB,CD Long Term,9007.47,Y
931,Deposit,IBB,Money Market,22094.87,Y
931,Deposit,NIDDA,Checking,2974.63,Y
931,Deposit,IBB,Savings,42790.65,Y
931,Loan,N/A,Home Loan,439482.78,Y
932,Deposit,IBB,Money Market,26272.84,Y
932,Deposit,NIDDA,Checking,12430.82,Y
932,Deposit,IBB,Savings,20892.62,Y
932,Loan,N/A,Personal Loan,23576.78,Y
933,Deposit,IBB,CD Short Term,52073.57,Y
933,Deposit,NIDDA,Checking,6729.8,Y
933,Loan,N/A,Auto Loan,42618.1,Y
934,Deposit,IBB,Money Market,18213.18,Y
934,Deposit,NIDDA,Checking,8251.08,Y
934,Deposit,IBB,Savings,6292.87,Y
935,Deposit,IBB,CD Short Term,83544.04,Y
935,Deposit,NIDDA,Checking,12332.73,Y
935,Deposit,IBB,Savings,3142.17,Y
935,Credit,N/A,Credit Card,3414.3,Y
936,Deposit,IBB,CD Short Term,28956.93,Y
936,Deposit,NIDDA,Checking,2535.06,Y
936,Deposit,IBB,Savings,25363.89,Y
937,Deposit,IBB,CD Long Term,27808.82,Y
937,Deposit,NIDDA,Checking,12912.68,Y
937,Deposit,IBB,Savings,1740.47,Y
937,Loan,N/A,Home Loan,403293.47,Y
937,Loan,N/A,Auto Loan,64186.4,Y
938,Deposit,IBB,Money Market,29541.7,Y
938,Deposit,NIDDA,Checking,350.6,Y
938,Deposit,IBB,Savings,2544.89,Y
938,Credit,N/A,Credit Card,8452.98,Y
938,Loan,N/A,Home Loan,440415.07,Y
939,Deposit,IBB,Money Market,11698.28,Y
939,Deposit,NIDDA,Checking,14819.74,Y
939,Deposit,IBB,Savings,51603.42,Y
940,Deposit,IBB,CD Long Term,24288.55,Y
940,Deposit,IBB,Money Market,6757.75,Y
940,Deposit,NIDDA,Checking,83124.37,Y
940,Deposit,IBB,Savings,4782.1,Y
940,Credit,N/A,Credit Card,1300.67,Y
941,Deposit,IBB,CD Short Term,9452.6,Y
941,Deposit,IBB,Money Market,12957.74,Y
941,Deposit,NIDDA,Checking,5202.34,Y
941,Deposit,IBB,Savings,9095.91,Y
942,Deposit,IBB,CD Long Term,19938.91,Y
942,Deposit,IBB,CD Short Term,31341.43,Y
942,Deposit,NIDDA,Checking,4615.73,Y
942,Deposit,IBB,Savings,1727.11,Y
942,Credit,N/A,Credit Card,3495.48,Y
942,Loan,N/A,Home Loan,857461.2,Y
943,Deposit,IBB,Money Market,47148.56,Y
943,Deposit,NIDDA,Checking,72578.44,Y
943,Credit,N/A,Credit Card,1470.16,Y
943,Loan,N/A,Home Loan,335264.22,Y
944,Deposit,IBB,Money Market,5974.82,Y
944,Deposit,NIDDA,Checking,4383.9,Y
944,Deposit,IBB,Savings,7326.87,Y
944,Loan,N/A,Auto Loan,22942.65,Y
945,Deposit,IBB,CD Long Term,5469.16,Y
945,Deposit,NIDDA,Checking,7856.15,Y
945,Deposit,IBB,Savings,8231.81,Y
945,Credit,N/A,Credit Card,6738.34,Y
945,Loan,N/A,Auto Loan,58215.83,Y
946,Deposit,IBB,CD Long Term,18848.4,Y
946,Deposit,IBB,Money Market,4634.42,Y
946,Deposit,NIDDA,Checking,8748.58,Y
946,Deposit,IBB,Savings,8452.92,Y
946,Credit,N/A,Credit Card,3094.42,Y
947,Deposit,IBB,Money Market,15075.89,Y
947,Deposit,NIDDA,Checking,3617.84,Y
947,Deposit,IBB,Savings,3632.26,Y
947,Loan,N/A,Auto Loan,81325.74,Y
948,Deposit,IBB,Money Market,4028.11,Y
948,Deposit,NIDDA,Checking,5088.6,Y
948,Deposit,IBB,Savings,15802.2,Y
948,Credit,N/A,Credit Card,9225.72,Y
948,Loan,N/A,Personal Loan,15635.89,Y
949,Deposit,IBB,CD Short Term,53707.31,Y
949,Deposit,NIDDA,Checking,13787.35,Y
949,Deposit,IBB,Savings,8133.21,Y
949,Credit,N/A,Credit Card,11437.91,Y
950,Deposit,NIDDA,Checking,5901.68,Y
950,Credit,N/A,Credit Card,1513.85,Y
951,Deposit,IBB,CD Long Term,22060.43,Y
951,Deposit,IBB,Money Market,15107.5,Y
951,Deposit,NIDDA,Checking,7096.46,Y
951,Deposit,IBB,Savings,4356.67,Y
952,Deposit,IBB,CD Long Term,5170.31,Y
952,Deposit,NIDDA,Checking,588.64,Y
952,Deposit,IBB,Savings,12260.46,Y
952,Credit,N/A,Credit Card,4123.21,Y
952,Loan,N/A,Auto Loan,24675.07,Y
953,Deposit,NIDDA,Checking,15537.62,Y
953,Deposit,IBB,Savings,3936.42,Y
953,Credit,N/A,Credit Card,5224.45,Y
953,Loan,N/A,Home Loan,445340.67,Y
954,Deposit,NIDDA,Checking,15897.46,Y
955,Deposit,NIDDA,Checking,7222.17,Y
955,Credit,N/A,Credit Card,3310.85,Y
956,Deposit,IBB,CD Short Term,33183.72,Y
956,Deposit,IBB,Money Market,11274.12,Y
956,Deposit,NIDDA,Checking,1566.03,Y
956,Deposit,IBB,Savings,3361.97,Y
956,Loan,N/A,Home Loan,531123.73,Y
957,Deposit,IBB,CD Short Term,21822.18,Y
957,Deposit,IBB,Money Market,4960.34,Y
957,Deposit,NIDDA,Checking,2523.49,Y
957,Deposit,IBB,Savings,21826.8,Y
957,Credit,N/A,Credit Card,357.05,Y
957,Loan,N/A,Home Loan,440787.43,Y
958,Deposit,IBB,Money Market,24585.23,Y
958,Deposit,NIDDA,Checking,1983.23,Y
958,Credit,N/A,Credit Card,4063.4,Y
958,Loan,N/A,Personal Loan,11636.38,Y
959,Deposit,IBB,Money Market,19770.66,Y
959,Deposit,NIDDA,Checking,4563.22,Y
959,Deposit,IBB,Savings,5271.05,Y
960,Deposit,IBB,Money Market,11016.67,Y
960,Deposit,NIDDA,Checking,4346.06,Y
960,Credit,N/A,Credit Card,17916.47,Y
961,Deposit,IBB,CD Long Term,51033.4,Y
961,Deposit,IBB,CD Short Term,14596.04,Y
961,Deposit,NIDDA,Checking,3630.04,Y
962,Deposit,IBB,Money Market,2614.95,Y
962,Deposit,NIDDA,Checking,28661.46,Y
962,Deposit,IBB,Savings,60541.37,Y
963,Deposit,IBB,CD Long Term,157133.18,Y
963,Deposit,NIDDA,Checking,11445.43,Y
963,Deposit,IBB,CD Short Term,8554.69,Y
963,Deposit,IBB,Money Market,20416.61,Y
963,Deposit,IBB,Savings,7891.63,Y
963,Credit,N/A,Credit Card,3484.49,Y
963,Loan,N/A,Auto Loan,28221.48,Y
963,Loan,N/A,Personal Loan,22479.26,Y
964,Deposit,IBB,CD Short Term,8150.76,Y
964,Deposit,IBB,Money Market,42407.51,Y
964,Deposit,NIDDA,Checking,12941.1,Y
964,Deposit,IBB,Savings,23327.56,Y
964,Credit,N/A,Credit Card,2855.16,Y
965,Deposit,IBB,CD Short Term,13828.54,Y
965,Deposit,IBB,Money Market,19449.63,Y
965,Deposit,NIDDA,Checking,10552.65,Y
965,Deposit,IBB,Savings,13808.56,Y
966,Deposit,IBB,CD Long Term,5845.9,Y
966,Deposit,IBB,Money Market,4566.02,Y
966,Deposit,NIDDA,Checking,8483.62,Y
966,Credit,N/A,Credit Card,2012.32,Y
966,Loan,N/A,Auto Loan,37478.38,Y
966,Loan,N/A,Personal Loan,18056.11,Y
967,Deposit,IBB,CD Long Term,63104.31,Y
967,Deposit,IBB,Money Market,7632.26,Y
967,Deposit,NIDDA,Checking,6472.14,Y
967,Loan,N/A,Auto Loan,54517.51,Y
968,Deposit,IBB,Money Market,23694.2,Y
968,Deposit,NIDDA,Checking,181.54,Y
968,Deposit,IBB,Savings,14283.0,Y
968,Credit,N/A,Credit Card,3752.83,Y
969,Deposit,NIDDA,Checking,22805.76,Y
969,Deposit,IBB,Savings,6040.64,Y
969,Loan,N/A,Home Loan,363932.38,Y
969,Loan,N/A,Auto Loan,58809.46,Y
970,Deposit,IBB,CD Short Term,5506.36,Y
970,Deposit,NIDDA,Checking,4835.95,Y
970,Deposit,IBB,Savings,77397.93,Y
970,Credit,N/A,Credit Card,1625.06,Y
970,Loan,N/A,Home Loan,296692.35,Y
970,Loan,N/A,Auto Loan,15271.92,Y
970,Loan,N/A,Personal Loan,10162.06,Y
971,Deposit,IBB,CD Long Term,104019.96,Y
971,Deposit,NIDDA,Checking,45641.72,Y
971,Deposit,IBB,Savings,9333.76,Y
972,Deposit,IBB,Money Market,9392.46,Y
972,Deposit,NIDDA,Checking,5555.34,Y
972,Deposit,IBB,Savings,3820.61,Y
972,Credit,N/A,Credit Card,1605.63,Y
972,Loan,N/A,Home Loan,789865.22,Y
972,Loan,N/A,Auto Loan,76214.29,Y
972,Loan,N/A,Personal Loan,16315.95,Y
973,Deposit,NIDDA,Checking,1281.0,Y
973,Deposit,IBB,Savings,9779.19,Y
973,Loan,N/A,Home Loan,268969.03,Y
973,Loan,N/A,Auto Loan,39410.32,Y
974,Deposit,NIDDA,Checking,30801.23,Y
974,Deposit,IBB,Savings,4756.79,Y
975,Deposit,IBB,CD Short Term,8617.59,Y
975,Deposit,IBB,Money Market,10545.71,Y
975,Deposit,NIDDA,Checking,6404.14,Y
975,Deposit,IBB,Savings,10148.29,Y
975,Credit,N/A,Credit Card,1734.87,Y
976,Deposit,NIDDA,Checking,7352.77,Y
976,Deposit,IBB,Savings,5606.63,Y
976,Credit,N/A,Credit Card,6518.76,Y
977,Deposit,IBB,CD Short Term,21228.43,Y
977,Deposit,NIDDA,Checking,2445.36,Y
977,Credit,N/A,Credit Card,2796.51,Y
978,Deposit,IBB,CD Short Term,20796.41,Y
978,Deposit,IBB,Money Market,9482.21,Y
978,Deposit,NIDDA,Checking,9715.61,Y
979,Deposit,IBB,Money Market,10776.96,Y
979,Deposit,NIDDA,Checking,11939.92,Y
979,Credit,N/A,Credit Card,3813.78,Y
979,Loan,N/A,Personal Loan,12952.28,Y
980,Deposit,IBB,CD Short Term,13231.17,Y
980,Deposit,NIDDA,Checking,11661.62,Y
980,Credit,N/A,Credit Card,2713.7,Y
980,Loan,N/A,Auto Loan,26582.91,Y
981,Deposit,IBB,CD Short Term,19222.52,Y
981,Deposit,IBB,Money Market,57154.98,Y
981,Deposit,NIDDA,Checking,2142.26,Y
981,Credit,N/A,Credit Card,752.68,Y
981,Loan,N/A,Auto Loan,40869.37,Y
982,Deposit,IBB,CD Long Term,13253.27,Y
982,Deposit,IBB,CD Short Term,13995.3,Y
982,Deposit,NIDDA,Checking,3170.69,Y
982,Deposit,IBB,Savings,13183.24,Y
982,Credit,N/A,Credit Card,4618.63,Y
982,Loan,N/A,Home Loan,612928.18,Y
983,Deposit,IBB,CD Long Term,4503.14,Y
983,Deposit,IBB,Money Market,7463.42,Y
983,Deposit,NIDDA,Checking,2255.75,Y
983,Deposit,IBB,Savings,7844.74,Y
983,Loan,N/A,Home Loan,528976.23,Y
983,Loan,N/A,Auto Loan,36550.89,Y
984,Deposit,IBB,CD Short Term,5900.4,Y
984,Deposit,NIDDA,Checking,3844.62,Y
984,Deposit,IBB,Savings,3040.84,Y
984,Credit,N/A,Credit Card,5499.77,Y
985,Deposit,IBB,Money Market,18295.15,Y
985,Deposit,NIDDA,Checking,10951.57,Y
985,Deposit,IBB,Savings,41517.99,Y
985,Loan,N/A,Home Loan,441586.14,Y
986,Deposit,IBB,CD Long Term,5953.83,Y
986,Deposit,NIDDA,Checking,6870.91,Y
986,Deposit,IBB,CD Short Term,13310.18,Y
986,Deposit,IBB,Money Market,41054.79,Y
986,Deposit,IBB,Savings,43938.72,Y
986,Credit,N/A,Credit Card,1846.7,Y
986,Loan,N/A,Home Loan,540120.72,Y
987,Deposit,IBB,CD Long Term,9997.05,Y
987,Deposit,IBB,CD Short Term,17794.84,Y
987,Deposit,NIDDA,Checking,2060.54,Y
987,Deposit,IBB,Savings,2640.72,Y
987,Credit,N/A,Credit Card,5912.73,Y
988,Deposit,IBB,CD Short Term,9247.13,Y
988,Deposit,NIDDA,Checking,6932.46,Y
988,Deposit,IBB,Savings,2487.47,Y
988,Credit,N/A,Credit Card,977.08,Y
989,Deposit,IBB,Money Market,57795.75,Y
989,Deposit,NIDDA,Checking,2057.22,Y
989,Loan,N/A,Home Loan,1098362.88,Y
990,Deposit,IBB,CD Short Term,35340.7,Y
990,Deposit,NIDDA,Checking,590.71,Y
990,Deposit,IBB,Savings,3218.57,Y
990,Loan,N/A,Home Loan,1157840.29,Y
991,Deposit,IBB,CD Short Term,12779.76,Y
991,Deposit,NIDDA,Checking,16443.18,Y
991,Deposit,IBB,Savings,27356.91,Y
991,Credit,N/A,Credit Card,1049.22,Y
991,Loan,N/A,Auto Loan,34057.78,Y
991,Loan,N/A,Personal Loan,17205.13,Y
992,Deposit,IBB,Money Market,2683.54,Y
992,Deposit,NIDDA,Checking,2730.74,Y
992,Deposit,IBB,Savings,4375.39,Y
992,Credit,N/A,Credit Card,2082.89,Y
993,Deposit,IBB,CD Long Term,13601.44,Y
993,Deposit,IBB,Money Market,8988.19,Y
993,Deposit,NIDDA,Checking,2928.55,Y
993,Deposit,IBB,Savings,7373.78,Y
993,Loan,N/A,Home Loan,552021.14,Y
994,Deposit,IBB,CD Short Term,17899.74,Y
994,Deposit,IBB,Money Market,21856.27,Y
994,Deposit,NIDDA,Checking,9827.05,Y
994,Deposit,IBB,Savings,11716.08,Y
995,Deposit,IBB,CD Short Term,84138.48,Y
995,Deposit,IBB,Money Market,15609.19,Y
995,Deposit,NIDDA,Checking,5392.27,Y
995,Deposit,IBB,Savings,16118.22,Y
995,Credit,N/A,Credit Card,2271.86,Y
995,Loan,N/A,Auto Loan,54099.61,Y
995,Loan,N/A,Personal Loan,16735.16,Y
996,Deposit,IBB,Money Market,34653.39,Y
996,Deposit,NIDDA,Checking,15545.62,Y
996,Deposit,IBB,Savings,30244.07,Y
996,Credit,N/A,Credit Card,8419.06,Y
997,Deposit,NIDDA,Checking,12230.5,Y
997,Loan,N/A,Auto Loan,33888.14,Y
998,Deposit,IBB,CD Long Term,56454.67,Y
998,Deposit,NIDDA,Checking,6092.6,Y
998,Deposit,IBB,Savings,16258.58,Y
998,Credit,N/A,Credit Card,4670.91,Y
999,Deposit,IBB,Money Market,20045.27,Y
999,Deposit,NIDDA,Checking,4884.42,Y
999,Deposit,IBB,Savings,2326.26,Y
999,Loan,N/A,Home Loan,500613.44,Y
1000,Deposit,IBB,CD Long Term,49474.98,Y
1000,Deposit,IBB,Money Market,7107.36,Y
1000,Deposit,NIDDA,Checking,5950.6,Y
1000,Deposit,IBB,Savings,7882.14,Y
1000,Credit,N/A,Credit Card,1746.67,Y
1001,Deposit,IBB,Money Market,23653.33,Y
1001,Deposit,NIDDA,Checking,16255.25,Y
1001,Deposit,IBB,Savings,1364.38,Y
1001,Credit,N/A,Credit Card,8199.16,Y
1002,Deposit,IBB,Money Market,4911.85,Y
1002,Deposit,NIDDA,Checking,1687.59,Y
1002,Credit,N/A,Credit Card,3461.05,Y
1003,Deposit,IBB,Money Market,11270.01,Y
1003,Deposit,NIDDA,Checking,16452.3,Y
1003,Deposit,IBB,Savings,2045.2,Y
1003,Loan,N/A,Auto Loan,16033.83,Y
1004,Deposit,IBB,CD Long Term,6435.26,Y
1004,Deposit,IBB,CD Short Term,51990.52,Y
1004,Deposit,NIDDA,Checking,7505.81,Y
1004,Deposit,IBB,Savings,15063.1,Y
1004,Credit,N/A,Credit Card,3839.94,Y
1004,Loan,N/A,Home Loan,212545.63,Y
1004,Loan,N/A,Auto Loan,28629.46,Y
1005,Deposit,IBB,CD Long Term,30106.3,Y
1005,Deposit,NIDDA,Checking,8183.87,Y
1005,Deposit,IBB,Savings,13556.0,Y
1005,Credit,N/A,Credit Card,1570.39,Y
1006,Deposit,IBB,CD Short Term,30015.17,Y
1006,Deposit,NIDDA,Checking,273.13,Y
1006,Credit,N/A,Credit Card,2934.45,Y
1006,Loan,N/A,Personal Loan,33862.39,Y
1007,Deposit,IBB,Money Market,24935.15,Y
1007,Deposit,NIDDA,Checking,5566.71,Y
1007,Loan,N/A,Personal Loan,19214.38,Y
1008,Deposit,IBB,CD Long Term,16798.84,Y
1008,Deposit,IBB,Money Market,1155.57,Y
1008,Deposit,NIDDA,Checking,16523.17,Y
1008,Deposit,IBB,Savings,801.21,Y
1008,Loan,N/A,Auto Loan,75493.06,Y
1009,Deposit,IBB,Money Market,25160.01,Y
1009,Deposit,NIDDA,Checking,2709.07,Y
1009,Credit,N/A,Credit Card,2012.49,Y
1009,Loan,N/A,Personal Loan,23316.42,Y
1010,Deposit,IBB,CD Long Term,139832.44,Y
1010,Deposit,NIDDA,Checking,2630.55,Y
1010,Deposit,IBB,Savings,20621.24,Y
1010,Credit,N/A,Credit Card,8068.08,Y
1010,Loan,N/A,Home Loan,169427.87,Y
1011,Deposit,IBB,CD Long Term,8079.19,Y
1011,Deposit,IBB,Money Market,8177.87,Y
1011,Deposit,NIDDA,Checking,7099.77,Y
1011,Deposit,IBB,Savings,6204.02,Y
1011,Credit,N/A,Credit Card,1472.31,Y
1011,Loan,N/A,Home Loan,866271.65,Y
1012,Deposit,IBB,CD Long Term,10928.57,Y
1012,Deposit,NIDDA,Checking,1208.43,Y
1012,Deposit,IBB,CD Short Term,39731.65,Y
1012,Deposit,IBB,Money Market,18886.18,Y
1012,Deposit,IBB,Savings,10209.9,Y
1012,Credit,N/A,Credit Card,1132.38,Y
1013,Deposit,IBB,CD Long Term,11546.88,Y
1013,Deposit,IBB,CD Short Term,9987.1,Y
1013,Deposit,IBB,Money Market,9996.09,Y
1013,Deposit,NIDDA,Checking,7913.53,Y
1013,Credit,N/A,Credit Card,3489.31,Y
1014,Deposit,IBB,CD Short Term,11745.99,Y
1014,Deposit,IBB,Money Market,55851.77,Y
1014,Deposit,NIDDA,Checking,2658.52,Y
1014,Deposit,IBB,Savings,19098.68,Y
1015,Deposit,IBB,CD Short Term,68580.34,Y
1015,Deposit,NIDDA,Checking,31127.5,Y
1015,Deposit,IBB,Savings,10038.77,Y
1015,Credit,N/A,Credit Card,4678.09,Y
1015,Loan,N/A,Home Loan,1120930.88,Y
1016,Deposit,NIDDA,Checking,14093.58,Y
1016,Deposit,IBB,Savings,17702.89,Y
1016,Credit,N/A,Credit Card,724.3,Y
1016,Loan,N/A,Auto Loan,28151.91,Y
1017,Deposit,NIDDA,Checking,11415.99,Y
1017,Deposit,IBB,Savings,7968.16,Y
1017,Credit,N/A,Credit Card,1811.32,Y
1017,Loan,N/A,Auto Loan,31170.77,Y
1018,Deposit,IBB,CD Long Term,11779.67,Y
1018,Deposit,NIDDA,Checking,3197.85,Y
1018,Deposit,IBB,CD Short Term,35683.44,Y
1018,Deposit,IBB,Money Market,4742.31,Y
1018,Deposit,IBB,Savings,12793.54,Y
1018,Loan,N/A,Home Loan,503126.04,Y
1019,Deposit,IBB,CD Long Term,23237.09,Y
1019,Deposit,NIDDA,Checking,3365.91,Y
1019,Deposit,IBB,Savings,47573.07,Y
1019,Credit,N/A,Credit Card,1908.3,Y
1019,Loan,N/A,Home Loan,495745.71,Y
1019,Loan,N/A,Auto Loan,48159.54,Y
1020,Deposit,IBB,CD Short Term,8559.8,Y
1020,Deposit,IBB,Money Market,7253.05,Y
1020,Deposit,NIDDA,Checking,1316.87,Y
1020,Deposit,IBB,Savings,36942.34,Y
1021,Deposit,NIDDA,Checking,2840.84,Y
1021,Deposit,IBB,Savings,13601.35,Y
1021,Credit,N/A,Credit Card,1770.45,Y
1021,Loan,N/A,Home Loan,378880.85,Y
1022,Deposit,IBB,CD Long Term,28099.78,Y
1022,Deposit,NIDDA,Checking,1417.18,Y
1022,Credit,N/A,Credit Card,1271.91,Y
1022,Loan,N/A,Auto Loan,71035.19,Y
1022,Loan,N/A,Personal Loan,18501.07,Y
1023,Deposit,NIDDA,Checking,77349.84,Y
1023,Deposit,IBB,Savings,12110.44,Y
1024,Deposit,IBB,CD Short Term,120785.04,Y
1024,Deposit,IBB,Money Market,77376.75,Y
1024,Deposit,NIDDA,Checking,8396.45,Y
1024,Loan,N/A,Home Loan,369937.46,Y
1025,Deposit,IBB,CD Short Term,34115.44,Y
1025,Deposit,NIDDA,Checking,4696.33,Y
1025,Deposit,IBB,Savings,7979.42,Y
1025,Credit,N/A,Credit Card,3585.46,Y
1025,Loan,N/A,Home Loan,363275.59,Y
1025,Loan,N/A,Personal Loan,6930.96,Y
1026,Deposit,IBB,CD Long Term,22530.61,Y
1026,Deposit,IBB,Money Market,10044.98,Y
1026,Deposit,NIDDA,Checking,3597.69,Y
1026,Deposit,IBB,Savings,7686.46,Y
1026,Loan,N/A,Auto Loan,23274.09,Y
1027,Deposit,IBB,Money Market,13972.89,Y
1027,Deposit,NIDDA,Checking,994.09,Y
1027,Deposit,IBB,Savings,14021.66,Y
1027,Credit,N/A,Credit Card,937.61,Y
1027,Loan,N/A,Home Loan,846515.98,Y
1028,Deposit,IBB,CD Short Term,5754.69,Y
1028,Deposit,NIDDA,Checking,1957.78,Y
1028,Deposit,IBB,Savings,18924.07,Y
1028,Credit,N/A,Credit Card,1671.86,Y
1028,Loan,N/A,Auto Loan,47446.02,Y
1029,Deposit,IBB,CD Short Term,18941.42,Y
1029,Deposit,NIDDA,Checking,4445.92,Y
1029,Deposit,IBB,Savings,15437.49,Y
1029,Credit,N/A,Credit Card,1157.89,Y
1029,Loan,N/A,Home Loan,475310.26,Y
1030,Deposit,IBB,Money Market,25285.09,Y
1030,Deposit,NIDDA,Checking,12471.61,Y
1030,Credit,N/A,Credit Card,12403.62,Y
1031,Deposit,IBB,Money Market,35893.16,Y
1031,Deposit,NIDDA,Checking,10770.31,Y
1031,Deposit,IBB,Savings,4516.45,Y
1031,Loan,N/A,Personal Loan,25810.94,Y
1032,Deposit,NIDDA,Checking,3206.72,Y
1032,Credit,N/A,Credit Card,6845.19,Y
1033,Deposit,IBB,Money Market,56553.27,Y
1033,Deposit,NIDDA,Checking,5027.02,Y
1033,Credit,N/A,Credit Card,4224.97,Y
1033,Loan,N/A,Auto Loan,34358.79,Y
1034,Deposit,IBB,CD Short Term,4536.4,Y
1034,Deposit,IBB,Money Market,46720.11,Y
1034,Deposit,NIDDA,Checking,3990.88,Y
1034,Loan,N/A,Auto Loan,20842.83,Y
1035,Deposit,IBB,Money Market,5317.8,Y
1035,Deposit,NIDDA,Checking,5253.36,Y
1035,Deposit,IBB,Savings,6185.82,Y
1035,Credit,N/A,Credit Card,517.6,Y
1035,Loan,N/A,Home Loan,355047.65,Y
1036,Deposit,IBB,CD Short Term,29644.96,Y
1036,Deposit,IBB,Money Market,9422.84,Y
1036,Deposit,NIDDA,Checking,6594.08,Y
1036,Deposit,IBB,Savings,1535.76,Y
1036,Loan,N/A,Auto Loan,46917.55,Y
1037,Deposit,IBB,CD Long Term,7748.97,Y
1037,Deposit,NIDDA,Checking,2679.55,Y
1037,Deposit,IBB,Savings,5194.28,Y
1037,Credit,N/A,Credit Card,413.69,Y
1037,Loan,N/A,Home Loan,419062.42,Y
1038,Deposit,IBB,Money Market,11980.62,Y
1038,Deposit,NIDDA,Checking,10474.93,Y
1038,Deposit,IBB,Savings,3315.34,Y
1038,Credit,N/A,Credit Card,4570.26,Y
1038,Loan,N/A,Home Loan,597012.29,Y
1039,Deposit,IBB,CD Long Term,23080.61,Y
1039,Deposit,IBB,Money Market,31554.24,Y
1039,Deposit,NIDDA,Checking,2396.81,Y
1040,Deposit,NIDDA,Checking,5701.19,Y
1040,Deposit,IBB,Savings,10675.1,Y
1041,Deposit,IBB,Money Market,9092.52,Y
1041,Deposit,NIDDA,Checking,906.58,Y
1041,Credit,N/A,Credit Card,3266.55,Y
1041,Loan,N/A,Home Loan,234056.08,Y
1042,Deposit,IBB,CD Short Term,32089.16,Y
1042,Deposit,NIDDA,Checking,5229.04,Y
1042,Deposit,IBB,Savings,10906.26,Y
1042,Credit,N/A,Credit Card,4750.12,Y
1042,Loan,N/A,Home Loan,634122.06,Y
1042,Loan,N/A,Auto Loan,74014.63,Y
1043,Deposit,IBB,Money Market,11322.58,Y
1043,Deposit,NIDDA,Checking,4525.93,Y
1043,Credit,N/A,Credit Card,14065.06,Y
1043,Loan,N/A,Auto Loan,27155.86,Y
1043,Loan,N/A,Personal Loan,7351.68,Y
1044,Deposit,NIDDA,Checking,13716.98,Y
1044,Deposit,IBB,Savings,34342.57,Y
1044,Loan,N/A,Personal Loan,18332.62,Y
1045,Deposit,IBB,CD Long Term,19593.93,Y
1045,Deposit,IBB,CD Short Term,3263.86,Y
1045,Deposit,NIDDA,Checking,41337.76,Y
1045,Deposit,IBB,Savings,26170.25,Y
1045,Credit,N/A,Credit Card,6037.78,Y
1045,Loan,N/A,Home Loan,491134.82,Y
1046,Deposit,IBB,CD Short Term,149249.31,Y
1046,Deposit,NIDDA,Checking,2359.98,Y
1047,Deposit,IBB,CD Short Term,21986.68,Y
1047,Deposit,NIDDA,Checking,15445.38,Y
1048,Deposit,IBB,Money Market,8166.98,Y
1048,Deposit,NIDDA,Checking,6299.9,Y
1048,Deposit,IBB,Savings,4339.27,Y
1048,Credit,N/A,Credit Card,2253.02,Y
1048,Loan,N/A,Home Loan,910209.33,Y
1048,Loan,N/A,Auto Loan,72674.38,Y
1049,Deposit,IBB,Money Market,2852.98,Y
1049,Deposit,NIDDA,Checking,3048.57,Y
1049,Deposit,IBB,Savings,6414.62,Y
1049,Loan,N/A,Home Loan,386408.14,Y
1050,Deposit,NIDDA,Checking,20084.39,Y
1051,Deposit,IBB,CD Short Term,1211.17,Y
1051,Deposit,IBB,Money Market,20990.99,Y
1051,Deposit,NIDDA,Checking,23912.18,Y
1051,Deposit,IBB,Savings,43727.28,Y
1051,Credit,N/A,Credit Card,2145.67,Y
1051,Loan,N/A,Home Loan,932128.14,Y
1051,Loan,N/A,Auto Loan,47769.53,Y
1052,Deposit,NIDDA,Checking,2922.98,Y
1052,Deposit,IBB,Savings,4967.54,Y
1052,Credit,N/A,Credit Card,19589.77,Y
1052,Loan,N/A,Auto Loan,30202.8,Y
1053,Deposit,IBB,CD Long Term,8228.53,Y
1053,Deposit,IBB,CD Short Term,10967.83,Y
1053,Deposit,IBB,Money Market,43525.7,Y
1053,Deposit,NIDDA,Checking,3640.18,Y
1053,Credit,N/A,Credit Card,4635.1,Y
1053,Loan,N/A,Home Loan,814070.43,Y
1054,Deposit,IBB,Money Market,3946.82,Y
1054,Deposit,NIDDA,Checking,27450.39,Y
1055,Deposit,IBB,CD Long Term,5341.8,Y
1055,Deposit,IBB,CD Short Term,50648.1,Y
1055,Deposit,NIDDA,Checking,4586.84,Y
1055,Deposit,IBB,Savings,16921.44,Y
1056,Deposit,IBB,Money Market,8446.37,Y
1056,Deposit,NIDDA,Checking,7001.89,Y
1056,Deposit,IBB,Savings,3429.58,Y
1056,Credit,N/A,Credit Card,670.43,Y
1056,Loan,N/A,Personal Loan,28062.65,Y
1057,Deposit,IBB,CD Long Term,20026.38,Y
1057,Deposit,NIDDA,Checking,7158.65,Y
1057,Deposit,IBB,CD Short Term,32987.14,Y
1057,Deposit,IBB,Money Market,4487.27,Y
1057,Deposit,IBB,Savings,21036.88,Y
1057,Loan,N/A,Home Loan,719677.18,Y
1057,Loan,N/A,Auto Loan,38374.26,Y
1058,Deposit,IBB,Money Market,20415.76,Y
1058,Deposit,NIDDA,Checking,9580.3,Y
1058,Loan,N/A,Personal Loan,10634.35,Y
1059,Deposit,IBB,CD Long Term,25306.47,Y
1059,Deposit,IBB,Money Market,8236.55,Y
1059,Deposit,NIDDA,Checking,3363.76,Y
1059,Deposit,IBB,Savings,3540.13,Y
1060,Deposit,NIDDA,Checking,14633.71,Y
1060,Deposit,IBB,Savings,65572.26,Y
1060,Credit,N/A,Credit Card,16080.93,Y
1060,Loan,N/A,Personal Loan,14876.63,Y
1061,Deposit,IBB,Money Market,6071.86,Y
1061,Deposit,NIDDA,Checking,2619.87,Y
1061,Deposit,IBB,Savings,6220.88,Y
1061,Credit,N/A,Credit Card,4912.14,Y
1062,Deposit,IBB,CD Short Term,15586.51,Y
1062,Deposit,IBB,Money Market,37468.07,Y
1062,Deposit,NIDDA,Checking,3677.96,Y
1062,Deposit,IBB,Savings,3131.77,Y
1062,Credit,N/A,Credit Card,2777.4,Y
1063,Deposit,IBB,Money Market,6355.26,Y
1063,Deposit,NIDDA,Checking,5741.24,Y
1064,Deposit,IBB,Money Market,21828.71,Y
1064,Deposit,NIDDA,Checking,26209.79,Y
1064,Loan,N/A,Auto Loan,40756.95,Y
1065,Deposit,NIDDA,Checking,10058.58,Y
1065,Deposit,IBB,Savings,1995.65,Y
1066,Deposit,NIDDA,Checking,11126.51,Y
1066,Loan,N/A,Home Loan,438180.73,Y
1066,Loan,N/A,Auto Loan,25052.19,Y
1067,Deposit,IBB,CD Long Term,32409.44,Y
1067,Deposit,NIDDA,Checking,6446.54,Y
1067,Deposit,IBB,Savings,4601.85,Y
1067,Loan,N/A,Personal Loan,31998.08,Y
1068,Deposit,IBB,Money Market,26394.37,Y
1068,Deposit,NIDDA,Checking,21098.5,Y
1068,Deposit,IBB,Savings,3481.4,Y
1068,Loan,N/A,Home Loan,314423.61,Y
1069,Deposit,NIDDA,Checking,2696.82,Y
1069,Deposit,IBB,Savings,19619.17,Y
1069,Credit,N/A,Credit Card,3626.41,Y
1069,Loan,N/A,Auto Loan,23660.45,Y
1070,Deposit,IBB,CD Long Term,6280.13,Y
1070,Deposit,NIDDA,Checking,1090.98,Y
1070,Deposit,IBB,CD Short Term,36826.27,Y
1070,Deposit,IBB,Money Market,4758.85,Y
1070,Deposit,IBB,Savings,1771.61,Y
1070,Credit,N/A,Credit Card,2418.38,Y
1070,Loan,N/A,Home Loan,417357.01,Y
1070,Loan,N/A,Personal Loan,22091.66,Y
1071,Deposit,IBB,CD Short Term,8607.39,Y
1071,Deposit,NIDDA,Checking,6880.12,Y
1071,Deposit,IBB,Savings,1433.19,Y
1071,Credit,N/A,Credit Card,4145.71,Y
1071,Loan,N/A,Home Loan,380646.08,Y
1072,Deposit,IBB,CD Short Term,18012.82,Y
1072,Deposit,NIDDA,Checking,8362.54,Y
1072,Deposit,IBB,Savings,5030.33,Y
1072,Credit,N/A,Credit Card,1363.39,Y
1072,Loan,N/A,Auto Loan,46698.84,Y
1072,Loan,N/A,Personal Loan,6693.01,Y
1073,Deposit,IBB,CD Short Term,44776.76,Y
1073,Deposit,IBB,Money Market,2014.02,Y
1073,Deposit,NIDDA,Checking,17029.44,Y
1073,Credit,N/A,Credit Card,5056.58,Y
1073,Loan,N/A,Home Loan,251054.8,Y
1074,Deposit,IBB,CD Long Term,42760.69,Y
1074,Deposit,IBB,Money Market,18599.56,Y
1074,Deposit,NIDDA,Checking,11247.12,Y
1074,Deposit,IBB,Savings,3142.57,Y
1074,Credit,N/A,Credit Card,4200.53,Y
1075,Deposit,NIDDA,Checking,10287.99,Y
1075,Deposit,IBB,Savings,11670.98,Y
1075,Loan,N/A,Auto Loan,52714.81,Y
1076,Deposit,NIDDA,Checking,2273.11,Y
1076,Deposit,IBB,Savings,4529.75,Y
1076,Loan,N/A,Auto Loan,59143.96,Y
1076,Loan,N/A,Personal Loan,4665.31,Y
1077,Deposit,IBB,CD Short Term,16601.13,Y
1077,Deposit,IBB,Money Market,4546.47,Y
1077,Deposit,NIDDA,Checking,5726.32,Y
1077,Deposit,IBB,Savings,7079.72,Y
1077,Credit,N/A,Credit Card,399.67,Y
1078,Deposit,NIDDA,Checking,9790.63,Y
1078,Deposit,IBB,Savings,8258.73,Y
1078,Credit,N/A,Credit Card,1104.79,Y
1079,Deposit,IBB,Money Market,21638.77,Y
1079,Deposit,NIDDA,Checking,5480.58,Y
1079,Deposit,IBB,Savings,2585.53,Y
1080,Deposit,IBB,Money Market,4126.24,Y
1080,Deposit,NIDDA,Checking,2276.32,Y
1080,Deposit,IBB,Savings,4253.83,Y
1080,Loan,N/A,Home Loan,307549.68,Y
1081,Deposit,IBB,Money Market,12293.6,Y
1081,Deposit,NIDDA,Checking,5667.84,Y
1081,Deposit,IBB,Savings,8542.28,Y
1081,Credit,N/A,Credit Card,2311.48,Y
1082,Deposit,IBB,CD Long Term,9216.66,Y
1082,Deposit,IBB,CD Short Term,40601.22,Y
1082,Deposit,NIDDA,Checking,13930.58,Y
1082,Deposit,IBB,Savings,7561.94,Y
1082,Loan,N/A,Auto Loan,38535.61,Y
1083,Deposit,NIDDA,Checking,14552.6,Y
1083,Deposit,IBB,Savings,14242.34,Y
1083,Credit,N/A,Credit Card,1763.39,Y
1083,Loan,N/A,Home Loan,553881.09,Y
1083,Loan,N/A,Auto Loan,20069.86,Y
1084,Deposit,IBB,CD Long Term,7815.79,Y
1084,Deposit,IBB,CD Short Term,19440.94,Y
1084,Deposit,NIDDA,Checking,10157.48,Y
1085,Deposit,IBB,CD Long Term,24782.87,Y
1085,Deposit,NIDDA,Checking,4506.46,Y
1085,Deposit,IBB,CD Short Term,45352.03,Y
1085,Deposit,IBB,Money Market,8368.79,Y
1085,Deposit,IBB,Savings,18378.32,Y
1085,Loan,N/A,Auto Loan,20955.55,Y
1086,Deposit,IBB,CD Short Term,12159.31,Y
1086,Deposit,IBB,Money Market,29340.03,Y
1086,Deposit,NIDDA,Checking,1750.66,Y
1086,Deposit,IBB,Savings,142997.79,Y
1087,Deposit,IBB,CD Long Term,5954.93,Y
1087,Deposit,IBB,Money Market,19268.11,Y
1087,Deposit,NIDDA,Checking,6524.77,Y
1087,Credit,N/A,Credit Card,1554.94,Y
1087,Loan,N/A,Auto Loan,34260.1,Y
1088,Deposit,IBB,CD Short Term,7180.82,Y
1088,Deposit,IBB,Money Market,12614.18,Y
1088,Deposit,NIDDA,Checking,12463.19,Y
1088,Deposit,IBB,Savings,10391.38,Y
1088,Credit,N/A,Credit Card,8836.44,Y
1088,Loan,N/A,Home Loan,284161.2,Y
1089,Deposit,IBB,CD Short Term,24856.78,Y
1089,Deposit,NIDDA,Checking,2999.78,Y
1089,Deposit,IBB,Savings,6315.83,Y
1089,Credit,N/A,Credit Card,10163.22,Y
1089,Loan,N/A,Personal Loan,25818.41,Y
1090,Deposit,IBB,CD Long Term,11381.6,Y
1090,Deposit,NIDDA,Checking,2769.59,Y
1090,Deposit,IBB,Savings,28808.69,Y
1091,Deposit,IBB,CD Long Term,50842.65,Y
1091,Deposit,IBB,Money Market,132410.51,Y
1091,Deposit,NIDDA,Checking,4992.6,Y
1091,Deposit,IBB,Savings,20616.22,Y
1091,Loan,N/A,Auto Loan,51183.59,Y
1092,Deposit,NIDDA,Checking,19067.07,Y
1092,Loan,N/A,Home Loan,445238.78,Y
1092,Loan,N/A,Personal Loan,12044.55,Y
1093,Deposit,NIDDA,Checking,9670.62,Y
1093,Deposit,IBB,Savings,8694.52,Y
1093,Credit,N/A,Credit Card,516.68,Y
1094,Deposit,NIDDA,Checking,1457.26,Y
1094,Deposit,IBB,Savings,11515.85,Y
1094,Credit,N/A,Credit Card,2008.11,Y
1094,Loan,N/A,Auto Loan,34213.22,Y
1094,Loan,N/A,Personal Loan,14841.24,Y
1095,Deposit,IBB,CD Long Term,101276.19,Y
1095,Deposit,IBB,CD Short Term,37097.99,Y
1095,Deposit,IBB,Money Market,38587.9,Y
1095,Deposit,NIDDA,Checking,7583.96,Y
1095,Credit,N/A,Credit Card,1465.28,Y
1096,Deposit,IBB,CD Short Term,11951.89,Y
1096,Deposit,NIDDA,Checking,7191.76,Y
1096,Credit,N/A,Credit Card,4280.66,Y
1096,Loan,N/A,Home Loan,559177.53,Y
1097,Deposit,IBB,Money Market,6998.12,Y
1097,Deposit,NIDDA,Checking,51972.35,Y
1097,Deposit,IBB,Savings,9566.23,Y
1097,Credit,N/A,Credit Card,954.24,Y
1098,Deposit,NIDDA,Checking,12367.12,Y
1098,Deposit,IBB,Savings,5694.17,Y
1098,Credit,N/A,Credit Card,458.28,Y
1098,Loan,N/A,Home Loan,485087.69,Y
1098,Loan,N/A,Auto Loan,20197.5,Y
1099,Deposit,IBB,Money Market,23452.76,Y
1099,Deposit,NIDDA,Checking,3267.94,Y
1099,Deposit,IBB,Savings,5311.71,Y
1099,Credit,N/A,Credit Card,3388.57,Y
1100,Deposit,NIDDA,Checking,4797.83,Y
1100,Deposit,IBB,Savings,1303.56,Y
1101,Deposit,IBB,Money Market,2828.97,Y
1101,Deposit,NIDDA,Checking,10993.54,Y
1101,Deposit,IBB,Savings,4900.79,Y
1101,Credit,N/A,Credit Card,2016.22,Y
1102,Deposit,IBB,CD Long Term,47102.99,Y
1102,Deposit,IBB,Money Market,4270.4,Y
1102,Deposit,NIDDA,Checking,2068.23,Y
1102,Deposit,IBB,Savings,8576.76,Y
1103,Deposit,IBB,CD Long Term,10311.82,Y
1103,Deposit,IBB,CD Short Term,14657.59,Y
1103,Deposit,IBB,Money Market,48827.81,Y
1103,Deposit,NIDDA,Checking,1809.26,Y
1103,Credit,N/A,Credit Card,4319.89,Y
1103,Loan,N/A,Home Loan,455290.14,Y
1104,Deposit,IBB,CD Long Term,10356.28,Y
1104,Deposit,NIDDA,Checking,1523.63,Y
1104,Loan,N/A,Auto Loan,26719.63,Y
1105,Deposit,IBB,Money Market,33294.2,Y
1105,Deposit,NIDDA,Checking,17237.65,Y
1105,Deposit,IBB,Savings,3141.73,Y
1105,Credit,N/A,Credit Card,615.68,Y
1106,Deposit,IBB,CD Short Term,7482.36,Y
1106,Deposit,IBB,Money Market,17486.19,Y
1106,Deposit,NIDDA,Checking,21100.56,Y
1106,Deposit,IBB,Savings,3670.87,Y
1106,Credit,N/A,Credit Card,1636.76,Y
1106,Loan,N/A,Home Loan,265485.42,Y
1107,Deposit,IBB,CD Short Term,38709.95,Y
1107,Deposit,IBB,Money Market,9800.91,Y
1107,Deposit,NIDDA,Checking,3772.16,Y
1107,Credit,N/A,Credit Card,2757.17,Y
1107,Loan,N/A,Auto Loan,26239.45,Y
1108,Deposit,IBB,CD Short Term,23958.71,Y
1108,Deposit,IBB,Money Market,7380.96,Y
1108,Deposit,NIDDA,Checking,2057.85,Y
1108,Deposit,IBB,Savings,4228.77,Y
1109,Deposit,IBB,CD Short Term,6150.25,Y
1109,Deposit,NIDDA,Checking,12096.71,Y
1109,Deposit,IBB,Savings,8846.95,Y
1109,Credit,N/A,Credit Card,1839.08,Y
1110,Deposit,NIDDA,Checking,1674.52,Y
1110,Loan,N/A,Home Loan,326678.27,Y
1111,Deposit,IBB,CD Long Term,35462.98,Y
1111,Deposit,NIDDA,Checking,50762.35,Y
1111,Deposit,IBB,CD Short Term,8951.62,Y
1111,Deposit,IBB,Money Market,12966.07,Y
1111,Deposit,IBB,Savings,2655.52,Y
1111,Credit,N/A,Credit Card,6472.4,Y
1111,Loan,N/A,Auto Loan,37650.48,Y
1112,Deposit,IBB,CD Short Term,2244.54,Y
1112,Deposit,NIDDA,Checking,8660.47,Y
1112,Deposit,IBB,Savings,6596.61,Y
1112,Credit,N/A,Credit Card,3576.61,Y
1113,Deposit,IBB,CD Short Term,8020.48,Y
1113,Deposit,NIDDA,Checking,10444.71,Y
1113,Credit,N/A,Credit Card,955.54,Y
1114,Deposit,IBB,Money Market,15335.85,Y
1114,Deposit,NIDDA,Checking,7765.8,Y
1114,Loan,N/A,Personal Loan,6540.22,Y
1115,Deposit,NIDDA,Checking,22763.29,Y
1115,Deposit,IBB,Savings,5477.27,Y
1115,Credit,N/A,Credit Card,2525.04,Y
1116,Deposit,IBB,CD Short Term,15675.49,Y
1116,Deposit,IBB,Money Market,26712.88,Y
1116,Deposit,NIDDA,Checking,4942.34,Y
1116,Deposit,IBB,Savings,2325.34,Y
1116,Credit,N/A,Credit Card,1357.1,Y
1117,Deposit,IBB,Money Market,6852.52,Y
1117,Deposit,NIDDA,Checking,3035.71,Y
1117,Deposit,IBB,Savings,51285.74,Y
1117,Loan,N/A,Home Loan,364182.68,Y
1117,Loan,N/A,Auto Loan,42284.17,Y
1118,Deposit,IBB,Money Market,19207.39,Y
1118,Deposit,NIDDA,Checking,4783.5,Y
1118,Deposit,IBB,Savings,1017.22,Y
1118,Loan,N/A,Home Loan,465398.83,Y
1119,Deposit,IBB,CD Short Term,19204.56,Y
1119,Deposit,NIDDA,Checking,6362.28,Y
1119,Deposit,IBB,Savings,5972.48,Y
1119,Credit,N/A,Credit Card,1332.95,Y
1119,Loan,N/A,Auto Loan,30181.77,Y
1119,Loan,N/A,Personal Loan,8435.0,Y
1120,Deposit,IBB,CD Long Term,66016.31,Y
1120,Deposit,IBB,CD Short Term,47176.41,Y
1120,Deposit,NIDDA,Checking,6539.58,Y
1120,Deposit,IBB,Savings,2781.47,Y
1121,Deposit,IBB,Money Market,10348.55,Y
1121,Deposit,NIDDA,Checking,9861.94,Y
1121,Deposit,IBB,Savings,2260.17,Y
1122,Deposit,IBB,CD Short Term,28975.29,Y
1122,Deposit,IBB,Money Market,4589.6,Y
1122,Deposit,NIDDA,Checking,30781.06,Y
1122,Credit,N/A,Credit Card,1673.12,Y
1123,Deposit,IBB,CD Long Term,45288.1,Y
1123,Deposit,NIDDA,Checking,4225.08,Y
1123,Deposit,IBB,Savings,19278.06,Y
1124,Deposit,IBB,CD Short Term,33441.73,Y
1124,Deposit,NIDDA,Checking,3571.42,Y
1124,Deposit,IBB,Savings,12301.71,Y
1124,Credit,N/A,Credit Card,5854.78,Y
1124,Loan,N/A,Home Loan,255350.31,Y
1125,Deposit,NIDDA,Checking,4995.4,Y
1125,Deposit,IBB,Savings,2996.56,Y
1126,Deposit,IBB,CD Long Term,49799.78,Y
1126,Deposit,IBB,Money Market,2402.41,Y
1126,Deposit,NIDDA,Checking,3458.0,Y
1126,Deposit,IBB,Savings,34541.59,Y
1127,Deposit,IBB,Money Market,14159.25,Y
1127,Deposit,NIDDA,Checking,11731.73,Y
1127,Deposit,IBB,Savings,1796.47,Y
1128,Deposit,IBB,CD Long Term,14758.89,Y
1128,Deposit,NIDDA,Checking,659.16,Y
1128,Credit,N/A,Credit Card,4698.79,Y
1129,Deposit,IBB,CD Long Term,30770.72,Y
1129,Deposit,NIDDA,Checking,4596.09,Y
1129,Deposit,IBB,Savings,7961.58,Y
1129,Loan,N/A,Auto Loan,14173.8,Y
1129,Loan,N/A,Personal Loan,19495.2,Y
1130,Deposit,NIDDA,Checking,4259.42,Y
1130,Loan,N/A,Auto Loan,26388.39,Y
1130,Loan,N/A,Personal Loan,43737.33,Y
1131,Deposit,IBB,CD Long Term,21023.97,Y
1131,Deposit,IBB,Money Market,24833.01,Y
1131,Deposit,NIDDA,Checking,892.27,Y
1131,Deposit,IBB,Savings,6426.83,Y
1131,Loan,N/A,Personal Loan,19195.15,Y
1132,Deposit,IBB,Money Market,4170.01,Y
1132,Deposit,NIDDA,Checking,3189.72,Y
1133,Deposit,IBB,Money Market,12263.88,Y
1133,Deposit,NIDDA,Checking,7056.31,Y
1133,Deposit,IBB,Savings,42467.07,Y
1133,Loan,N/A,Auto Loan,21886.53,Y
1134,Deposit,IBB,CD Short Term,4204.76,Y
1134,Deposit,IBB,Money Market,7242.0,Y
1134,Deposit,NIDDA,Checking,3869.37,Y
1134,Deposit,IBB,Savings,2130.12,Y
1135,Deposit,IBB,CD Short Term,8259.91,Y
1135,Deposit,NIDDA,Checking,3063.94,Y
1135,Deposit,IBB,Savings,4655.83,Y
1135,Credit,N/A,Credit Card,5999.62,Y
1136,Deposit,IBB,CD Short Term,10544.51,Y
1136,Deposit,IBB,Money Market,4174.73,Y
1136,Deposit,NIDDA,Checking,11862.24,Y
1136,Deposit,IBB,Savings,9907.87,Y
1136,Loan,N/A,Personal Loan,15380.8,Y
1137,Deposit,IBB,CD Long Term,71401.93,Y
1137,Deposit,IBB,Money Market,13970.5,Y
1137,Deposit,NIDDA,Checking,3027.52,Y
1137,Loan,N/A,Auto Loan,25984.47,Y
1138,Deposit,IBB,CD Short Term,14053.21,Y
1138,Deposit,IBB,Money Market,6984.78,Y
1138,Deposit,NIDDA,Checking,3797.19,Y
1138,Credit,N/A,Credit Card,2882.04,Y
1138,Loan,N/A,Home Loan,506062.44,Y
1139,Deposit,IBB,CD Long Term,9627.48,Y
1139,Deposit,IBB,Money Market,13652.04,Y
1139,Deposit,NIDDA,Checking,4152.54,Y
1139,Deposit,IBB,Savings,28179.34,Y
1139,Credit,N/A,Credit Card,1824.26,Y
1140,Deposit,IBB,CD Short Term,61263.62,Y
1140,Deposit,NIDDA,Checking,3731.45,Y
1140,Deposit,IBB,Savings,15983.99,Y
1140,Credit,N/A,Credit Card,851.93,Y
1141,Deposit,IBB,CD Short Term,40001.73,Y
1141,Deposit,IBB,Money Market,4786.59,Y
1141,Deposit,NIDDA,Checking,15797.28,Y
1141,Deposit,IBB,Savings,66893.05,Y
1141,Credit,N/A,Credit Card,6055.46,Y
1141,Loan,N/A,Auto Loan,52570.97,Y
1142,Deposit,IBB,CD Short Term,13187.29,Y
1142,Deposit,NIDDA,Checking,2914.5,Y
1142,Deposit,IBB,Savings,48097.42,Y
1142,Credit,N/A,Credit Card,844.22,Y
1143,Deposit,IBB,CD Short Term,16232.89,Y
1143,Deposit,IBB,Money Market,17712.06,Y
1143,Deposit,NIDDA,Checking,3515.18,Y
1143,Deposit,IBB,Savings,8803.05,Y
1143,Credit,N/A,Credit Card,1180.67,Y
1143,Loan,N/A,Personal Loan,14049.43,Y
1144,Deposit,NIDDA,Checking,4774.87,Y
1144,Credit,N/A,Credit Card,19007.96,Y
1145,Deposit,IBB,CD Short Term,2639.85,Y
1145,Deposit,NIDDA,Checking,3803.54,Y
1145,Deposit,IBB,Savings,6405.1,Y
1146,Deposit,IBB,CD Short Term,16628.36,Y
1146,Deposit,NIDDA,Checking,4431.92,Y
1146,Deposit,IBB,Savings,5529.51,Y
1146,Credit,N/A,Credit Card,1512.82,Y
1147,Deposit,IBB,CD Long Term,19786.59,Y
1147,Deposit,NIDDA,Checking,3817.42,Y
1147,Deposit,IBB,Savings,5132.34,Y
1148,Deposit,NIDDA,Checking,3009.38,Y
1148,Credit,N/A,Credit Card,1431.36,Y
1148,Loan,N/A,Auto Loan,99114.93,Y
1149,Deposit,IBB,CD Long Term,66626.8,Y
1149,Deposit,IBB,Money Market,14650.36,Y
1149,Deposit,NIDDA,Checking,3667.01,Y
1149,Deposit,IBB,Savings,6435.17,Y
1149,Loan,N/A,Home Loan,1277593.29,Y
1149,Loan,N/A,Auto Loan,29655.79,Y
1150,Deposit,NIDDA,Checking,19658.52,Y
1150,Credit,N/A,Credit Card,1276.67,Y
1150,Loan,N/A,Auto Loan,22572.25,Y
1151,Deposit,NIDDA,Checking,13469.44,Y
1151,Deposit,IBB,Savings,13664.85,Y
1152,Deposit,IBB,Money Market,4926.4,Y
1152,Deposit,NIDDA,Checking,9729.28,Y
1152,Deposit,IBB,Savings,15066.5,Y
1152,Credit,N/A,Credit Card,8067.19,Y
1153,Deposit,NIDDA,Checking,2918.15,Y
1153,Loan,N/A,Auto Loan,71939.33,Y
1154,Deposit,IBB,CD Short Term,18830.77,Y
1154,Deposit,IBB,Money Market,5282.26,Y
1154,Deposit,NIDDA,Checking,11449.24,Y
1154,Loan,N/A,Auto Loan,47068.59,Y
1154,Loan,N/A,Personal Loan,19969.53,Y
1155,Deposit,IBB,CD Short Term,3346.29,Y
1155,Deposit,NIDDA,Checking,4378.3,Y
1155,Deposit,IBB,Savings,7314.35,Y
1155,Credit,N/A,Credit Card,2592.91,Y
1156,Deposit,IBB,CD Long Term,16495.45,Y
1156,Deposit,NIDDA,Checking,9196.8,Y
1156,Deposit,IBB,CD Short Term,18019.24,Y
1156,Deposit,IBB,Money Market,11802.1,Y
1156,Deposit,IBB,Savings,8469.93,Y
1156,Credit,N/A,Credit Card,2485.12,Y
1156,Loan,N/A,Auto Loan,40362.0,Y
1157,Deposit,IBB,CD Long Term,28381.87,Y
1157,Deposit,NIDDA,Checking,2433.31,Y
1157,Loan,N/A,Home Loan,325100.85,Y
1158,Deposit,IBB,CD Short Term,59814.89,Y
1158,Deposit,NIDDA,Checking,10812.8,Y
1158,Deposit,IBB,Savings,1397.3,Y
1158,Loan,N/A,Home Loan,226508.5,Y
1158,Loan,N/A,Auto Loan,35314.64,Y
1159,Deposit,IBB,CD Short Term,9069.38,Y
1159,Deposit,IBB,Money Market,7840.67,Y
1159,Deposit,NIDDA,Checking,2933.91,Y
1159,Deposit,IBB,Savings,5110.32,Y
1159,Credit,N/A,Credit Card,2996.92,Y
1159,Loan,N/A,Personal Loan,10619.4,Y
1160,Deposit,IBB,Money Market,6861.16,Y
1160,Deposit,NIDDA,Checking,29779.49,Y
1160,Deposit,IBB,Savings,1994.63,Y
1160,Credit,N/A,Credit Card,2820.42,Y
1160,Loan,N/A,Auto Loan,39334.97,Y
1161,Deposit,IBB,CD Short Term,18536.04,Y
1161,Deposit,IBB,Money Market,14402.21,Y
1161,Deposit,NIDDA,Checking,3830.87,Y
1161,Credit,N/A,Credit Card,3183.75,Y
1161,Loan,N/A,Home Loan,446092.72,Y
1162,Deposit,IBB,CD Short Term,36994.93,Y
1162,Deposit,NIDDA,Checking,887.21,Y
1162,Deposit,IBB,Savings,2763.73,Y
1162,Credit,N/A,Credit Card,6977.31,Y
1162,Loan,N/A,Personal Loan,15790.96,Y
1163,Deposit,IBB,CD Short Term,10279.75,Y
1163,Deposit,IBB,Money Market,4223.43,Y
1163,Deposit,NIDDA,Checking,6085.25,Y
1163,Deposit,IBB,Savings,18488.27,Y
1163,Credit,N/A,Credit Card,1510.99,Y
1164,Deposit,NIDDA,Checking,7489.71,Y
1164,Credit,N/A,Credit Card,5369.95,Y
1165,Deposit,IBB,CD Long Term,6692.35,Y
1165,Deposit,NIDDA,Checking,4468.33,Y
1165,Deposit,IBB,CD Short Term,39254.13,Y
1165,Deposit,IBB,Money Market,14300.56,Y
1165,Deposit,IBB,Savings,62344.28,Y
1165,Loan,N/A,Home Loan,504305.39,Y
1166,Deposit,IBB,CD Short Term,8801.48,Y
1166,Deposit,NIDDA,Checking,2435.16,Y
1166,Deposit,IBB,Savings,3761.52,Y
1167,Deposit,IBB,Money Market,43808.25,Y
1167,Deposit,NIDDA,Checking,3060.81,Y
1167,Deposit,IBB,Savings,5058.72,Y
1167,Loan,N/A,Home Loan,707142.39,Y
1168,Deposit,IBB,CD Long Term,28016.9,Y
1168,Deposit,NIDDA,Checking,4523.94,Y
1168,Deposit,IBB,CD Short Term,4146.87,Y
1168,Deposit,IBB,Money Market,12058.91,Y
1168,Deposit,IBB,Savings,8172.6,Y
1168,Credit,N/A,Credit Card,9124.77,Y
1168,Loan,N/A,Personal Loan,23841.87,Y
1169,Deposit,NIDDA,Checking,13299.76,Y
1170,Deposit,IBB,CD Long Term,13983.38,Y
1170,Deposit,IBB,Money Market,19005.34,Y
1170,Deposit,NIDDA,Checking,3398.27,Y
1170,Credit,N/A,Credit Card,1851.69,Y
1171,Deposit,IBB,Money Market,8465.88,Y
1171,Deposit,NIDDA,Checking,6324.22,Y
1171,Deposit,IBB,Savings,10013.98,Y
1171,Loan,N/A,Home Loan,402029.62,Y
1172,Deposit,IBB,CD Long Term,8203.05,Y
1172,Deposit,IBB,Money Market,18803.36,Y
1172,Deposit,NIDDA,Checking,12747.38,Y
1172,Credit,N/A,Credit Card,3075.37,Y
1173,Deposit,IBB,Money Market,12154.79,Y
1173,Deposit,NIDDA,Checking,5670.51,Y
1173,Deposit,IBB,Savings,11024.79,Y
1173,Loan,N/A,Personal Loan,18476.32,Y
1174,Deposit,IBB,CD Short Term,22728.43,Y
1174,Deposit,IBB,Money Market,20633.01,Y
1174,Deposit,NIDDA,Checking,3012.96,Y
1174,Deposit,IBB,Savings,46028.84,Y
1174,Credit,N/A,Credit Card,1572.88,Y
1175,Deposit,NIDDA,Checking,7363.92,Y
1175,Deposit,IBB,Savings,1078.99,Y
1175,Credit,N/A,Credit Card,6191.68,Y
1175,Loan,N/A,Home Loan,552992.54,Y
1176,Deposit,NIDDA,Checking,8285.11,Y
1176,Credit,N/A,Credit Card,967.02,Y
1176,Loan,N/A,Personal Loan,22929.1,Y
1177,Deposit,NIDDA,Checking,4934.76,Y
1177,Deposit,IBB,Savings,6162.2,Y
1177,Loan,N/A,Personal Loan,30618.13,Y
1178,Deposit,NIDDA,Checking,2642.77,Y
1178,Credit,N/A,Credit Card,1799.54,Y
1179,Deposit,IBB,CD Long Term,30930.58,Y
1179,Deposit,IBB,Money Market,26468.75,Y
1179,Deposit,NIDDA,Checking,3191.05,Y
1179,Credit,N/A,Credit Card,3670.45,Y
1179,Loan,N/A,Auto Loan,56509.43,Y
1180,Deposit,IBB,CD Short Term,15511.2,Y
1180,Deposit,NIDDA,Checking,5943.1,Y
1180,Credit,N/A,Credit Card,5843.14,Y
1181,Deposit,NIDDA,Checking,2110.94,Y
1181,Deposit,IBB,Savings,6907.47,Y
1181,Loan,N/A,Home Loan,1028814.79,Y
1182,Deposit,NIDDA,Checking,3467.58,Y
1182,Deposit,IBB,Savings,3487.93,Y
1182,Loan,N/A,Auto Loan,98507.15,Y
1183,Deposit,IBB,Money Market,6965.7,Y
1183,Deposit,NIDDA,Checking,5041.11,Y
1183,Credit,N/A,Credit Card,1543.75,Y
1183,Loan,N/A,Home Loan,455575.98,Y
1183,Loan,N/A,Auto Loan,107625.16,Y
1184,Deposit,IBB,CD Short Term,23855.86,Y
1184,Deposit,IBB,Money Market,7532.45,Y
1184,Deposit,NIDDA,Checking,2441.32,Y
1184,Credit,N/A,Credit Card,3688.79,Y
1185,Deposit,IBB,Money Market,3588.76,Y
1185,Deposit,NIDDA,Checking,1307.11,Y
1185,Deposit,IBB,Savings,44852.29,Y
1185,Credit,N/A,Credit Card,8318.78,Y
1185,Loan,N/A,Home Loan,737191.01,Y
1186,Deposit,IBB,Money Market,3511.29,Y
1186,Deposit,NIDDA,Checking,4928.58,Y
1186,Credit,N/A,Credit Card,645.36,Y
1186,Loan,N/A,Auto Loan,44920.54,Y
1187,Deposit,NIDDA,Checking,10332.09,Y
1187,Loan,N/A,Auto Loan,43562.52,Y
1188,Deposit,IBB,CD Short Term,46258.58,Y
1188,Deposit,IBB,Money Market,8158.36,Y
1188,Deposit,NIDDA,Checking,9409.93,Y
1188,Deposit,IBB,Savings,6118.24,Y
1189,Deposit,IBB,Money Market,12918.69,Y
1189,Deposit,NIDDA,Checking,2899.86,Y
1189,Deposit,IBB,Savings,17897.69,Y
1189,Loan,N/A,Home Loan,481388.52,Y
1190,Deposit,IBB,Money Market,2890.35,Y
1190,Deposit,NIDDA,Checking,4104.58,Y
1190,Deposit,IBB,Savings,8154.55,Y
1190,Credit,N/A,Credit Card,2362.76,Y
1190,Loan,N/A,Home Loan,728706.55,Y
1191,Deposit,NIDDA,Checking,45446.43,Y
1191,Deposit,IBB,Savings,5089.7,Y
1191,Credit,N/A,Credit Card,988.35,Y
1191,Loan,N/A,Auto Loan,21191.55,Y
1192,Deposit,IBB,Money Market,6266.35,Y
1192,Deposit,NIDDA,Checking,3819.66,Y
1193,Deposit,NIDDA,Checking,4925.27,Y
1193,Deposit,IBB,Savings,21697.4,Y
1193,Credit,N/A,Credit Card,640.16,Y
1193,Loan,N/A,Auto Loan,18203.56,Y
1194,Deposit,IBB,CD Long Term,23282.88,Y
1194,Deposit,NIDDA,Checking,8775.31,Y
1194,Deposit,IBB,Savings,33479.58,Y
1194,Loan,N/A,Home Loan,321336.65,Y
1194,Loan,N/A,Personal Loan,23822.88,Y
1195,Deposit,NIDDA,Checking,1430.63,Y
1195,Deposit,IBB,Savings,14089.55,Y
1195,Credit,N/A,Credit Card,882.11,Y
1195,Loan,N/A,Auto Loan,65977.73,Y
1196,Deposit,IBB,CD Short Term,13236.61,Y
1196,Deposit,IBB,Money Market,7186.47,Y
1196,Deposit,NIDDA,Checking,3388.42,Y
1196,Deposit,IBB,Savings,1607.52,Y
1197,Deposit,IBB,Money Market,33016.36,Y
1197,Deposit,NIDDA,Checking,5916.37,Y
1197,Deposit,IBB,Savings,4154.53,Y
1197,Credit,N/A,Credit Card,689.63,Y
1198,Deposit,IBB,Money Market,26359.99,Y
1198,Deposit,NIDDA,Checking,3325.09,Y
1198,Deposit,IBB,Savings,5721.89,Y
1198,Credit,N/A,Credit Card,1696.22,Y
1198,Loan,N/A,Home Loan,369999.35,Y
1199,Deposit,IBB,CD Short Term,5572.51,Y
1199,Deposit,IBB,Money Market,26112.88,Y
1199,Deposit,NIDDA,Checking,14220.53,Y
1199,Deposit,IBB,Savings,5188.72,Y
1199,Credit,N/A,Credit Card,1077.13,Y
1200,Deposit,IBB,CD Short Term,5030.7,Y
1200,Deposit,IBB,Money Market,14805.78,Y
1200,Deposit,NIDDA,Checking,3316.56,Y
1200,Deposit,IBB,Savings,2742.77,Y
1200,Credit,N/A,Credit Card,5915.6,Y
1200,Loan,N/A,Home Loan,416033.05,Y
1201,Deposit,NIDDA,Checking,11791.2,Y
1201,Deposit,IBB,Savings,7973.99,Y
1201,Credit,N/A,Credit Card,4729.49,Y
1201,Loan,N/A,Home Loan,531634.45,Y
1201,Loan,N/A,Personal Loan,30317.79,Y
1202,Deposit,IBB,CD Long Term,1403.71,Y
1202,Deposit,NIDDA,Checking,3239.19,Y
1202,Deposit,IBB,CD Short Term,4094.47,Y
1202,Deposit,IBB,Money Market,14658.57,Y
1202,Deposit,IBB,Savings,8380.39,Y
1202,Credit,N/A,Credit Card,2062.55,Y
1203,Deposit,IBB,CD Long Term,109735.32,Y
1203,Deposit,IBB,Money Market,5668.45,Y
1203,Deposit,NIDDA,Checking,14309.17,Y
1204,Deposit,NIDDA,Checking,8879.86,Y
1204,Deposit,IBB,Savings,33470.61,Y
1204,Credit,N/A,Credit Card,786.22,Y
1204,Loan,N/A,Home Loan,539255.49,Y
1204,Loan,N/A,Auto Loan,12986.58,Y
1204,Loan,N/A,Personal Loan,7872.26,Y
1205,Deposit,IBB,CD Short Term,6024.68,Y
1205,Deposit,IBB,Money Market,27742.81,Y
1205,Deposit,NIDDA,Checking,3164.47,Y
1205,Credit,N/A,Credit Card,9576.44,Y
1205,Loan,N/A,Personal Loan,11593.8,Y
1206,Deposit,IBB,CD Long Term,41750.9,Y
1206,Deposit,NIDDA,Checking,12820.96,Y
1206,Deposit,IBB,CD Short Term,12233.34,Y
1206,Deposit,IBB,Money Market,6266.36,Y
1206,Deposit,IBB,Savings,4471.68,Y
1206,Credit,N/A,Credit Card,1305.47,Y
1206,Loan,N/A,Home Loan,1798602.95,Y
1207,Deposit,IBB,Money Market,5281.72,Y
1207,Deposit,NIDDA,Checking,13210.6,Y
1207,Credit,N/A,Credit Card,5510.85,Y
1207,Loan,N/A,Auto Loan,17247.71,Y
1207,Loan,N/A,Personal Loan,26879.12,Y
1208,Deposit,IBB,Money Market,26759.13,Y
1208,Deposit,NIDDA,Checking,10128.05,Y
1208,Deposit,IBB,Savings,4435.56,Y
1209,Deposit,IBB,CD Short Term,10704.76,Y
1209,Deposit,NIDDA,Checking,11375.8,Y
1209,Credit,N/A,Credit Card,2447.78,Y
1209,Loan,N/A,Home Loan,602489.15,Y
1210,Deposit,NIDDA,Checking,2254.71,Y
1210,Deposit,IBB,Savings,4410.43,Y
1210,Loan,N/A,Personal Loan,10727.39,Y
1211,Deposit,IBB,CD Long Term,11068.57,Y
1211,Deposit,IBB,CD Short Term,16211.53,Y
1211,Deposit,NIDDA,Checking,3342.4,Y
1211,Deposit,IBB,Savings,8319.64,Y
1211,Credit,N/A,Credit Card,1623.81,Y
1211,Loan,N/A,Personal Loan,28469.81,Y
1212,Deposit,NIDDA,Checking,10542.21,Y
1212,Deposit,IBB,Savings,9797.23,Y
1213,Deposit,IBB,Money Market,77223.75,Y
1213,Deposit,NIDDA,Checking,3338.37,Y
1214,Deposit,IBB,CD Short Term,8253.51,Y
1214,Deposit,NIDDA,Checking,6215.36,Y
1214,Deposit,IBB,Savings,13831.37,Y
1214,Credit,N/A,Credit Card,14183.96,Y
1215,Deposit,NIDDA,Checking,18053.44,Y
1215,Deposit,IBB,Savings,4930.91,Y
1215,Credit,N/A,Credit Card,1969.47,Y
1215,Loan,N/A,Home Loan,200996.89,Y
1216,Deposit,IBB,CD Long Term,9955.8,Y
1216,Deposit,IBB,Money Market,12779.45,Y
1216,Deposit,NIDDA,Checking,10249.46,Y
1216,Deposit,IBB,Savings,3014.57,Y
1217,Deposit,NIDDA,Checking,2899.9,Y
1217,Deposit,IBB,Savings,11253.33,Y
1217,Credit,N/A,Credit Card,3726.44,Y
1218,Deposit,IBB,Money Market,1066.21,Y
1218,Deposit,NIDDA,Checking,9201.77,Y
1218,Deposit,IBB,Savings,72293.22,Y
1219,Deposit,IBB,Money Market,60120.0,Y
1219,Deposit,NIDDA,Checking,8806.63,Y
1219,Deposit,IBB,Savings,3482.16,Y
1219,Credit,N/A,Credit Card,609.57,Y
1220,Deposit,NIDDA,Checking,4091.12,Y
1220,Deposit,IBB,Savings,18054.84,Y
1220,Credit,N/A,Credit Card,1820.01,Y
1221,Deposit,IBB,Money Market,61217.03,Y
1221,Deposit,NIDDA,Checking,3139.26,Y
1221,Deposit,IBB,Savings,27350.19,Y
1221,Loan,N/A,Personal Loan,50543.56,Y
1222,Deposit,NIDDA,Checking,794.29,Y
1222,Deposit,IBB,Savings,8367.71,Y
1222,Credit,N/A,Credit Card,1687.14,Y
1222,Loan,N/A,Home Loan,342934.23,Y
1222,Loan,N/A,Auto Loan,61053.74,Y
1223,Deposit,NIDDA,Checking,44153.18,Y
1223,Deposit,IBB,Savings,6288.72,Y
1223,Loan,N/A,Auto Loan,29085.37,Y
1224,Deposit,NIDDA,Checking,2006.16,Y
1224,Deposit,IBB,Savings,12991.17,Y
1224,Loan,N/A,Home Loan,450422.27,Y
1225,Deposit,IBB,CD Short Term,6841.57,Y
1225,Deposit,IBB,Money Market,14126.02,Y
1225,Deposit,NIDDA,Checking,13845.42,Y
1225,Deposit,IBB,Savings,8161.34,Y
1226,Deposit,NIDDA,Checking,16462.41,Y
1226,Loan,N/A,Auto Loan,31143.03,Y
1226,Loan,N/A,Personal Loan,7785.12,Y
1227,Deposit,IBB,Money Market,10376.1,Y
1227,Deposit,NIDDA,Checking,6631.62,Y
1227,Credit,N/A,Credit Card,6129.1,Y
1227,Loan,N/A,Home Loan,755549.25,Y
1227,Loan,N/A,Auto Loan,39859.69,Y
1228,Deposit,IBB,CD Long Term,30698.31,Y
1228,Deposit,IBB,CD Short Term,43796.74,Y
1228,Deposit,IBB,Money Market,33737.54,Y
1228,Deposit,NIDDA,Checking,7159.9,Y
1228,Credit,N/A,Credit Card,1608.54,Y
1228,Loan,N/A,Personal Loan,51134.41,Y
1229,Deposit,IBB,CD Short Term,41625.91,Y
1229,Deposit,NIDDA,Checking,6048.04,Y
1229,Loan,N/A,Auto Loan,153151.93,Y
1230,Deposit,IBB,Money Market,2885.6,Y
1230,Deposit,NIDDA,Checking,12111.17,Y
1230,Loan,N/A,Auto Loan,63489.08,Y
1231,Deposit,IBB,CD Long Term,134913.97,Y
1231,Deposit,NIDDA,Checking,1197.47,Y
1231,Deposit,IBB,CD Short Term,113672.22,Y
1231,Deposit,IBB,Money Market,32761.76,Y
1231,Deposit,IBB,Savings,26132.35,Y
1231,Loan,N/A,Home Loan,197620.29,Y
1231,Loan,N/A,Personal Loan,17004.78,Y
1232,Deposit,IBB,Money Market,28695.26,Y
1232,Deposit,NIDDA,Checking,1645.49,Y
1233,Deposit,IBB,CD Long Term,8924.23,Y
1233,Deposit,NIDDA,Checking,6449.58,Y
1233,Deposit,IBB,CD Short Term,5106.88,Y
1233,Deposit,IBB,Money Market,14455.53,Y
1233,Deposit,IBB,Savings,6167.62,Y
1233,Credit,N/A,Credit Card,5399.09,Y
1233,Loan,N/A,Home Loan,831930.67,Y
1233,Loan,N/A,Personal Loan,18802.66,Y
1234,Deposit,NIDDA,Checking,5172.54,Y
1234,Deposit,IBB,Savings,1225.77,Y
1234,Loan,N/A,Home Loan,506515.18,Y
1234,Loan,N/A,Auto Loan,35349.87,Y
1235,Deposit,IBB,CD Short Term,13197.83,Y
1235,Deposit,NIDDA,Checking,5938.31,Y
1235,Deposit,IBB,Savings,11617.26,Y
1235,Credit,N/A,Credit Card,7151.49,Y
1235,Loan,N/A,Home Loan,363493.22,Y
1235,Loan,N/A,Auto Loan,17679.18,Y
1236,Deposit,NIDDA,Checking,3933.25,Y
1236,Deposit,IBB,Savings,18411.39,Y
1236,Credit,N/A,Credit Card,3615.64,Y
1236,Loan,N/A,Personal Loan,11173.62,Y
1237,Deposit,IBB,CD Short Term,4945.61,Y
1237,Deposit,NIDDA,Checking,8019.37,Y
1237,Loan,N/A,Home Loan,447187.75,Y
1238,Deposit,IBB,CD Short Term,9229.33,Y
1238,Deposit,IBB,Money Market,15131.4,Y
1238,Deposit,NIDDA,Checking,5915.22,Y
1238,Credit,N/A,Credit Card,644.95,Y
1238,Loan,N/A,Auto Loan,25408.24,Y
1239,Deposit,IBB,CD Short Term,8267.58,Y
1239,Deposit,NIDDA,Checking,15420.88,Y
1239,Deposit,IBB,Savings,10576.59,Y
1239,Credit,N/A,Credit Card,1026.6,Y
1239,Loan,N/A,Home Loan,381951.44,Y
1240,Deposit,IBB,CD Short Term,18901.96,Y
1240,Deposit,NIDDA,Checking,1990.17,Y
1240,Deposit,IBB,Savings,6172.51,Y
1240,Credit,N/A,Credit Card,1247.89,Y
1241,Deposit,IBB,CD Short Term,23198.48,Y
1241,Deposit,IBB,Money Market,32476.44,Y
1241,Deposit,NIDDA,Checking,1298.81,Y
1241,Deposit,IBB,Savings,26312.23,Y
1242,Deposit,NIDDA,Checking,5085.88,Y
1242,Deposit,IBB,Savings,8366.23,Y
1242,Credit,N/A,Credit Card,2466.93,Y
1242,Loan,N/A,Home Loan,566075.12,Y
1243,Deposit,IBB,CD Short Term,21191.09,Y
1243,Deposit,IBB,Money Market,16580.28,Y
1243,Deposit,NIDDA,Checking,2933.22,Y
1243,Credit,N/A,Credit Card,737.51,Y
1243,Loan,N/A,Home Loan,615234.65,Y
1243,Loan,N/A,Auto Loan,72003.3,Y
1244,Deposit,IBB,Money Market,7233.5,Y
1244,Deposit,NIDDA,Checking,2070.66,Y
1244,Loan,N/A,Auto Loan,18924.0,Y
1244,Loan,N/A,Personal Loan,10680.53,Y
1245,Deposit,NIDDA,Checking,4444.16,Y
1245,Credit,N/A,Credit Card,1351.87,Y
1245,Loan,N/A,Personal Loan,44244.85,Y
1246,Deposit,IBB,Money Market,24328.58,Y
1246,Deposit,NIDDA,Checking,7219.2,Y
1246,Deposit,IBB,Savings,4783.43,Y
1247,Deposit,NIDDA,Checking,1168.0,Y
1247,Deposit,IBB,Savings,4976.8,Y
1248,Deposit,IBB,Money Market,24777.31,Y
1248,Deposit,NIDDA,Checking,2378.91,Y
1248,Deposit,IBB,Savings,11559.52,Y
1248,Credit,N/A,Credit Card,2952.07,Y
1248,Loan,N/A,Personal Loan,21814.87,Y
1249,Deposit,IBB,CD Long Term,24182.36,Y
1249,Deposit,NIDDA,Checking,528.91,Y
1249,Deposit,IBB,Savings,6110.25,Y
1250,Deposit,NIDDA,Checking,7502.04,Y
1250,Deposit,IBB,Savings,2614.83,Y
1250,Credit,N/A,Credit Card,2036.75,Y
1251,Deposit,NIDDA,Checking,17595.78,Y
1251,Loan,N/A,Home Loan,222126.67,Y
1251,Loan,N/A,Personal Loan,27671.19,Y
1252,Deposit,IBB,CD Short Term,7796.2,Y
1252,Deposit,NIDDA,Checking,4626.92,Y
1252,Deposit,IBB,Savings,28600.37,Y
1252,Credit,N/A,Credit Card,3592.22,Y
1252,Loan,N/A,Home Loan,233020.38,Y
1253,Deposit,NIDDA,Checking,3351.03,Y
1253,Credit,N/A,Credit Card,4685.39,Y
1254,Deposit,IBB,CD Short Term,39364.1,Y
1254,Deposit,NIDDA,Checking,12864.61,Y
1254,Deposit,IBB,Savings,1215.73,Y
1254,Credit,N/A,Credit Card,2094.4,Y
1254,Loan,N/A,Auto Loan,55324.81,Y
1255,Deposit,IBB,Money Market,71643.92,Y
1255,Deposit,NIDDA,Checking,9653.73,Y
1255,Deposit,IBB,Savings,8033.02,Y
1255,Credit,N/A,Credit Card,1287.36,Y
1255,Loan,N/A,Home Loan,639115.24,Y
1255,Loan,N/A,Auto Loan,29897.35,Y
1256,Deposit,NIDDA,Checking,4959.9,Y
1256,Deposit,IBB,Savings,21021.52,Y
1257,Deposit,IBB,CD Short Term,34262.76,Y
1257,Deposit,IBB,Money Market,5906.84,Y
1257,Deposit,NIDDA,Checking,1953.05,Y
1257,Credit,N/A,Credit Card,6872.07,Y
1258,Deposit,NIDDA,Checking,1370.12,Y
1258,Deposit,IBB,Savings,9031.01,Y
1258,Credit,N/A,Credit Card,4690.96,Y
1258,Loan,N/A,Auto Loan,34438.93,Y
1259,Deposit,NIDDA,Checking,4442.49,Y
1260,Deposit,IBB,CD Short Term,23185.89,Y
1260,Deposit,NIDDA,Checking,5292.87,Y
1260,Deposit,IBB,Savings,19433.77,Y
1260,Loan,N/A,Home Loan,422402.44,Y
1261,Deposit,IBB,CD Long Term,56289.31,Y
1261,Deposit,NIDDA,Checking,8213.48,Y
1261,Deposit,IBB,Savings,2050.61,Y
1262,Deposit,IBB,CD Short Term,15221.57,Y
1262,Deposit,IBB,Money Market,26830.73,Y
1262,Deposit,NIDDA,Checking,6540.93,Y
1262,Deposit,IBB,Savings,5478.72,Y
1262,Credit,N/A,Credit Card,15532.31,Y
1263,Deposit,IBB,Money Market,41680.71,Y
1263,Deposit,NIDDA,Checking,14764.99,Y
1263,Deposit,IBB,Savings,6730.32,Y
1263,Credit,N/A,Credit Card,4367.47,Y
1263,Loan,N/A,Auto Loan,42119.82,Y
1264,Deposit,IBB,Money Market,64749.34,Y
1264,Deposit,NIDDA,Checking,11558.93,Y
1264,Loan,N/A,Home Loan,432956.58,Y
1265,Deposit,IBB,Money Market,17946.35,Y
1265,Deposit,NIDDA,Checking,2347.48,Y
1265,Deposit,IBB,Savings,8271.59,Y
1266,Deposit,IBB,CD Long Term,34183.36,Y
1266,Deposit,NIDDA,Checking,1742.01,Y
1266,Deposit,IBB,Savings,6488.81,Y
1267,Deposit,IBB,Money Market,1820.74,Y
1267,Deposit,NIDDA,Checking,14465.37,Y
1267,Deposit,IBB,Savings,2970.75,Y
1268,Deposit,IBB,Money Market,9600.69,Y
1268,Deposit,NIDDA,Checking,4527.97,Y
1268,Deposit,IBB,Savings,48416.18,Y
1268,Credit,N/A,Credit Card,7523.01,Y
1269,Deposit,IBB,Money Market,29107.67,Y
1269,Deposit,NIDDA,Checking,20133.47,Y
1269,Deposit,IBB,Savings,9031.82,Y
1269,Loan,N/A,Auto Loan,46190.6,Y
1270,Deposit,NIDDA,Checking,2390.64,Y
1270,Loan,N/A,Home Loan,635435.37,Y
1271,Deposit,IBB,Money Market,2789.53,Y
1271,Deposit,NIDDA,Checking,1700.91,Y
1271,Deposit,IBB,Savings,2660.5,Y
1271,Credit,N/A,Credit Card,2338.41,Y
1271,Loan,N/A,Home Loan,630163.78,Y
1272,Deposit,IBB,CD Short Term,50463.81,Y
1272,Deposit,NIDDA,Checking,1644.15,Y
1272,Deposit,IBB,Savings,13680.83,Y
1272,Credit,N/A,Credit Card,820.51,Y
1272,Loan,N/A,Home Loan,567873.22,Y
1273,Deposit,IBB,Money Market,2219.36,Y
1273,Deposit,NIDDA,Checking,2327.84,Y
1273,Credit,N/A,Credit Card,5153.7,Y
1273,Loan,N/A,Personal Loan,32735.13,Y
1274,Deposit,IBB,CD Long Term,12883.85,Y
1274,Deposit,IBB,Money Market,27979.69,Y
1274,Deposit,NIDDA,Checking,3370.55,Y
1274,Credit,N/A,Credit Card,1143.69,Y
1274,Loan,N/A,Auto Loan,42595.92,Y
1275,Deposit,IBB,Money Market,7553.44,Y
1275,Deposit,NIDDA,Checking,6123.76,Y
1275,Deposit,IBB,Savings,3468.66,Y
1275,Credit,N/A,Credit Card,2300.75,Y
1276,Deposit,IBB,CD Short Term,19506.73,Y
1276,Deposit,IBB,Money Market,13101.65,Y
1276,Deposit,NIDDA,Checking,13738.97,Y
1276,Deposit,IBB,Savings,17768.22,Y
1276,Credit,N/A,Credit Card,846.61,Y
1276,Loan,N/A,Home Loan,223376.89,Y
1276,Loan,N/A,Auto Loan,28042.28,Y
1277,Deposit,IBB,Money Market,82371.05,Y
1277,Deposit,NIDDA,Checking,1707.38,Y
1277,Deposit,IBB,Savings,2607.6,Y
1277,Credit,N/A,Credit Card,1462.65,Y
1277,Loan,N/A,Auto Loan,21629.18,Y
1278,Deposit,IBB,CD Short Term,7751.72,Y
1278,Deposit,IBB,Money Market,3594.08,Y
1278,Deposit,NIDDA,Checking,4429.79,Y
1278,Deposit,IBB,Savings,8052.99,Y
1279,Deposit,IBB,CD Short Term,3821.92,Y
1279,Deposit,IBB,Money Market,14463.05,Y
1279,Deposit,NIDDA,Checking,11688.14,Y
1279,Deposit,IBB,Savings,4333.09,Y
1279,Credit,N/A,Credit Card,24980.44,Y
1279,Loan,N/A,Home Loan,767010.31,Y
1280,Deposit,IBB,CD Short Term,202730.89,Y
1280,Deposit,IBB,Money Market,36238.16,Y
1280,Deposit,NIDDA,Checking,22967.72,Y
1280,Deposit,IBB,Savings,7406.33,Y
1280,Credit,N/A,Credit Card,548.67,Y
1280,Loan,N/A,Home Loan,682516.63,Y
1281,Deposit,NIDDA,Checking,32022.06,Y
1281,Deposit,IBB,Savings,5273.01,Y
1281,Loan,N/A,Home Loan,257781.32,Y
1281,Loan,N/A,Personal Loan,18743.95,Y
1282,Deposit,NIDDA,Checking,27636.0,Y
1282,Deposit,IBB,Savings,2737.13,Y
1283,Deposit,IBB,CD Long Term,8831.77,Y
1283,Deposit,NIDDA,Checking,5225.47,Y
1283,Deposit,IBB,CD Short Term,8128.92,Y
1283,Deposit,IBB,Money Market,3609.08,Y
1283,Deposit,IBB,Savings,2286.15,Y
1283,Credit,N/A,Credit Card,1055.06,Y
1284,Deposit,IBB,Money Market,52175.41,Y
1284,Deposit,NIDDA,Checking,21452.78,Y
1284,Deposit,IBB,Savings,3628.46,Y
1285,Deposit,IBB,Money Market,8797.26,Y
1285,Deposit,NIDDA,Checking,18687.56,Y
1285,Deposit,IBB,Savings,21898.42,Y
1285,Loan,N/A,Home Loan,365122.68,Y
1285,Loan,N/A,Auto Loan,48047.44,Y
1286,Deposit,IBB,CD Short Term,32437.82,Y
1286,Deposit,NIDDA,Checking,5374.56,Y
1286,Deposit,IBB,Savings,10633.68,Y
1286,Credit,N/A,Credit Card,6187.2,Y
1286,Loan,N/A,Auto Loan,37973.17,Y
1287,Deposit,IBB,CD Long Term,41250.0,Y
1287,Deposit,NIDDA,Checking,20326.95,Y
1287,Deposit,IBB,Savings,1627.68,Y
1287,Loan,N/A,Home Loan,491307.6,Y
1288,Deposit,IBB,CD Long Term,36661.62,Y
1288,Deposit,NIDDA,Checking,4356.93,Y
1288,Deposit,IBB,Savings,10056.63,Y
1288,Credit,N/A,Credit Card,3146.35,Y
1288,Loan,N/A,Auto Loan,107300.4,Y
1289,Deposit,IBB,CD Short Term,25728.44,Y
1289,Deposit,NIDDA,Checking,3799.86,Y
1289,Deposit,IBB,Savings,2315.99,Y
1289,Credit,N/A,Credit Card,664.9,Y
1289,Loan,N/A,Home Loan,1353289.19,Y
1289,Loan,N/A,Auto Loan,54319.52,Y
1290,Deposit,NIDDA,Checking,510.41,Y
1290,Deposit,IBB,Savings,8291.38,Y
1290,Loan,N/A,Personal Loan,23896.53,Y
1291,Deposit,IBB,CD Long Term,12130.7,Y
1291,Deposit,IBB,CD Short Term,18319.27,Y
1291,Deposit,NIDDA,Checking,6222.82,Y
1292,Deposit,IBB,CD Long Term,34524.73,Y
1292,Deposit,NIDDA,Checking,2752.19,Y
1293,Deposit,IBB,Money Market,2883.04,Y
1293,Deposit,NIDDA,Checking,2153.3,Y
1293,Deposit,IBB,Savings,6863.86,Y
1293,Loan,N/A,Home Loan,237644.05,Y
1294,Deposit,NIDDA,Checking,13436.73,Y
1294,Deposit,IBB,Savings,5143.15,Y
1294,Loan,N/A,Auto Loan,18635.18,Y
1295,Deposit,IBB,CD Long Term,48274.15,Y
1295,Deposit,NIDDA,Checking,1425.98,Y
1295,Deposit,IBB,CD Short Term,9633.81,Y
1295,Deposit,IBB,Money Market,2633.5,Y
1295,Deposit,IBB,Savings,7169.9,Y
1295,Credit,N/A,Credit Card,2322.42,Y
1295,Loan,N/A,Home Loan,349377.54,Y
1295,Loan,N/A,Personal Loan,11795.02,Y
1296,Deposit,IBB,CD Short Term,17641.43,Y
1296,Deposit,IBB,Money Market,9894.5,Y
1296,Deposit,NIDDA,Checking,22529.33,Y
1296,Deposit,IBB,Savings,2836.89,Y
1296,Loan,N/A,Personal Loan,17311.23,Y
1297,Deposit,IBB,CD Long Term,210547.73,Y
1297,Deposit,NIDDA,Checking,18234.62,Y
1298,Deposit,IBB,CD Long Term,57913.59,Y
1298,Deposit,NIDDA,Checking,7071.11,Y
1298,Deposit,IBB,Savings,1839.07,Y
1298,Loan,N/A,Auto Loan,57232.47,Y
1299,Deposit,NIDDA,Checking,7620.36,Y
1299,Loan,N/A,Home Loan,300691.71,Y
1300,Deposit,IBB,CD Long Term,4580.01,Y
1300,Deposit,IBB,CD Short Term,6030.26,Y
1300,Deposit,NIDDA,Checking,18332.53,Y
1300,Deposit,IBB,Savings,4101.02,Y
1301,Deposit,IBB,CD Long Term,4462.96,Y
1301,Deposit,IBB,Money Market,60522.08,Y
1301,Deposit,NIDDA,Checking,11845.51,Y
1301,Deposit,IBB,Savings,4075.32,Y
1301,Loan,N/A,Home Loan,987102.81,Y
1301,Loan,N/A,Auto Loan,22881.72,Y
1302,Deposit,NIDDA,Checking,7911.17,Y
1302,Deposit,IBB,Savings,3856.61,Y
1303,Deposit,IBB,Money Market,13178.82,Y
1303,Deposit,NIDDA,Checking,14379.84,Y
1303,Credit,N/A,Credit Card,457.3,Y
1303,Loan,N/A,Home Loan,219152.96,Y
1304,Deposit,IBB,CD Long Term,7935.12,Y
1304,Deposit,IBB,CD Short Term,36525.39,Y
1304,Deposit,NIDDA,Checking,2486.26,Y
1304,Deposit,IBB,Savings,3544.77,Y
1304,Loan,N/A,Personal Loan,8708.94,Y
1305,Deposit,NIDDA,Checking,10575.84,Y
1305,Deposit,IBB,Savings,7151.16,Y
1305,Credit,N/A,Credit Card,2125.06,Y
1305,Loan,N/A,Personal Loan,9156.75,Y
1306,Deposit,IBB,CD Long Term,6025.28,Y
1306,Deposit,NIDDA,Checking,1128.32,Y
1306,Loan,N/A,Home Loan,348723.76,Y
1307,Deposit,IBB,CD Long Term,61778.52,Y
1307,Deposit,IBB,Money Market,7280.04,Y
1307,Deposit,NIDDA,Checking,19163.11,Y
1307,Deposit,IBB,Savings,34815.71,Y
1307,Loan,N/A,Home Loan,740843.32,Y
1308,Deposit,NIDDA,Checking,39448.91,Y
1308,Deposit,IBB,Savings,36605.46,Y
1309,Deposit,IBB,CD Long Term,10104.12,Y
1309,Deposit,NIDDA,Checking,1463.81,Y
1309,Deposit,IBB,Savings,3182.74,Y
1309,Credit,N/A,Credit Card,1484.0,Y
1310,Deposit,IBB,Money Market,2146.39,Y
1310,Deposit,NIDDA,Checking,3288.21,Y
1310,Deposit,IBB,Savings,5974.15,Y
1310,Credit,N/A,Credit Card,2221.3,Y
1311,Deposit,IBB,Money Market,12496.03,Y
1311,Deposit,NIDDA,Checking,17256.49,Y
1311,Deposit,IBB,Savings,8659.52,Y
1311,Credit,N/A,Credit Card,6715.45,Y
1311,Loan,N/A,Home Loan,363045.46,Y
1311,Loan,N/A,Auto Loan,35987.35,Y
1312,Deposit,IBB,CD Short Term,19575.34,Y
1312,Deposit,IBB,Money Market,2709.53,Y
1312,Deposit,NIDDA,Checking,4671.58,Y
1312,Deposit,IBB,Savings,12962.52,Y
1313,Deposit,IBB,Money Market,5703.53,Y
1313,Deposit,NIDDA,Checking,9893.71,Y
1314,Deposit,NIDDA,Checking,14894.78,Y
1314,Credit,N/A,Credit Card,4580.07,Y
1315,Deposit,IBB,CD Long Term,12862.83,Y
1315,Deposit,NIDDA,Checking,3244.94,Y
1315,Deposit,IBB,Savings,12661.18,Y
1315,Credit,N/A,Credit Card,3502.45,Y
1315,Loan,N/A,Home Loan,410177.45,Y
1315,Loan,N/A,Auto Loan,38185.71,Y
1316,Deposit,IBB,Money Market,3461.54,Y
1316,Deposit,NIDDA,Checking,6731.24,Y
1316,Deposit,IBB,Savings,4176.13,Y
1316,Loan,N/A,Home Loan,695326.62,Y
1316,Loan,N/A,Auto Loan,26868.0,Y
1317,Deposit,IBB,CD Long Term,49615.58,Y
1317,Deposit,IBB,Money Market,20527.17,Y
1317,Deposit,NIDDA,Checking,22148.65,Y
1317,Credit,N/A,Credit Card,2584.89,Y
1317,Loan,N/A,Home Loan,289083.03,Y
1317,Loan,N/A,Personal Loan,35069.18,Y
1318,Deposit,IBB,CD Short Term,19984.08,Y
1318,Deposit,IBB,Money Market,11496.13,Y
1318,Deposit,NIDDA,Checking,5373.38,Y
1318,Deposit,IBB,Savings,973.12,Y
1318,Credit,N/A,Credit Card,776.51,Y
1318,Loan,N/A,Auto Loan,61739.17,Y
1318,Loan,N/A,Personal Loan,25953.32,Y
1319,Deposit,IBB,Money Market,20496.91,Y
1319,Deposit,NIDDA,Checking,4821.54,Y
1320,Deposit,IBB,CD Short Term,96694.0,Y
1320,Deposit,NIDDA,Checking,625.06,Y
1320,Deposit,IBB,Savings,5407.48,Y
1320,Loan,N/A,Home Loan,958035.11,Y
1321,Deposit,NIDDA,Checking,2325.03,Y
1322,Deposit,NIDDA,Checking,3035.53,Y
1322,Deposit,IBB,Savings,9399.62,Y
1322,Loan,N/A,Personal Loan,9407.19,Y
1323,Deposit,NIDDA,Checking,4778.35,Y
1323,Deposit,IBB,Savings,14335.24,Y
1323,Loan,N/A,Home Loan,247767.06,Y
1324,Deposit,IBB,CD Long Term,50341.16,Y
1324,Deposit,NIDDA,Checking,4425.49,Y
1324,Deposit,IBB,Savings,11699.65,Y
1325,Deposit,IBB,CD Short Term,2908.15,Y
1325,Deposit,NIDDA,Checking,3410.89,Y
1325,Deposit,IBB,Savings,2033.96,Y
1326,Deposit,NIDDA,Checking,7806.64,Y
1326,Credit,N/A,Credit Card,2588.65,Y
1327,Deposit,IBB,CD Long Term,53845.57,Y
1327,Deposit,NIDDA,Checking,5713.57,Y
1327,Loan,N/A,Home Loan,484354.27,Y
1328,Deposit,IBB,CD Long Term,20081.82,Y
1328,Deposit,NIDDA,Checking,1978.1,Y
1328,Deposit,IBB,Savings,7625.77,Y
1328,Loan,N/A,Auto Loan,68393.63,Y
1329,Deposit,IBB,CD Short Term,12576.57,Y
1329,Deposit,NIDDA,Checking,4547.56,Y
1329,Credit,N/A,Credit Card,5492.54,Y
1329,Loan,N/A,Home Loan,856488.58,Y
1330,Deposit,IBB,CD Short Term,84699.19,Y
1330,Deposit,IBB,Money Market,112434.81,Y
1330,Deposit,NIDDA,Checking,8736.41,Y
1330,Deposit,IBB,Savings,1038.27,Y
1330,Credit,N/A,Credit Card,2665.05,Y
1331,Deposit,IBB,Money Market,113931.25,Y
1331,Deposit,NIDDA,Checking,4294.28,Y
1331,Deposit,IBB,Savings,62744.71,Y
1331,Loan,N/A,Home Loan,346259.52,Y
1332,Deposit,NIDDA,Checking,3705.85,Y
1332,Deposit,IBB,Savings,6276.09,Y
1333,Deposit,IBB,CD Long Term,20169.39,Y
1333,Deposit,NIDDA,Checking,2233.1,Y
1333,Deposit,IBB,CD Short Term,103455.46,Y
1333,Deposit,IBB,Money Market,27944.4,Y
1333,Deposit,IBB,Savings,6090.3,Y
1333,Credit,N/A,Credit Card,2585.4,Y
1333,Loan,N/A,Auto Loan,38540.28,Y
1334,Deposit,IBB,CD Long Term,14236.69,Y
1334,Deposit,IBB,CD Short Term,24355.23,Y
1334,Deposit,NIDDA,Checking,3952.46,Y
1334,Deposit,IBB,Savings,7463.32,Y
1334,Credit,N/A,Credit Card,2586.75,Y
1334,Loan,N/A,Auto Loan,17729.06,Y
1334,Loan,N/A,Personal Loan,13285.86,Y
1335,Deposit,NIDDA,Checking,3453.75,Y
1335,Deposit,IBB,Savings,38017.43,Y
1335,Credit,N/A,Credit Card,4632.29,Y
1335,Loan,N/A,Auto Loan,19554.72,Y
1336,Deposit,IBB,Money Market,47288.36,Y
1336,Deposit,NIDDA,Checking,1570.24,Y
1336,Deposit,IBB,Savings,3394.14,Y
1337,Deposit,NIDDA,Checking,20598.95,Y
1337,Deposit,IBB,Savings,14988.05,Y
1338,Deposit,IBB,CD Long Term,16563.59,Y
1338,Deposit,NIDDA,Checking,11847.47,Y
1338,Deposit,IBB,CD Short Term,35272.21,Y
1338,Deposit,IBB,Money Market,8213.48,Y
1338,Deposit,IBB,Savings,2511.79,Y
1338,Loan,N/A,Home Loan,432780.92,Y
1339,Deposit,IBB,Money Market,31132.68,Y
1339,Deposit,NIDDA,Checking,5319.03,Y
1339,Deposit,IBB,Savings,4300.14,Y
1339,Credit,N/A,Credit Card,11324.84,Y
1339,Loan,N/A,Home Loan,98976.79,Y
1339,Loan,N/A,Auto Loan,21416.01,Y
1340,Deposit,IBB,CD Long Term,70399.72,Y
1340,Deposit,NIDDA,Checking,1759.0,Y
1340,Deposit,IBB,CD Short Term,8403.84,Y
1340,Deposit,IBB,Money Market,32618.78,Y
1340,Deposit,IBB,Savings,3297.17,Y
1341,Deposit,IBB,CD Long Term,12180.88,Y
1341,Deposit,IBB,CD Short Term,25620.43,Y
1341,Deposit,NIDDA,Checking,4103.7,Y
1341,Deposit,IBB,Savings,11452.27,Y
1341,Loan,N/A,Home Loan,232331.21,Y
1341,Loan,N/A,Auto Loan,47355.47,Y
1342,Deposit,IBB,Money Market,19567.13,Y
1342,Deposit,NIDDA,Checking,10825.55,Y
1342,Deposit,IBB,Savings,6232.08,Y
1342,Credit,N/A,Credit Card,7033.28,Y
1343,Deposit,NIDDA,Checking,1479.51,Y
1343,Deposit,IBB,Savings,2669.6,Y
1344,Deposit,NIDDA,Checking,2206.66,Y
1344,Deposit,IBB,Savings,14107.13,Y
1344,Loan,N/A,Auto Loan,79013.42,Y
1345,Deposit,IBB,CD Short Term,51896.91,Y
1345,Deposit,NIDDA,Checking,4677.16,Y
1345,Deposit,IBB,Savings,5144.14,Y
1345,Credit,N/A,Credit Card,10031.24,Y
1346,Deposit,NIDDA,Checking,4364.83,Y
1346,Deposit,IBB,Savings,49864.54,Y
1347,Deposit,IBB,Money Market,23686.11,Y
1347,Deposit,NIDDA,Checking,23514.23,Y
1347,Deposit,IBB,Savings,1051.79,Y
1347,Credit,N/A,Credit Card,1533.08,Y
1347,Loan,N/A,Auto Loan,24209.15,Y
1348,Deposit,IBB,CD Long Term,39499.45,Y
1348,Deposit,IBB,Money Market,5417.7,Y
1348,Deposit,NIDDA,Checking,6448.01,Y
1348,Deposit,IBB,Savings,6979.73,Y
1348,Credit,N/A,Credit Card,1213.02,Y
1348,Loan,N/A,Auto Loan,44007.64,Y
1349,Deposit,IBB,Money Market,2451.85,Y
1349,Deposit,NIDDA,Checking,8831.73,Y
1349,Deposit,IBB,Savings,11456.78,Y
1350,Deposit,IBB,CD Long Term,6472.27,Y
1350,Deposit,NIDDA,Checking,15186.14,Y
1350,Deposit,IBB,CD Short Term,13342.62,Y
1350,Deposit,IBB,Money Market,7010.23,Y
1350,Deposit,IBB,Savings,3185.28,Y
1350,Credit,N/A,Credit Card,5076.95,Y
1351,Deposit,IBB,CD Short Term,14525.3,Y
1351,Deposit,NIDDA,Checking,4467.04,Y
1351,Deposit,IBB,Savings,5651.36,Y
1351,Loan,N/A,Home Loan,668950.19,Y
1352,Deposit,IBB,Money Market,15258.0,Y
1352,Deposit,NIDDA,Checking,11253.38,Y
1352,Deposit,IBB,Savings,23875.05,Y
1352,Loan,N/A,Home Loan,397299.56,Y
1353,Deposit,IBB,CD Short Term,1677.45,Y
1353,Deposit,NIDDA,Checking,7011.45,Y
1353,Deposit,IBB,Savings,8173.81,Y
1353,Credit,N/A,Credit Card,3521.36,Y
1353,Loan,N/A,Home Loan,467683.07,Y
1354,Deposit,IBB,CD Short Term,17055.52,Y
1354,Deposit,NIDDA,Checking,5855.04,Y
1355,Deposit,NIDDA,Checking,7474.24,Y
1356,Deposit,IBB,Money Market,90378.72,Y
1356,Deposit,NIDDA,Checking,22559.45,Y
1356,Deposit,IBB,Savings,15911.88,Y
1356,Credit,N/A,Credit Card,1161.51,Y
1357,Deposit,IBB,Money Market,17665.81,Y
1357,Deposit,NIDDA,Checking,10569.02,Y
1357,Deposit,IBB,Savings,13566.08,Y
1357,Credit,N/A,Credit Card,1232.75,Y
1357,Loan,N/A,Home Loan,342745.39,Y
1358,Deposit,IBB,CD Short Term,15761.39,Y
1358,Deposit,IBB,Money Market,7205.44,Y
1358,Deposit,NIDDA,Checking,3627.05,Y
1358,Loan,N/A,Home Loan,218351.35,Y
1358,Loan,N/A,Auto Loan,34521.17,Y
1359,Deposit,IBB,CD Long Term,21136.87,Y
1359,Deposit,NIDDA,Checking,8918.44,Y
1359,Deposit,IBB,Savings,13221.1,Y
1360,Deposit,IBB,Money Market,5219.63,Y
1360,Deposit,NIDDA,Checking,2046.29,Y
1360,Deposit,IBB,Savings,6156.77,Y
1360,Credit,N/A,Credit Card,772.54,Y
1360,Loan,N/A,Home Loan,702957.57,Y
1360,Loan,N/A,Auto Loan,38486.76,Y
1361,Deposit,NIDDA,Checking,2392.94,Y
1361,Deposit,IBB,Savings,10264.15,Y
1361,Credit,N/A,Credit Card,5091.83,Y
1362,Deposit,IBB,CD Long Term,12132.01,Y
1362,Deposit,NIDDA,Checking,465.61,Y
1362,Deposit,IBB,CD Short Term,11324.28,Y
1362,Deposit,IBB,Money Market,2188.48,Y
1362,Deposit,IBB,Savings,7981.33,Y
1362,Loan,N/A,Home Loan,553947.47,Y
1363,Deposit,IBB,CD Long Term,39922.81,Y
1363,Deposit,NIDDA,Checking,2434.41,Y
1363,Deposit,IBB,Savings,34124.02,Y
1364,Deposit,IBB,CD Long Term,8191.12,Y
1364,Deposit,IBB,Money Market,2414.41,Y
1364,Deposit,NIDDA,Checking,1637.79,Y
1364,Deposit,IBB,Savings,5179.29,Y
1364,Credit,N/A,Credit Card,1830.74,Y
1364,Loan,N/A,Home Loan,328780.92,Y
1364,Loan,N/A,Auto Loan,11750.04,Y
1365,Deposit,NIDDA,Checking,19938.78,Y
1365,Deposit,IBB,Savings,5280.9,Y
1366,Deposit,NIDDA,Checking,4917.3,Y
1366,Deposit,IBB,Savings,14542.38,Y
1366,Credit,N/A,Credit Card,5272.04,Y
1367,Deposit,NIDDA,Checking,3772.54,Y
1367,Credit,N/A,Credit Card,1533.44,Y
1367,Loan,N/A,Home Loan,355205.03,Y
1368,Deposit,IBB,Money Market,69240.71,Y
1368,Deposit,NIDDA,Checking,1623.87,Y
1368,Deposit,IBB,Savings,62027.27,Y
1368,Credit,N/A,Credit Card,6416.96,Y
1369,Deposit,NIDDA,Checking,14071.06,Y
1369,Deposit,IBB,Savings,2174.56,Y
1370,Deposit,IBB,CD Short Term,13245.52,Y
1370,Deposit,IBB,Money Market,10511.74,Y
1370,Deposit,NIDDA,Checking,12062.55,Y
1370,Credit,N/A,Credit Card,2022.24,Y
1370,Loan,N/A,Home Loan,384498.9,Y
1370,Loan,N/A,Personal Loan,16965.77,Y
1371,Deposit,IBB,Money Market,16407.7,Y
1371,Deposit,NIDDA,Checking,2837.82,Y
1371,Credit,N/A,Credit Card,1537.96,Y
1372,Deposit,IBB,CD Long Term,35131.69,Y
1372,Deposit,NIDDA,Checking,30976.31,Y
1372,Deposit,IBB,CD Short Term,13169.2,Y
1372,Deposit,IBB,Money Market,13960.35,Y
1372,Deposit,IBB,Savings,3584.62,Y
1372,Credit,N/A,Credit Card,3680.28,Y
1372,Loan,N/A,Home Loan,337287.58,Y
1372,Loan,N/A,Personal Loan,18476.42,Y
1373,Deposit,NIDDA,Checking,4696.51,Y
1373,Deposit,IBB,Savings,28135.55,Y
1373,Credit,N/A,Credit Card,1869.87,Y
1374,Deposit,IBB,Money Market,17236.44,Y
1374,Deposit,NIDDA,Checking,5601.96,Y
1374,Deposit,IBB,Savings,4930.28,Y
1374,Credit,N/A,Credit Card,1737.51,Y
1374,Loan,N/A,Home Loan,433954.99,Y
1374,Loan,N/A,Auto Loan,24770.42,Y
1375,Deposit,IBB,CD Short Term,18389.45,Y
1375,Deposit,IBB,Money Market,3724.22,Y
1375,Deposit,NIDDA,Checking,5444.9,Y
1375,Loan,N/A,Auto Loan,72082.17,Y
1376,Deposit,NIDDA,Checking,23065.54,Y
1376,Deposit,IBB,Savings,24591.72,Y
1376,Loan,N/A,Home Loan,234498.87,Y
1376,Loan,N/A,Personal Loan,16787.58,Y
1377,Deposit,NIDDA,Checking,5824.66,Y
1377,Deposit,IBB,Savings,14739.72,Y
1377,Credit,N/A,Credit Card,939.71,Y
1377,Loan,N/A,Auto Loan,17846.62,Y
1378,Deposit,NIDDA,Checking,9133.53,Y
1378,Deposit,IBB,Savings,14527.69,Y
1378,Credit,N/A,Credit Card,7731.68,Y
1379,Deposit,IBB,CD Long Term,21215.1,Y
1379,Deposit,NIDDA,Checking,5252.89,Y
1379,Deposit,IBB,Savings,10890.69,Y
1379,Credit,N/A,Credit Card,2568.62,Y
1380,Deposit,NIDDA,Checking,40475.22,Y
1380,Deposit,IBB,Savings,44832.46,Y
1380,Credit,N/A,Credit Card,7818.75,Y
1381,Deposit,IBB,CD Short Term,35990.22,Y
1381,Deposit,IBB,Money Market,29464.5,Y
1381,Deposit,NIDDA,Checking,1579.42,Y
1381,Deposit,IBB,Savings,76836.6,Y
1381,Loan,N/A,Personal Loan,10188.97,Y
1382,Deposit,IBB,Money Market,10626.7,Y
1382,Deposit,NIDDA,Checking,1346.63,Y
1382,Deposit,IBB,Savings,789.99,Y
1383,Deposit,IBB,CD Long Term,800277.9,Y
1383,Deposit,IBB,CD Short Term,44235.81,Y
1383,Deposit,NIDDA,Checking,1430.96,Y
1383,Deposit,IBB,Savings,8628.58,Y
1383,Loan,N/A,Auto Loan,40315.2,Y
1384,Deposit,IBB,CD Short Term,7276.23,Y
1384,Deposit,NIDDA,Checking,32748.03,Y
1384,Deposit,IBB,Savings,5426.48,Y
1385,Deposit,IBB,CD Short Term,10282.22,Y
1385,Deposit,IBB,Money Market,1769.61,Y
1385,Deposit,NIDDA,Checking,7204.94,Y
1385,Deposit,IBB,Savings,12874.05,Y
1386,Deposit,IBB,Money Market,4526.81,Y
1386,Deposit,NIDDA,Checking,3146.64,Y
1386,Deposit,IBB,Savings,3493.36,Y
1386,Credit,N/A,Credit Card,2082.54,Y
1387,Deposit,IBB,CD Long Term,31185.18,Y
1387,Deposit,NIDDA,Checking,13395.97,Y
1387,Deposit,IBB,Savings,13611.24,Y
1387,Credit,N/A,Credit Card,1673.19,Y
1387,Loan,N/A,Auto Loan,13094.33,Y
1388,Deposit,NIDDA,Checking,4834.09,Y
1388,Deposit,IBB,Savings,8100.43,Y
1388,Loan,N/A,Auto Loan,93667.7,Y
1389,Deposit,IBB,CD Long Term,44869.29,Y
1389,Deposit,NIDDA,Checking,2260.13,Y
1389,Deposit,IBB,Savings,22478.61,Y
1389,Credit,N/A,Credit Card,2318.6,Y
1389,Loan,N/A,Home Loan,474278.46,Y
1390,Deposit,IBB,CD Short Term,23683.49,Y
1390,Deposit,IBB,Money Market,4309.23,Y
1390,Deposit,NIDDA,Checking,2341.09,Y
1390,Credit,N/A,Credit Card,2039.51,Y
1390,Loan,N/A,Home Loan,472329.68,Y
1391,Deposit,NIDDA,Checking,5436.07,Y
1391,Credit,N/A,Credit Card,1927.97,Y
1392,Deposit,IBB,Money Market,21149.6,Y
1392,Deposit,NIDDA,Checking,1562.63,Y
1392,Deposit,IBB,Savings,15542.69,Y
1392,Credit,N/A,Credit Card,5758.27,Y
1392,Loan,N/A,Auto Loan,89508.87,Y
1393,Deposit,IBB,CD Short Term,3272.44,Y
1393,Deposit,NIDDA,Checking,2021.2,Y
1393,Deposit,IBB,Savings,3735.31,Y
1394,Deposit,IBB,CD Short Term,42384.67,Y
1394,Deposit,NIDDA,Checking,2932.88,Y
1394,Deposit,IBB,Savings,5325.04,Y
1394,Loan,N/A,Home Loan,521934.37,Y
1394,Loan,N/A,Auto Loan,28990.09,Y
1395,Deposit,IBB,CD Short Term,73580.36,Y
1395,Deposit,IBB,Money Market,16240.98,Y
1395,Deposit,NIDDA,Checking,568.71,Y
1395,Deposit,IBB,Savings,1942.54,Y
1395,Loan,N/A,Personal Loan,38434.16,Y
1396,Deposit,IBB,Money Market,85300.53,Y
1396,Deposit,NIDDA,Checking,8478.53,Y
1396,Deposit,IBB,Savings,10495.68,Y
1396,Loan,N/A,Personal Loan,37004.2,Y
1397,Deposit,IBB,CD Long Term,64214.69,Y
1397,Deposit,IBB,Money Market,17387.56,Y
1397,Deposit,NIDDA,Checking,2846.34,Y
1397,Deposit,IBB,Savings,8934.82,Y
1397,Credit,N/A,Credit Card,18472.46,Y
1397,Loan,N/A,Auto Loan,15722.7,Y
1398,Deposit,IBB,CD Long Term,78718.62,Y
1398,Deposit,NIDDA,Checking,2646.22,Y
1398,Deposit,IBB,Savings,8057.09,Y
1398,Credit,N/A,Credit Card,1920.23,Y
1399,Deposit,IBB,CD Short Term,9478.51,Y
1399,Deposit,NIDDA,Checking,2445.38,Y
1399,Credit,N/A,Credit Card,1777.56,Y
1399,Loan,N/A,Auto Loan,35846.11,Y
1400,Deposit,IBB,Money Market,18074.23,Y
1400,Deposit,NIDDA,Checking,2322.09,Y
1400,Credit,N/A,Credit Card,2901.72,Y
1400,Loan,N/A,Home Loan,530308.11,Y
1401,Deposit,NIDDA,Checking,3568.29,Y
1401,Deposit,IBB,Savings,4622.08,Y
1401,Loan,N/A,Personal Loan,55239.76,Y
1402,Deposit,IBB,Money Market,21765.87,Y
1402,Deposit,NIDDA,Checking,2204.53,Y
1402,Deposit,IBB,Savings,4988.06,Y
1402,Credit,N/A,Credit Card,8882.62,Y
1402,Loan,N/A,Home Loan,566676.13,Y
1403,Deposit,IBB,CD Short Term,30015.8,Y
1403,Deposit,NIDDA,Checking,3386.07,Y
1403,Credit,N/A,Credit Card,11936.58,Y
1403,Loan,N/A,Auto Loan,30865.66,Y
1404,Deposit,IBB,CD Short Term,22331.57,Y
1404,Deposit,NIDDA,Checking,12459.14,Y
1404,Deposit,IBB,Savings,12980.55,Y
1404,Credit,N/A,Credit Card,12604.93,Y
1404,Loan,N/A,Auto Loan,24380.33,Y
1404,Loan,N/A,Personal Loan,14745.51,Y
1405,Deposit,IBB,Money Market,26478.35,Y
1405,Deposit,NIDDA,Checking,2101.81,Y
1405,Deposit,IBB,Savings,4130.9,Y
1405,Loan,N/A,Home Loan,238785.86,Y
1406,Deposit,NIDDA,Checking,4147.18,Y
1406,Deposit,IBB,Savings,1288.99,Y
1406,Loan,N/A,Home Loan,778598.5,Y
1407,Deposit,IBB,Money Market,8697.09,Y
1407,Deposit,NIDDA,Checking,4673.63,Y
1407,Deposit,IBB,Savings,4744.61,Y
1408,Deposit,IBB,CD Short Term,11498.99,Y
1408,Deposit,IBB,Money Market,50959.38,Y
1408,Deposit,NIDDA,Checking,7002.48,Y
1408,Credit,N/A,Credit Card,2679.23,Y
1409,Deposit,IBB,Money Market,29729.7,Y
1409,Deposit,NIDDA,Checking,4864.09,Y
1409,Deposit,IBB,Savings,7040.29,Y
1409,Loan,N/A,Home Loan,124112.89,Y
1410,Deposit,IBB,Money Market,11271.09,Y
1410,Deposit,NIDDA,Checking,6481.12,Y
1410,Credit,N/A,Credit Card,1266.47,Y
1411,Deposit,IBB,CD Long Term,258801.6,Y
1411,Deposit,IBB,Money Market,8461.62,Y
1411,Deposit,NIDDA,Checking,5932.88,Y
1411,Deposit,IBB,Savings,2949.16,Y
1412,Deposit,IBB,CD Short Term,13713.03,Y
1412,Deposit,IBB,Money Market,9389.92,Y
1412,Deposit,NIDDA,Checking,1711.81,Y
1412,Deposit,IBB,Savings,4233.18,Y
1412,Credit,N/A,Credit Card,1253.84,Y
1412,Loan,N/A,Auto Loan,114534.5,Y
1412,Loan,N/A,Personal Loan,25895.5,Y
1413,Deposit,IBB,CD Long Term,11233.09,Y
1413,Deposit,IBB,CD Short Term,9415.7,Y
1413,Deposit,IBB,Money Market,14014.48,Y
1413,Deposit,NIDDA,Checking,30742.71,Y
1414,Deposit,IBB,CD Long Term,26175.66,Y
1414,Deposit,NIDDA,Checking,3268.7,Y
1414,Deposit,IBB,CD Short Term,7086.22,Y
1414,Deposit,IBB,Money Market,6917.82,Y
1414,Deposit,IBB,Savings,17025.85,Y
1414,Credit,N/A,Credit Card,2416.4,Y
1415,Deposit,IBB,CD Short Term,7227.22,Y
1415,Deposit,IBB,Money Market,56482.39,Y
1415,Deposit,NIDDA,Checking,26840.03,Y
1415,Deposit,IBB,Savings,34603.7,Y
1416,Deposit,IBB,CD Short Term,15239.82,Y
1416,Deposit,IBB,Money Market,12850.64,Y
1416,Deposit,NIDDA,Checking,36261.68,Y
1416,Deposit,IBB,Savings,1737.37,Y
1417,Deposit,NIDDA,Checking,34864.78,Y
1417,Deposit,IBB,Savings,47091.06,Y
1417,Credit,N/A,Credit Card,3955.55,Y
1417,Loan,N/A,Personal Loan,13574.78,Y
1418,Deposit,IBB,Money Market,6839.87,Y
1418,Deposit,NIDDA,Checking,7520.9,Y
1418,Deposit,IBB,Savings,6529.59,Y
1418,Credit,N/A,Credit Card,12998.91,Y
1418,Loan,N/A,Auto Loan,39520.65,Y
1419,Deposit,IBB,Money Market,7855.59,Y
1419,Deposit,NIDDA,Checking,8724.71,Y
1419,Deposit,IBB,Savings,2582.38,Y
1419,Loan,N/A,Home Loan,828177.51,Y
1420,Deposit,NIDDA,Checking,1327.1,Y
1420,Deposit,IBB,Savings,2988.08,Y
1420,Credit,N/A,Credit Card,1383.91,Y
1420,Loan,N/A,Personal Loan,20191.93,Y
1421,Deposit,NIDDA,Checking,2100.47,Y
1421,Deposit,IBB,Savings,33004.58,Y
1421,Credit,N/A,Credit Card,1654.98,Y
1421,Loan,N/A,Personal Loan,31988.6,Y
1422,Deposit,IBB,CD Long Term,20767.75,Y
1422,Deposit,NIDDA,Checking,28131.29,Y
1422,Deposit,IBB,CD Short Term,8287.06,Y
1422,Deposit,IBB,Money Market,12891.91,Y
1422,Deposit,IBB,Savings,5467.89,Y
1422,Loan,N/A,Home Loan,594256.86,Y
1423,Deposit,IBB,Money Market,8089.53,Y
1423,Deposit,NIDDA,Checking,2116.28,Y
1423,Deposit,IBB,Savings,916.37,Y
1423,Credit,N/A,Credit Card,5099.7,Y
1423,Loan,N/A,Auto Loan,46029.88,Y
1424,Deposit,IBB,CD Short Term,4769.54,Y
1424,Deposit,NIDDA,Checking,10595.21,Y
1424,Deposit,IBB,Savings,14480.19,Y
1424,Loan,N/A,Home Loan,399455.15,Y
1424,Loan,N/A,Auto Loan,63619.32,Y
1424,Loan,N/A,Personal Loan,20470.83,Y
1425,Deposit,IBB,CD Short Term,15095.84,Y
1425,Deposit,NIDDA,Checking,27784.99,Y
1425,Deposit,IBB,Savings,12401.52,Y
1425,Credit,N/A,Credit Card,910.02,Y
1426,Deposit,NIDDA,Checking,2228.27,Y
1426,Credit,N/A,Credit Card,941.53,Y
1427,Deposit,IBB,CD Long Term,49295.85,Y
1427,Deposit,NIDDA,Checking,3175.93,Y
1427,Credit,N/A,Credit Card,3018.35,Y
1428,Deposit,IBB,CD Long Term,149298.19,Y
1428,Deposit,IBB,Money Market,7779.41,Y
1428,Deposit,NIDDA,Checking,4003.36,Y
1428,Deposit,IBB,Savings,921.04,Y
1429,Deposit,IBB,CD Short Term,2821.55,Y
1429,Deposit,NIDDA,Checking,22433.47,Y
1429,Deposit,IBB,Savings,7082.22,Y
1429,Credit,N/A,Credit Card,1143.85,Y
1429,Loan,N/A,Auto Loan,75954.09,Y
1430,Deposit,IBB,CD Short Term,13194.42,Y
1430,Deposit,NIDDA,Checking,1918.45,Y
1430,Deposit,IBB,Savings,8206.71,Y
1430,Credit,N/A,Credit Card,1583.29,Y
1431,Deposit,IBB,Money Market,3623.42,Y
1431,Deposit,NIDDA,Checking,889.15,Y
1431,Deposit,IBB,Savings,14645.67,Y
1431,Credit,N/A,Credit Card,271.31,Y
1431,Loan,N/A,Home Loan,462804.76,Y
1432,Deposit,IBB,Money Market,5376.95,Y
1432,Deposit,NIDDA,Checking,3703.18,Y
1432,Deposit,IBB,Savings,11322.58,Y
1432,Loan,N/A,Home Loan,603467.51,Y
1432,Loan,N/A,Personal Loan,27649.31,Y
1433,Deposit,IBB,CD Long Term,9718.19,Y
1433,Deposit,NIDDA,Checking,20100.17,Y
1433,Deposit,IBB,Savings,109062.31,Y
1433,Credit,N/A,Credit Card,7932.52,Y
1433,Loan,N/A,Home Loan,369059.49,Y
1434,Deposit,IBB,CD Short Term,158169.12,Y
1434,Deposit,IBB,Money Market,6095.36,Y
1434,Deposit,NIDDA,Checking,3486.67,Y
1434,Deposit,IBB,Savings,1707.85,Y
1434,Loan,N/A,Auto Loan,38102.78,Y
1435,Deposit,IBB,Money Market,9076.19,Y
1435,Deposit,NIDDA,Checking,2875.54,Y
1436,Deposit,IBB,CD Short Term,75996.79,Y
1436,Deposit,NIDDA,Checking,3138.94,Y
1436,Credit,N/A,Credit Card,4812.81,Y
1436,Loan,N/A,Auto Loan,31964.27,Y
1437,Deposit,IBB,Money Market,2086.65,Y
1437,Deposit,NIDDA,Checking,1712.75,Y
1437,Deposit,IBB,Savings,11115.33,Y
1437,Credit,N/A,Credit Card,513.46,Y
1437,Loan,N/A,Home Loan,813177.96,Y
1438,Deposit,IBB,CD Short Term,8861.54,Y
1438,Deposit,IBB,Money Market,24066.76,Y
1438,Deposit,NIDDA,Checking,9848.07,Y
1438,Credit,N/A,Credit Card,3292.04,Y
1439,Deposit,IBB,CD Short Term,11072.16,Y
1439,Deposit,IBB,Money Market,36187.12,Y
1439,Deposit,NIDDA,Checking,6763.33,Y
1439,Deposit,IBB,Savings,2784.69,Y
1439,Loan,N/A,Home Loan,457084.49,Y
1439,Loan,N/A,Auto Loan,42153.73,Y
1440,Deposit,IBB,CD Short Term,14654.47,Y
1440,Deposit,IBB,Money Market,10320.34,Y
1440,Deposit,NIDDA,Checking,6911.62,Y
1440,Deposit,IBB,Savings,9754.55,Y
1440,Loan,N/A,Auto Loan,35005.31,Y
1441,Deposit,IBB,Money Market,4970.4,Y
1441,Deposit,NIDDA,Checking,7956.79,Y
1441,Credit,N/A,Credit Card,3293.05,Y
1441,Loan,N/A,Personal Loan,23752.82,Y
1442,Deposit,IBB,CD Short Term,1664.74,Y
1442,Deposit,NIDDA,Checking,8062.83,Y
1442,Deposit,IBB,Savings,1440.86,Y
1442,Loan,N/A,Auto Loan,26264.11,Y
1442,Loan,N/A,Personal Loan,31621.52,Y
1443,Deposit,IBB,Money Market,14418.81,Y
1443,Deposit,NIDDA,Checking,3792.16,Y
1443,Deposit,IBB,Savings,5000.09,Y
1443,Credit,N/A,Credit Card,2431.37,Y
1443,Loan,N/A,Personal Loan,126817.43,Y
1444,Deposit,IBB,Money Market,41392.01,Y
1444,Deposit,NIDDA,Checking,3335.78,Y
1444,Deposit,IBB,Savings,19122.14,Y
1444,Credit,N/A,Credit Card,2081.04,Y
1444,Loan,N/A,Auto Loan,57611.31,Y
1445,Deposit,IBB,CD Long Term,18616.48,Y
1445,Deposit,NIDDA,Checking,2792.02,Y
1445,Deposit,IBB,Savings,4214.72,Y
1445,Credit,N/A,Credit Card,3939.47,Y
1446,Deposit,IBB,Money Market,5509.35,Y
1446,Deposit,NIDDA,Checking,8447.31,Y
1446,Deposit,IBB,Savings,8043.92,Y
1447,Deposit,IBB,CD Long Term,162072.63,Y
1447,Deposit,IBB,CD Short Term,12890.93,Y
1447,Deposit,NIDDA,Checking,830.95,Y
1447,Deposit,IBB,Savings,7795.02,Y
1447,Credit,N/A,Credit Card,2660.2,Y
1448,Deposit,IBB,CD Short Term,25550.4,Y
1448,Deposit,NIDDA,Checking,2835.8,Y
1448,Deposit,IBB,Savings,19837.11,Y
1449,Deposit,NIDDA,Checking,9276.4,Y
1449,Loan,N/A,Auto Loan,57182.13,Y
1450,Deposit,IBB,CD Long Term,37644.1,Y
1450,Deposit,NIDDA,Checking,1659.8,Y
1450,Deposit,IBB,CD Short Term,3575.67,Y
1450,Deposit,IBB,Money Market,11162.85,Y
1450,Deposit,IBB,Savings,10944.33,Y
1450,Credit,N/A,Credit Card,1520.1,Y
1450,Loan,N/A,Home Loan,236367.21,Y
1450,Loan,N/A,Auto Loan,20431.18,Y
1451,Deposit,NIDDA,Checking,4433.37,Y
1451,Deposit,IBB,Savings,11858.65,Y
1451,Loan,N/A,Auto Loan,21894.87,Y
1451,Loan,N/A,Personal Loan,15582.7,Y
1452,Deposit,IBB,CD Long Term,201600.82,Y
1452,Deposit,NIDDA,Checking,3014.86,Y
1452,Credit,N/A,Credit Card,3860.11,Y
1453,Deposit,IBB,CD Long Term,25133.56,Y
1453,Deposit,NIDDA,Checking,6250.87,Y
1453,Credit,N/A,Credit Card,437.21,Y
1453,Loan,N/A,Home Loan,334220.76,Y
1454,Deposit,IBB,CD Short Term,17296.97,Y
1454,Deposit,NIDDA,Checking,23788.5,Y
1454,Deposit,IBB,Savings,30206.69,Y
1454,Credit,N/A,Credit Card,1774.55,Y
1455,Deposit,IBB,Money Market,3427.78,Y
1455,Deposit,NIDDA,Checking,6004.48,Y
1455,Credit,N/A,Credit Card,7543.66,Y
1455,Loan,N/A,Home Loan,709988.65,Y
1456,Deposit,IBB,CD Short Term,9677.6,Y
1456,Deposit,NIDDA,Checking,13472.21,Y
1456,Deposit,IBB,Savings,14284.68,Y
1456,Loan,N/A,Home Loan,719378.73,Y
1457,Deposit,IBB,Money Market,17290.05,Y
1457,Deposit,NIDDA,Checking,1198.26,Y
1457,Deposit,IBB,Savings,12524.92,Y
1457,Loan,N/A,Home Loan,1117205.19,Y
1457,Loan,N/A,Auto Loan,22111.31,Y
1458,Deposit,NIDDA,Checking,5582.77,Y
1458,Loan,N/A,Auto Loan,21600.06,Y
1459,Deposit,IBB,CD Long Term,15438.1,Y
1459,Deposit,IBB,Money Market,17649.35,Y
1459,Deposit,NIDDA,Checking,9413.91,Y
1459,Loan,N/A,Home Loan,798658.0,Y
1459,Loan,N/A,Auto Loan,9399.48,Y
1460,Deposit,IBB,Money Market,15235.64,Y
1460,Deposit,NIDDA,Checking,3698.25,Y
1460,Deposit,IBB,Savings,1436.56,Y
1460,Loan,N/A,Auto Loan,7998.69,Y
1461,Deposit,IBB,CD Short Term,14620.91,Y
1461,Deposit,NIDDA,Checking,25345.22,Y
1461,Deposit,IBB,Savings,16497.47,Y
1461,Loan,N/A,Auto Loan,58686.43,Y
1462,Deposit,IBB,CD Long Term,135896.61,Y
1462,Deposit,NIDDA,Checking,3411.46,Y
1462,Deposit,IBB,Savings,13879.25,Y
1462,Loan,N/A,Home Loan,439393.72,Y
1463,Deposit,IBB,CD Short Term,21808.47,Y
1463,Deposit,IBB,Money Market,165015.71,Y
1463,Deposit,NIDDA,Checking,622.19,Y
1463,Loan,N/A,Auto Loan,44536.85,Y
1463,Loan,N/A,Personal Loan,21932.55,Y
1464,Deposit,NIDDA,Checking,7664.37,Y
1464,Deposit,IBB,Savings,19094.33,Y
1464,Credit,N/A,Credit Card,2004.66,Y
1465,Deposit,IBB,CD Short Term,5270.7,Y
1465,Deposit,NIDDA,Checking,6146.96,Y
1465,Credit,N/A,Credit Card,590.58,Y
1465,Loan,N/A,Home Loan,302860.01,Y
1465,Loan,N/A,Auto Loan,22804.5,Y
1466,Deposit,IBB,CD Short Term,11773.36,Y
1466,Deposit,IBB,Money Market,11370.66,Y
1466,Deposit,NIDDA,Checking,6536.92,Y
1466,Deposit,IBB,Savings,2916.93,Y
1466,Loan,N/A,Home Loan,257863.28,Y
1467,Deposit,IBB,CD Short Term,52131.86,Y
1467,Deposit,IBB,Money Market,6694.15,Y
1467,Deposit,NIDDA,Checking,4001.79,Y
1467,Deposit,IBB,Savings,5923.74,Y
1467,Loan,N/A,Home Loan,595056.83,Y
1467,Loan,N/A,Auto Loan,15952.17,Y
1468,Deposit,IBB,CD Long Term,51150.98,Y
1468,Deposit,IBB,CD Short Term,21269.99,Y
1468,Deposit,NIDDA,Checking,9386.43,Y
1468,Deposit,IBB,Savings,28395.86,Y
1468,Credit,N/A,Credit Card,6387.77,Y
1468,Loan,N/A,Auto Loan,24583.23,Y
1469,Deposit,IBB,Money Market,12807.43,Y
1469,Deposit,NIDDA,Checking,22578.29,Y
1469,Deposit,IBB,Savings,7884.29,Y
1469,Credit,N/A,Credit Card,1190.58,Y
1469,Loan,N/A,Home Loan,394719.63,Y
1470,Deposit,IBB,CD Short Term,20885.18,Y
1470,Deposit,IBB,Money Market,1613.4,Y
1470,Deposit,NIDDA,Checking,1513.39,Y
1470,Deposit,IBB,Savings,21800.54,Y
1470,Credit,N/A,Credit Card,6866.17,Y
1471,Deposit,IBB,Money Market,18359.82,Y
1471,Deposit,NIDDA,Checking,11514.73,Y
1471,Deposit,IBB,Savings,10903.64,Y
1472,Deposit,IBB,CD Short Term,9962.68,Y
1472,Deposit,IBB,Money Market,21448.15,Y
1472,Deposit,NIDDA,Checking,2939.37,Y
1472,Deposit,IBB,Savings,8082.35,Y
1473,Deposit,NIDDA,Checking,3301.54,Y
1473,Deposit,IBB,Savings,3095.61,Y
1474,Deposit,IBB,CD Short Term,10747.01,Y
1474,Deposit,IBB,Money Market,62163.02,Y
1474,Deposit,NIDDA,Checking,7420.0,Y
1474,Deposit,IBB,Savings,27021.04,Y
1475,Deposit,IBB,CD Long Term,109523.35,Y
1475,Deposit,IBB,Money Market,14950.1,Y
1475,Deposit,NIDDA,Checking,3516.67,Y
1475,Deposit,IBB,Savings,4327.38,Y
1475,Loan,N/A,Home Loan,707204.48,Y
1476,Deposit,IBB,Money Market,16254.16,Y
1476,Deposit,NIDDA,Checking,13875.52,Y
1476,Deposit,IBB,Savings,18680.26,Y
1476,Credit,N/A,Credit Card,5396.18,Y
1477,Deposit,IBB,CD Long Term,19576.79,Y
1477,Deposit,NIDDA,Checking,20225.15,Y
1477,Deposit,IBB,CD Short Term,13575.87,Y
1477,Deposit,IBB,Money Market,31072.89,Y
1477,Deposit,IBB,Savings,712.01,Y
1477,Credit,N/A,Credit Card,1120.9,Y
1478,Deposit,IBB,CD Short Term,6787.81,Y
1478,Deposit,NIDDA,Checking,677.4,Y
1478,Credit,N/A,Credit Card,1209.89,Y
1479,Deposit,IBB,CD Short Term,952.18,Y
1479,Deposit,IBB,Money Market,9226.54,Y
1479,Deposit,NIDDA,Checking,2567.45,Y
1479,Deposit,IBB,Savings,6227.13,Y
1479,Credit,N/A,Credit Card,1631.71,Y
1479,Loan,N/A,Home Loan,527270.0,Y
1480,Deposit,IBB,CD Short Term,15474.12,Y
1480,Deposit,NIDDA,Checking,5944.74,Y
1480,Deposit,IBB,Savings,11410.38,Y
1480,Credit,N/A,Credit Card,1116.84,Y
1480,Loan,N/A,Auto Loan,80020.28,Y
1480,Loan,N/A,Personal Loan,15242.51,Y
1481,Deposit,IBB,Money Market,22973.78,Y
1481,Deposit,NIDDA,Checking,8347.75,Y
1481,Loan,N/A,Auto Loan,16623.99,Y
1482,Deposit,NIDDA,Checking,29835.47,Y
1482,Deposit,IBB,Savings,14793.77,Y
1482,Credit,N/A,Credit Card,541.48,Y
1482,Loan,N/A,Auto Loan,44911.55,Y
1483,Deposit,IBB,Money Market,36627.73,Y
1483,Deposit,NIDDA,Checking,9753.75,Y
1483,Deposit,IBB,Savings,53114.0,Y
1483,Loan,N/A,Home Loan,545874.51,Y
1483,Loan,N/A,Auto Loan,48514.76,Y
1484,Deposit,IBB,Money Market,27816.71,Y
1484,Deposit,NIDDA,Checking,5502.64,Y
1484,Deposit,IBB,Savings,23836.97,Y
1484,Loan,N/A,Personal Loan,6864.93,Y
1485,Deposit,IBB,Money Market,41068.84,Y
1485,Deposit,NIDDA,Checking,9492.8,Y
1485,Deposit,IBB,Savings,5277.31,Y
1486,Deposit,NIDDA,Checking,2822.81,Y
1486,Deposit,IBB,Savings,14051.07,Y
1487,Deposit,IBB,Money Market,2056.67,Y
1487,Deposit,NIDDA,Checking,1698.55,Y
1487,Deposit,IBB,Savings,1365.68,Y
1488,Deposit,IBB,CD Short Term,48156.5,Y
1488,Deposit,NIDDA,Checking,2381.58,Y
1488,Credit,N/A,Credit Card,1518.61,Y
1488,Loan,N/A,Personal Loan,9928.89,Y
1489,Deposit,IBB,Money Market,14515.88,Y
1489,Deposit,NIDDA,Checking,5673.52,Y
1489,Deposit,IBB,Savings,37576.02,Y
1489,Credit,N/A,Credit Card,3044.91,Y
1490,Deposit,IBB,CD Short Term,3409.84,Y
1490,Deposit,NIDDA,Checking,10107.95,Y
1490,Loan,N/A,Home Loan,494594.84,Y
1490,Loan,N/A,Auto Loan,28940.01,Y
1491,Deposit,NIDDA,Checking,3900.25,Y
1492,Deposit,IBB,CD Long Term,74977.26,Y
1492,Deposit,IBB,Money Market,3140.3,Y
1492,Deposit,NIDDA,Checking,3472.28,Y
1492,Deposit,IBB,Savings,7970.1,Y
1492,Credit,N/A,Credit Card,1901.97,Y
1493,Deposit,NIDDA,Checking,11460.67,Y
1493,Deposit,IBB,Savings,4338.85,Y
1493,Loan,N/A,Home Loan,373407.37,Y
1493,Loan,N/A,Auto Loan,48312.11,Y
1494,Deposit,IBB,Money Market,19031.24,Y
1494,Deposit,NIDDA,Checking,10239.95,Y
1494,Loan,N/A,Auto Loan,28828.54,Y
1495,Deposit,IBB,CD Short Term,26596.02,Y
1495,Deposit,NIDDA,Checking,3170.65,Y
1495,Deposit,IBB,Savings,4382.59,Y
1496,Deposit,IBB,Money Market,24908.67,Y
1496,Deposit,NIDDA,Checking,8524.09,Y
1496,Deposit,IBB,Savings,2713.15,Y
1496,Credit,N/A,Credit Card,1950.2,Y
1496,Loan,N/A,Home Loan,304690.8,Y
1497,Deposit,IBB,CD Long Term,79910.46,Y
1497,Deposit,NIDDA,Checking,6039.04,Y
1497,Deposit,IBB,Savings,5584.17,Y
1497,Loan,N/A,Personal Loan,26297.7,Y
1498,Deposit,IBB,Money Market,4222.06,Y
1498,Deposit,NIDDA,Checking,1984.86,Y
1498,Credit,N/A,Credit Card,3666.85,Y
1498,Loan,N/A,Home Loan,867988.24,Y
1499,Deposit,IBB,CD Short Term,20774.92,Y
1499,Deposit,IBB,Money Market,3115.58,Y
1499,Deposit,NIDDA,Checking,16365.93,Y
1499,Deposit,IBB,Savings,6778.51,Y
1500,Deposit,NIDDA,Checking,3764.18,Y
1500,Deposit,IBB,Savings,8022.43,Y
1501,Deposit,IBB,CD Short Term,20356.17,Y
1501,Deposit,NIDDA,Checking,4328.36,Y
1501,Deposit,IBB,Savings,8930.49,Y
1501,Credit,N/A,Credit Card,2653.3,Y
1502,Deposit,NIDDA,Checking,36256.94,Y
1502,Loan,N/A,Personal Loan,52329.78,Y
1503,Deposit,IBB,CD Short Term,12277.17,Y
1503,Deposit,NIDDA,Checking,16669.0,Y
1503,Deposit,IBB,Savings,36671.22,Y
1504,Deposit,IBB,CD Short Term,5537.4,Y
1504,Deposit,NIDDA,Checking,3107.32,Y
1504,Loan,N/A,Auto Loan,24239.44,Y
1505,Deposit,IBB,CD Long Term,32050.31,Y
1505,Deposit,NIDDA,Checking,2487.73,Y
1505,Deposit,IBB,CD Short Term,33651.76,Y
1505,Deposit,IBB,Money Market,4749.7,Y
1505,Deposit,IBB,Savings,4237.11,Y
1505,Credit,N/A,Credit Card,3263.85,Y
1505,Loan,N/A,Personal Loan,9094.27,Y
1506,Deposit,IBB,CD Short Term,32620.49,Y
1506,Deposit,IBB,Money Market,40574.9,Y
1506,Deposit,NIDDA,Checking,4189.71,Y
1506,Deposit,IBB,Savings,5732.53,Y
1506,Loan,N/A,Home Loan,386412.27,Y
1507,Deposit,NIDDA,Checking,1258.15,Y
1507,Deposit,IBB,Savings,12218.35,Y
1507,Loan,N/A,Auto Loan,22223.18,Y
1508,Deposit,IBB,CD Long Term,61325.86,Y
1508,Deposit,NIDDA,Checking,2504.7,Y
1508,Deposit,IBB,Savings,6997.07,Y
1508,Loan,N/A,Auto Loan,39954.36,Y
1509,Deposit,IBB,CD Long Term,51027.69,Y
1509,Deposit,NIDDA,Checking,33429.6,Y
1509,Deposit,IBB,CD Short Term,31950.76,Y
1509,Deposit,IBB,Money Market,2482.03,Y
1509,Deposit,IBB,Savings,2770.89,Y
1509,Credit,N/A,Credit Card,3397.75,Y
1509,Loan,N/A,Personal Loan,33497.72,Y
1510,Deposit,IBB,CD Short Term,21222.26,Y
1510,Deposit,NIDDA,Checking,13861.8,Y
1510,Deposit,IBB,Savings,23178.21,Y
1510,Credit,N/A,Credit Card,2542.21,Y
1511,Deposit,IBB,CD Short Term,10418.86,Y
1511,Deposit,NIDDA,Checking,19980.71,Y
1511,Credit,N/A,Credit Card,582.66,Y
1511,Loan,N/A,Auto Loan,27734.95,Y
1512,Deposit,IBB,CD Long Term,41591.59,Y
1512,Deposit,NIDDA,Checking,23945.62,Y
1512,Deposit,IBB,Savings,81634.88,Y
1512,Credit,N/A,Credit Card,2019.49,Y
1513,Deposit,NIDDA,Checking,2985.17,Y
1513,Credit,N/A,Credit Card,2192.79,Y
1514,Deposit,IBB,CD Long Term,39971.27,Y
1514,Deposit,NIDDA,Checking,16509.67,Y
1514,Deposit,IBB,Savings,3219.02,Y
1514,Loan,N/A,Auto Loan,64156.41,Y
1514,Loan,N/A,Personal Loan,9955.43,Y
1515,Deposit,IBB,Money Market,6432.86,Y
1515,Deposit,NIDDA,Checking,8504.81,Y
1515,Deposit,IBB,Savings,29729.9,Y
1515,Credit,N/A,Credit Card,2896.59,Y
1516,Deposit,IBB,CD Long Term,9268.82,Y
1516,Deposit,IBB,Money Market,23371.5,Y
1516,Deposit,NIDDA,Checking,15931.61,Y
1516,Loan,N/A,Home Loan,440959.46,Y
1517,Deposit,NIDDA,Checking,7570.53,Y
1517,Deposit,IBB,Savings,3007.58,Y
1518,Deposit,IBB,CD Short Term,40865.78,Y
1518,Deposit,IBB,Money Market,3633.24,Y
1518,Deposit,NIDDA,Checking,15245.23,Y
1518,Deposit,IBB,Savings,7008.68,Y
1518,Credit,N/A,Credit Card,12456.69,Y
1519,Deposit,IBB,Money Market,18575.13,Y
1519,Deposit,NIDDA,Checking,16055.61,Y
1519,Deposit,IBB,Savings,10612.56,Y
1520,Deposit,IBB,Money Market,12640.86,Y
1520,Deposit,NIDDA,Checking,10217.87,Y
1521,Deposit,IBB,CD Short Term,6537.89,Y
1521,Deposit,NIDDA,Checking,1679.54,Y
1521,Deposit,IBB,Savings,3743.54,Y
1521,Loan,N/A,Auto Loan,48355.29,Y
1522,Deposit,IBB,Money Market,13742.01,Y
1522,Deposit,NIDDA,Checking,15206.75,Y
1523,Deposit,IBB,Money Market,18642.06,Y
1523,Deposit,NIDDA,Checking,3223.02,Y
1523,Deposit,IBB,Savings,28435.42,Y
1523,Credit,N/A,Credit Card,8686.32,Y
1523,Loan,N/A,Auto Loan,24304.44,Y
1524,Deposit,IBB,CD Short Term,11679.81,Y
1524,Deposit,IBB,Money Market,132404.69,Y
1524,Deposit,NIDDA,Checking,5067.42,Y
1524,Deposit,IBB,Savings,13468.32,Y
1525,Deposit,NIDDA,Checking,3362.76,Y
1525,Credit,N/A,Credit Card,1939.48,Y
1526,Deposit,IBB,Money Market,7584.43,Y
1526,Deposit,NIDDA,Checking,684.2,Y
1527,Deposit,IBB,CD Short Term,3305.7,Y
1527,Deposit,IBB,Money Market,1416.58,Y
1527,Deposit,NIDDA,Checking,1279.05,Y
1527,Deposit,IBB,Savings,1227.04,Y
1527,Loan,N/A,Home Loan,342179.39,Y
1527,Loan,N/A,Personal Loan,10030.34,Y
1528,Deposit,IBB,CD Long Term,35217.52,Y
1528,Deposit,IBB,Money Market,26594.13,Y
1528,Deposit,NIDDA,Checking,1022.12,Y
1528,Deposit,IBB,Savings,7153.72,Y
1528,Credit,N/A,Credit Card,5209.06,Y
1529,Deposit,NIDDA,Checking,2280.34,Y
1529,Deposit,IBB,Savings,9603.15,Y
1529,Loan,N/A,Personal Loan,15291.08,Y
1530,Deposit,IBB,CD Short Term,8901.8,Y
1530,Deposit,IBB,Money Market,6720.45,Y
1530,Deposit,NIDDA,Checking,4023.34,Y
1530,Deposit,IBB,Savings,839.8,Y
1530,Loan,N/A,Auto Loan,61903.71,Y
1531,Deposit,IBB,CD Short Term,2705.38,Y
1531,Deposit,NIDDA,Checking,3969.18,Y
1531,Deposit,IBB,Savings,9687.46,Y
1531,Credit,N/A,Credit Card,3289.76,Y
1532,Deposit,NIDDA,Checking,4984.05,Y
1532,Loan,N/A,Home Loan,376205.49,Y
1533,Deposit,IBB,CD Short Term,1951.0,Y
1533,Deposit,NIDDA,Checking,3745.46,Y
1533,Deposit,IBB,Savings,6867.99,Y
1533,Credit,N/A,Credit Card,6501.14,Y
1534,Deposit,IBB,CD Short Term,9132.29,Y
1534,Deposit,NIDDA,Checking,3762.65,Y
1534,Credit,N/A,Credit Card,2055.62,Y
1535,Deposit,IBB,CD Short Term,22634.59,Y
1535,Deposit,NIDDA,Checking,5925.0,Y
1535,Deposit,IBB,Savings,4816.04,Y
1535,Loan,N/A,Personal Loan,10273.63,Y
1536,Deposit,IBB,Money Market,8288.49,Y
1536,Deposit,NIDDA,Checking,7235.55,Y
1536,Deposit,IBB,Savings,21104.19,Y
1536,Credit,N/A,Credit Card,691.87,Y
1536,Loan,N/A,Home Loan,498041.94,Y
1537,Deposit,IBB,CD Short Term,8986.41,Y
1537,Deposit,IBB,Money Market,24975.31,Y
1537,Deposit,NIDDA,Checking,8903.55,Y
1537,Loan,N/A,Home Loan,591050.45,Y
1537,Loan,N/A,Auto Loan,11999.38,Y
1538,Deposit,IBB,CD Long Term,6159.47,Y
1538,Deposit,NIDDA,Checking,13655.63,Y
1538,Deposit,IBB,Savings,11640.34,Y
1538,Credit,N/A,Credit Card,3211.28,Y
1539,Deposit,IBB,CD Short Term,21660.31,Y
1539,Deposit,IBB,Money Market,43046.1,Y
1539,Deposit,NIDDA,Checking,5629.86,Y
1539,Deposit,IBB,Savings,7157.18,Y
1540,Deposit,NIDDA,Checking,2394.54,Y
1540,Deposit,IBB,Savings,4114.27,Y
1540,Loan,N/A,Home Loan,863345.46,Y
1540,Loan,N/A,Personal Loan,16701.25,Y
1541,Deposit,NIDDA,Checking,21591.72,Y
1541,Deposit,IBB,Savings,31549.79,Y
1542,Deposit,IBB,CD Long Term,22863.21,Y
1542,Deposit,IBB,Money Market,9455.63,Y
1542,Deposit,NIDDA,Checking,6479.76,Y
1542,Deposit,IBB,Savings,11245.29,Y
1543,Deposit,IBB,Money Market,19763.57,Y
1543,Deposit,NIDDA,Checking,472.05,Y
1543,Deposit,IBB,Savings,2619.19,Y
1544,Deposit,IBB,Money Market,14083.31,Y
1544,Deposit,NIDDA,Checking,3361.89,Y
1544,Deposit,IBB,Savings,1489.97,Y
1545,Deposit,IBB,Money Market,10507.18,Y
1545,Deposit,NIDDA,Checking,16710.64,Y
1545,Deposit,IBB,Savings,7201.32,Y
1545,Credit,N/A,Credit Card,1058.32,Y
1545,Loan,N/A,Personal Loan,23244.06,Y
1546,Deposit,IBB,CD Short Term,11614.94,Y
1546,Deposit,NIDDA,Checking,23309.39,Y
1546,Deposit,IBB,Savings,5684.22,Y
1547,Deposit,IBB,Money Market,34122.89,Y
1547,Deposit,NIDDA,Checking,46916.7,Y
1548,Deposit,IBB,CD Short Term,9293.09,Y
1548,Deposit,NIDDA,Checking,5182.76,Y
1548,Deposit,IBB,Savings,4041.46,Y
1549,Deposit,IBB,CD Short Term,13698.42,Y
1549,Deposit,IBB,Money Market,10139.8,Y
1549,Deposit,NIDDA,Checking,9502.7,Y
1550,Deposit,NIDDA,Checking,12427.1,Y
1551,Deposit,IBB,CD Long Term,2229.35,Y
1551,Deposit,IBB,CD Short Term,11641.25,Y
1551,Deposit,IBB,Money Market,8551.99,Y
1551,Deposit,NIDDA,Checking,6746.63,Y
1552,Deposit,IBB,Money Market,3490.51,Y
1552,Deposit,NIDDA,Checking,2639.98,Y
1552,Deposit,IBB,Savings,4620.57,Y
1552,Credit,N/A,Credit Card,1000.94,Y
1552,Loan,N/A,Home Loan,1356265.23,Y
1553,Deposit,IBB,Money Market,2716.11,Y
1553,Deposit,NIDDA,Checking,7856.2,Y
1553,Deposit,IBB,Savings,2966.33,Y
1553,Credit,N/A,Credit Card,8221.5,Y
1554,Deposit,IBB,Money Market,3866.89,Y
1554,Deposit,NIDDA,Checking,44926.41,Y
1554,Credit,N/A,Credit Card,1699.54,Y
1554,Loan,N/A,Auto Loan,19905.31,Y
1555,Deposit,IBB,CD Short Term,7383.51,Y
1555,Deposit,IBB,Money Market,81615.82,Y
1555,Deposit,NIDDA,Checking,45123.16,Y
1555,Deposit,IBB,Savings,24929.19,Y
1555,Credit,N/A,Credit Card,394.71,Y
1556,Deposit,IBB,CD Long Term,21864.37,Y
1556,Deposit,NIDDA,Checking,52334.58,Y
1556,Credit,N/A,Credit Card,192.89,Y
1557,Deposit,IBB,Money Market,3449.65,Y
1557,Deposit,NIDDA,Checking,267.57,Y
1557,Deposit,IBB,Savings,9956.79,Y
1558,Deposit,IBB,CD Long Term,45053.44,Y
1558,Deposit,IBB,CD Short Term,23336.5,Y
1558,Deposit,NIDDA,Checking,60922.93,Y
1558,Deposit,IBB,Savings,47996.46,Y
1558,Credit,N/A,Credit Card,5677.26,Y
1558,Loan,N/A,Home Loan,538181.57,Y
1558,Loan,N/A,Auto Loan,26540.09,Y
1559,Deposit,IBB,Money Market,35539.77,Y
1559,Deposit,NIDDA,Checking,18333.67,Y
1559,Loan,N/A,Personal Loan,6535.04,Y
1560,Deposit,IBB,CD Long Term,14298.19,Y
1560,Deposit,IBB,CD Short Term,16198.28,Y
1560,Deposit,NIDDA,Checking,3192.1,Y
1560,Loan,N/A,Personal Loan,25457.65,Y
1561,Deposit,IBB,CD Long Term,39711.76,Y
1561,Deposit,IBB,Money Market,5035.67,Y
1561,Deposit,NIDDA,Checking,2121.15,Y
1561,Deposit,IBB,Savings,4763.43,Y
1561,Credit,N/A,Credit Card,2659.37,Y
1561,Loan,N/A,Auto Loan,33352.06,Y
1562,Deposit,IBB,CD Long Term,47591.51,Y
1562,Deposit,NIDDA,Checking,10718.18,Y
1562,Deposit,IBB,CD Short Term,7680.69,Y
1562,Deposit,IBB,Money Market,15643.29,Y
1562,Deposit,IBB,Savings,8751.68,Y
1562,Credit,N/A,Credit Card,1944.78,Y
1563,Deposit,IBB,CD Long Term,18273.21,Y
1563,Deposit,IBB,Money Market,45530.48,Y
1563,Deposit,NIDDA,Checking,4944.82,Y
1563,Deposit,IBB,Savings,4823.02,Y
1563,Loan,N/A,Personal Loan,12504.72,Y
1564,Deposit,IBB,CD Short Term,29598.97,Y
1564,Deposit,NIDDA,Checking,5047.02,Y
1564,Credit,N/A,Credit Card,3634.11,Y
1564,Loan,N/A,Auto Loan,79170.74,Y
1564,Loan,N/A,Personal Loan,21325.07,Y
1565,Deposit,NIDDA,Checking,2602.06,Y
1565,Deposit,IBB,Savings,7172.31,Y
1565,Credit,N/A,Credit Card,511.75,Y
1565,Loan,N/A,Home Loan,591384.28,Y
1566,Deposit,IBB,CD Long Term,1978.62,Y
1566,Deposit,IBB,CD Short Term,13693.53,Y
1566,Deposit,NIDDA,Checking,4655.58,Y
1566,Credit,N/A,Credit Card,1869.07,Y
1566,Loan,N/A,Personal Loan,23865.42,Y
1567,Deposit,IBB,CD Short Term,4765.42,Y
1567,Deposit,NIDDA,Checking,3540.52,Y
1567,Deposit,IBB,Savings,20909.23,Y
1568,Deposit,IBB,Money Market,3932.09,Y
1568,Deposit,NIDDA,Checking,1013.15,Y
1568,Deposit,IBB,Savings,6142.48,Y
1568,Credit,N/A,Credit Card,4687.32,Y
1569,Deposit,IBB,CD Short Term,27404.17,Y
1569,Deposit,NIDDA,Checking,7698.43,Y
1569,Loan,N/A,Home Loan,604355.86,Y
1570,Deposit,IBB,Money Market,3145.69,Y
1570,Deposit,NIDDA,Checking,1591.39,Y
1570,Deposit,IBB,Savings,14191.18,Y
1570,Loan,N/A,Personal Loan,45748.43,Y
1571,Deposit,NIDDA,Checking,8890.36,Y
1571,Deposit,IBB,Savings,24474.16,Y
1572,Deposit,IBB,CD Short Term,58081.89,Y
1572,Deposit,NIDDA,Checking,3167.49,Y
1572,Deposit,IBB,Savings,13642.84,Y
1572,Credit,N/A,Credit Card,8395.61,Y
1573,Deposit,IBB,CD Long Term,15071.44,Y
1573,Deposit,NIDDA,Checking,4977.44,Y
1573,Deposit,IBB,CD Short Term,9100.06,Y
1573,Deposit,IBB,Money Market,35285.22,Y
1573,Deposit,IBB,Savings,916.07,Y
1573,Credit,N/A,Credit Card,9762.37,Y
1574,Deposit,IBB,CD Short Term,28179.87,Y
1574,Deposit,IBB,Money Market,10524.28,Y
1574,Deposit,NIDDA,Checking,15428.55,Y
1574,Deposit,IBB,Savings,29426.55,Y
1574,Loan,N/A,Auto Loan,16345.82,Y
1575,Deposit,IBB,CD Long Term,15524.75,Y
1575,Deposit,NIDDA,Checking,15198.36,Y
1575,Deposit,IBB,Savings,23571.41,Y
1575,Loan,N/A,Personal Loan,11663.64,Y
1576,Deposit,NIDDA,Checking,4249.96,Y
1576,Deposit,IBB,Savings,27129.21,Y
1576,Loan,N/A,Home Loan,915457.6,Y
1576,Loan,N/A,Auto Loan,11787.98,Y
1577,Deposit,IBB,CD Short Term,17567.84,Y
1577,Deposit,IBB,Money Market,22222.17,Y
1577,Deposit,NIDDA,Checking,12299.71,Y
1577,Deposit,IBB,Savings,8736.09,Y
1577,Loan,N/A,Home Loan,408694.21,Y
1578,Deposit,NIDDA,Checking,3747.75,Y
1578,Deposit,IBB,Savings,35299.5,Y
1578,Loan,N/A,Home Loan,269806.21,Y
1578,Loan,N/A,Auto Loan,114159.07,Y
1579,Deposit,NIDDA,Checking,3257.32,Y
1579,Deposit,IBB,Savings,2659.37,Y
1579,Credit,N/A,Credit Card,3031.64,Y
1579,Loan,N/A,Auto Loan,26892.71,Y
1580,Deposit,IBB,CD Short Term,96963.42,Y
1580,Deposit,NIDDA,Checking,632.13,Y
1580,Credit,N/A,Credit Card,1616.76,Y
1581,Deposit,IBB,CD Short Term,24293.21,Y
1581,Deposit,IBB,Money Market,3103.18,Y
1581,Deposit,NIDDA,Checking,2890.2,Y
1581,Deposit,IBB,Savings,1325.33,Y
1581,Credit,N/A,Credit Card,2874.95,Y
1582,Deposit,IBB,CD Short Term,4197.27,Y
1582,Deposit,IBB,Money Market,31212.68,Y
1582,Deposit,NIDDA,Checking,6247.87,Y
1582,Credit,N/A,Credit Card,1356.42,Y
1583,Deposit,NIDDA,Checking,1193.18,Y
1583,Credit,N/A,Credit Card,3294.96,Y
1583,Loan,N/A,Home Loan,167225.75,Y
1583,Loan,N/A,Personal Loan,7671.89,Y
1584,Deposit,NIDDA,Checking,367.32,Y
1584,Deposit,IBB,Savings,2885.08,Y
1585,Deposit,IBB,Money Market,11863.95,Y
1585,Deposit,NIDDA,Checking,3839.52,Y
1585,Deposit,IBB,Savings,10768.94,Y
1585,Loan,N/A,Home Loan,525415.99,Y
1586,Deposit,NIDDA,Checking,1252.16,Y
1586,Credit,N/A,Credit Card,7547.04,Y
1586,Loan,N/A,Personal Loan,84148.64,Y
1587,Deposit,IBB,CD Short Term,13890.91,Y
1587,Deposit,IBB,Money Market,2488.55,Y
1587,Deposit,NIDDA,Checking,11768.54,Y
1587,Deposit,IBB,Savings,11996.66,Y
1587,Credit,N/A,Credit Card,922.66,Y
1587,Loan,N/A,Auto Loan,15481.33,Y
1588,Deposit,IBB,Money Market,7198.84,Y
1588,Deposit,NIDDA,Checking,11055.11,Y
1588,Deposit,IBB,Savings,6374.64,Y
1588,Credit,N/A,Credit Card,7679.14,Y
1589,Deposit,IBB,CD Long Term,10332.01,Y
1589,Deposit,IBB,CD Short Term,30474.03,Y
1589,Deposit,NIDDA,Checking,3513.4,Y
1589,Credit,N/A,Credit Card,1682.3,Y
1589,Loan,N/A,Personal Loan,30417.54,Y
1590,Deposit,IBB,Money Market,15597.14,Y
1590,Deposit,NIDDA,Checking,11533.2,Y
1590,Deposit,IBB,Savings,6098.91,Y
1590,Loan,N/A,Home Loan,568248.61,Y
1590,Loan,N/A,Auto Loan,29905.68,Y
1591,Deposit,IBB,CD Short Term,11152.51,Y
1591,Deposit,NIDDA,Checking,13290.98,Y
1591,Deposit,IBB,Savings,11706.83,Y
1591,Credit,N/A,Credit Card,4686.14,Y
1592,Deposit,NIDDA,Checking,20732.43,Y
1592,Credit,N/A,Credit Card,2124.96,Y
1592,Loan,N/A,Auto Loan,11518.34,Y
1592,Loan,N/A,Personal Loan,22699.7,Y
1593,Deposit,IBB,CD Short Term,8771.5,Y
1593,Deposit,IBB,Money Market,10162.76,Y
1593,Deposit,NIDDA,Checking,8011.33,Y
1593,Credit,N/A,Credit Card,2603.45,Y
1594,Deposit,IBB,CD Short Term,2341.37,Y
1594,Deposit,NIDDA,Checking,3871.77,Y
1594,Credit,N/A,Credit Card,4483.48,Y
1594,Loan,N/A,Auto Loan,28376.84,Y
1595,Deposit,IBB,CD Short Term,6723.42,Y
1595,Deposit,NIDDA,Checking,9391.17,Y
1595,Credit,N/A,Credit Card,15969.96,Y
1595,Loan,N/A,Home Loan,436810.84,Y
1596,Deposit,IBB,CD Long Term,18189.99,Y
1596,Deposit,NIDDA,Checking,1134.47,Y
1596,Deposit,IBB,Savings,9091.36,Y
1596,Credit,N/A,Credit Card,12464.38,Y
1596,Loan,N/A,Auto Loan,13500.12,Y
1597,Deposit,IBB,CD Long Term,4357.17,Y
1597,Deposit,IBB,CD Short Term,12738.76,Y
1597,Deposit,NIDDA,Checking,2340.8,Y
1597,Deposit,IBB,Savings,5399.81,Y
1597,Credit,N/A,Credit Card,6395.94,Y
1597,Loan,N/A,Home Loan,686723.39,Y
1598,Deposit,NIDDA,Checking,11429.71,Y
1598,Credit,N/A,Credit Card,6093.28,Y
1598,Loan,N/A,Home Loan,339667.54,Y
1598,Loan,N/A,Auto Loan,54117.25,Y
1599,Deposit,NIDDA,Checking,8037.8,Y
1599,Deposit,IBB,Savings,13619.8,Y
1600,Deposit,IBB,CD Short Term,3471.62,Y
1600,Deposit,IBB,Money Market,5393.58,Y
1600,Deposit,NIDDA,Checking,7686.8,Y
1600,Deposit,IBB,Savings,3406.91,Y
1601,Deposit,IBB,CD Long Term,13806.98,Y
1601,Deposit,IBB,CD Short Term,10267.56,Y
1601,Deposit,NIDDA,Checking,5958.72,Y
1601,Deposit,IBB,Savings,16618.89,Y
1601,Credit,N/A,Credit Card,2669.32,Y
1602,Deposit,IBB,Money Market,41823.33,Y
1602,Deposit,NIDDA,Checking,76107.92,Y
1602,Deposit,IBB,Savings,7822.98,Y
1602,Credit,N/A,Credit Card,1644.44,Y
1602,Loan,N/A,Home Loan,1008219.47,Y
1603,Deposit,NIDDA,Checking,4050.56,Y
1603,Deposit,IBB,Savings,5989.56,Y
1603,Credit,N/A,Credit Card,3557.9,Y
1603,Loan,N/A,Home Loan,364965.34,Y
1603,Loan,N/A,Personal Loan,34068.89,Y
1604,Deposit,IBB,CD Short Term,9996.6,Y
1604,Deposit,IBB,Money Market,12492.29,Y
1604,Deposit,NIDDA,Checking,6267.73,Y
1604,Deposit,IBB,Savings,9897.97,Y
1604,Credit,N/A,Credit Card,2198.89,Y
1604,Loan,N/A,Auto Loan,23429.16,Y
1605,Deposit,IBB,Money Market,15746.07,Y
1605,Deposit,NIDDA,Checking,3614.31,Y
1605,Credit,N/A,Credit Card,1159.95,Y
1605,Loan,N/A,Auto Loan,39529.39,Y
1606,Deposit,IBB,CD Short Term,8497.01,Y
1606,Deposit,NIDDA,Checking,7307.03,Y
1606,Deposit,IBB,Savings,26395.94,Y
1606,Credit,N/A,Credit Card,2182.71,Y
1606,Loan,N/A,Auto Loan,32399.12,Y
1607,Deposit,IBB,CD Short Term,17699.62,Y
1607,Deposit,NIDDA,Checking,18391.53,Y
1608,Deposit,IBB,CD Short Term,37113.52,Y
1608,Deposit,IBB,Money Market,4003.17,Y
1608,Deposit,NIDDA,Checking,2586.52,Y
1608,Deposit,IBB,Savings,28455.4,Y
1608,Credit,N/A,Credit Card,6804.59,Y
1609,Deposit,IBB,CD Short Term,53082.5,Y
1609,Deposit,NIDDA,Checking,8302.07,Y
1609,Deposit,IBB,Savings,4610.97,Y
1609,Loan,N/A,Home Loan,334913.91,Y
1610,Deposit,IBB,CD Short Term,5397.23,Y
1610,Deposit,IBB,Money Market,4120.89,Y
1610,Deposit,NIDDA,Checking,4986.25,Y
1611,Deposit,IBB,Money Market,15783.35,Y
1611,Deposit,NIDDA,Checking,24622.63,Y
1611,Deposit,IBB,Savings,15752.14,Y
1611,Credit,N/A,Credit Card,9207.0,Y
1612,Deposit,NIDDA,Checking,4168.66,Y
1612,Credit,N/A,Credit Card,616.06,Y
1613,Deposit,IBB,Money Market,27038.57,Y
1613,Deposit,NIDDA,Checking,7130.16,Y
1613,Deposit,IBB,Savings,2127.88,Y
1614,Deposit,NIDDA,Checking,1833.27,Y
1615,Deposit,IBB,Money Market,13185.11,Y
1615,Deposit,NIDDA,Checking,3675.33,Y
1615,Deposit,IBB,Savings,2973.36,Y
1615,Credit,N/A,Credit Card,1753.99,Y
1615,Loan,N/A,Personal Loan,21600.04,Y
1616,Deposit,IBB,CD Long Term,1038.68,Y
1616,Deposit,IBB,Money Market,6923.45,Y
1616,Deposit,NIDDA,Checking,1004.06,Y
1616,Deposit,IBB,Savings,5455.0,Y
1616,Credit,N/A,Credit Card,2245.24,Y
1616,Loan,N/A,Home Loan,628687.7,Y
1616,Loan,N/A,Auto Loan,45337.55,Y
1617,Deposit,IBB,Money Market,50206.73,Y
1617,Deposit,NIDDA,Checking,5776.98,Y
1617,Deposit,IBB,Savings,14070.87,Y
1617,Credit,N/A,Credit Card,1498.39,Y
1617,Loan,N/A,Home Loan,413058.74,Y
1618,Deposit,NIDDA,Checking,2668.9,Y
1618,Deposit,IBB,Savings,18867.72,Y
1618,Loan,N/A,Auto Loan,43157.11,Y
1619,Deposit,NIDDA,Checking,2259.15,Y
1619,Loan,N/A,Auto Loan,20186.57,Y
1620,Deposit,IBB,CD Short Term,83923.11,Y
1620,Deposit,NIDDA,Checking,1032.56,Y
1620,Credit,N/A,Credit Card,589.31,Y
1621,Deposit,IBB,CD Short Term,9177.54,Y
1621,Deposit,NIDDA,Checking,8521.16,Y
1621,Deposit,IBB,Savings,5229.27,Y
1621,Credit,N/A,Credit Card,2073.07,Y
1621,Loan,N/A,Home Loan,475423.5,Y
1621,Loan,N/A,Auto Loan,68451.78,Y
1622,Deposit,IBB,CD Short Term,6115.56,Y
1622,Deposit,IBB,Money Market,18288.62,Y
1622,Deposit,NIDDA,Checking,4190.44,Y
1622,Deposit,IBB,Savings,25385.02,Y
1622,Loan,N/A,Auto Loan,29351.83,Y
1623,Deposit,IBB,CD Long Term,17501.9,Y
1623,Deposit,IBB,CD Short Term,3617.02,Y
1623,Deposit,NIDDA,Checking,8436.24,Y
1623,Deposit,IBB,Savings,8252.96,Y
1623,Credit,N/A,Credit Card,5712.38,Y
1623,Loan,N/A,Auto Loan,26311.18,Y
1624,Deposit,IBB,CD Long Term,3699.22,Y
1624,Deposit,IBB,CD Short Term,25529.41,Y
1624,Deposit,NIDDA,Checking,1826.2,Y
1624,Deposit,IBB,Savings,4559.01,Y
1624,Credit,N/A,Credit Card,3679.6,Y
1624,Loan,N/A,Home Loan,522510.2,Y
1625,Deposit,IBB,CD Long Term,13191.94,Y
1625,Deposit,IBB,Money Market,1228.81,Y
1625,Deposit,NIDDA,Checking,249.84,Y
1625,Deposit,IBB,Savings,5154.53,Y
1626,Deposit,IBB,Money Market,17116.99,Y
1626,Deposit,NIDDA,Checking,5198.59,Y
1626,Deposit,IBB,Savings,10038.0,Y
1627,Deposit,IBB,CD Short Term,3655.42,Y
1627,Deposit,IBB,Money Market,5521.59,Y
1627,Deposit,NIDDA,Checking,1073.3,Y
1627,Deposit,IBB,Savings,2361.08,Y
1627,Credit,N/A,Credit Card,1007.41,Y
1628,Deposit,IBB,CD Long Term,62012.65,Y
1628,Deposit,IBB,Money Market,9435.13,Y
1628,Deposit,NIDDA,Checking,15836.55,Y
1628,Deposit,IBB,Savings,22899.07,Y
1628,Credit,N/A,Credit Card,1435.05,Y
1628,Loan,N/A,Home Loan,352096.92,Y
1629,Deposit,IBB,Money Market,10895.47,Y
1629,Deposit,NIDDA,Checking,4763.75,Y
1629,Deposit,IBB,Savings,1018.03,Y
1630,Deposit,IBB,CD Long Term,3533.55,Y
1630,Deposit,IBB,CD Short Term,5299.78,Y
1630,Deposit,NIDDA,Checking,22374.02,Y
1630,Deposit,IBB,Savings,13658.87,Y
1630,Credit,N/A,Credit Card,16552.47,Y
1630,Loan,N/A,Home Loan,458714.71,Y
1631,Deposit,IBB,CD Long Term,32213.3,Y
1631,Deposit,IBB,CD Short Term,6022.11,Y
1631,Deposit,NIDDA,Checking,1933.95,Y
1631,Deposit,IBB,Savings,24041.88,Y
1631,Credit,N/A,Credit Card,3199.0,Y
1631,Loan,N/A,Home Loan,672469.06,Y
1631,Loan,N/A,Auto Loan,51614.48,Y
1631,Loan,N/A,Personal Loan,3783.44,Y
1632,Deposit,NIDDA,Checking,10291.1,Y
1632,Credit,N/A,Credit Card,1435.07,Y
1632,Loan,N/A,Home Loan,347617.65,Y
1633,Deposit,IBB,CD Short Term,20710.78,Y
1633,Deposit,NIDDA,Checking,7617.16,Y
1633,Credit,N/A,Credit Card,3643.51,Y
1634,Deposit,NIDDA,Checking,5740.78,Y
1634,Deposit,IBB,Savings,20587.38,Y
1635,Deposit,IBB,CD Short Term,8913.03,Y
1635,Deposit,IBB,Money Market,43816.81,Y
1635,Deposit,NIDDA,Checking,3080.92,Y
1635,Deposit,IBB,Savings,39400.14,Y
1635,Credit,N/A,Credit Card,1228.76,Y
1636,Deposit,IBB,CD Long Term,6285.08,Y
1636,Deposit,NIDDA,Checking,12501.85,Y
1636,Deposit,IBB,CD Short Term,49423.79,Y
1636,Deposit,IBB,Money Market,9470.55,Y
1636,Deposit,IBB,Savings,36984.13,Y
1636,Credit,N/A,Credit Card,7794.31,Y
1636,Loan,N/A,Home Loan,541440.91,Y
1637,Deposit,IBB,CD Long Term,34173.52,Y
1637,Deposit,NIDDA,Checking,4377.37,Y
1637,Deposit,IBB,CD Short Term,22406.23,Y
1637,Deposit,IBB,Money Market,6933.96,Y
1637,Deposit,IBB,Savings,10372.76,Y
1637,Loan,N/A,Auto Loan,35119.82,Y
1638,Deposit,NIDDA,Checking,8213.12,Y
1638,Deposit,IBB,Savings,17394.31,Y
1638,Credit,N/A,Credit Card,1769.93,Y
1639,Deposit,IBB,Money Market,2873.44,Y
1639,Deposit,NIDDA,Checking,7424.88,Y
1639,Deposit,IBB,Savings,36443.5,Y
1639,Credit,N/A,Credit Card,3977.74,Y
1640,Deposit,NIDDA,Checking,7745.08,Y
1640,Loan,N/A,Auto Loan,14157.66,Y
1641,Deposit,IBB,CD Long Term,83430.87,Y
1641,Deposit,IBB,CD Short Term,24136.8,Y
1641,Deposit,NIDDA,Checking,3564.98,Y
1641,Deposit,IBB,Savings,46301.25,Y
1641,Credit,N/A,Credit Card,1322.71,Y
1641,Loan,N/A,Home Loan,182275.99,Y
1641,Loan,N/A,Personal Loan,21566.56,Y
1642,Deposit,IBB,CD Long Term,30695.09,Y
1642,Deposit,IBB,Money Market,47968.01,Y
1642,Deposit,NIDDA,Checking,3644.8,Y
1642,Deposit,IBB,Savings,15677.38,Y
1642,Credit,N/A,Credit Card,6231.12,Y
1643,Deposit,IBB,CD Short Term,12831.9,Y
1643,Deposit,NIDDA,Checking,26105.38,Y
1643,Loan,N/A,Auto Loan,54058.55,Y
1644,Deposit,IBB,CD Short Term,12969.89,Y
1644,Deposit,NIDDA,Checking,7500.23,Y
1644,Deposit,IBB,Savings,5171.23,Y
1644,Credit,N/A,Credit Card,22847.22,Y
1644,Loan,N/A,Auto Loan,32484.61,Y
1645,Deposit,IBB,CD Long Term,4286.75,Y
1645,Deposit,NIDDA,Checking,5305.38,Y
1645,Deposit,IBB,Savings,6194.59,Y
1645,Credit,N/A,Credit Card,2155.5,Y
1646,Deposit,IBB,Money Market,5452.52,Y
1646,Deposit,NIDDA,Checking,50369.77,Y
1646,Deposit,IBB,Savings,14499.51,Y
1646,Credit,N/A,Credit Card,1660.62,Y
1646,Loan,N/A,Home Loan,543903.64,Y
1647,Deposit,IBB,CD Long Term,16587.87,Y
1647,Deposit,NIDDA,Checking,5036.94,Y
1647,Deposit,IBB,Savings,19781.32,Y
1647,Credit,N/A,Credit Card,5682.77,Y
1647,Loan,N/A,Personal Loan,31154.76,Y
1648,Deposit,NIDDA,Checking,9818.77,Y
1648,Credit,N/A,Credit Card,3292.96,Y
1649,Deposit,IBB,CD Long Term,14495.69,Y
1649,Deposit,NIDDA,Checking,8659.44,Y
1649,Deposit,IBB,CD Short Term,26928.56,Y
1649,Deposit,IBB,Money Market,8530.34,Y
1649,Deposit,IBB,Savings,7943.93,Y
1649,Credit,N/A,Credit Card,5647.38,Y
1650,Deposit,IBB,CD Short Term,23140.26,Y
1650,Deposit,IBB,Money Market,2332.9,Y
1650,Deposit,NIDDA,Checking,12257.47,Y
1650,Deposit,IBB,Savings,29612.23,Y
1651,Deposit,IBB,CD Short Term,180969.18,Y
1651,Deposit,NIDDA,Checking,2746.66,Y
1651,Deposit,IBB,Savings,4959.86,Y
1651,Credit,N/A,Credit Card,476.55,Y
1651,Loan,N/A,Auto Loan,39591.76,Y
1652,Deposit,NIDDA,Checking,2866.02,Y
1652,Deposit,IBB,Savings,4699.54,Y
1652,Loan,N/A,Personal Loan,19374.84,Y
1653,Deposit,IBB,CD Long Term,47280.47,Y
1653,Deposit,NIDDA,Checking,16170.9,Y
1653,Deposit,IBB,CD Short Term,689.59,Y
1653,Deposit,IBB,Money Market,24622.74,Y
1653,Deposit,IBB,Savings,4143.46,Y
1654,Deposit,IBB,CD Short Term,4636.95,Y
1654,Deposit,IBB,Money Market,4841.26,Y
1654,Deposit,NIDDA,Checking,23873.98,Y
1654,Deposit,IBB,Savings,824.72,Y
1654,Loan,N/A,Auto Loan,11122.73,Y
1654,Loan,N/A,Personal Loan,12166.51,Y
1655,Deposit,NIDDA,Checking,3892.89,Y
1655,Deposit,IBB,Savings,5710.15,Y
1655,Loan,N/A,Home Loan,427687.66,Y
1656,Deposit,NIDDA,Checking,1504.56,Y
1656,Deposit,IBB,Savings,16545.25,Y
1656,Loan,N/A,Home Loan,348032.43,Y
1657,Deposit,IBB,CD Short Term,10559.46,Y
1657,Deposit,NIDDA,Checking,8026.67,Y
1657,Credit,N/A,Credit Card,2169.97,Y
1657,Loan,N/A,Auto Loan,73959.92,Y
1658,Deposit,IBB,CD Short Term,12047.06,Y
1658,Deposit,NIDDA,Checking,16414.88,Y
1658,Credit,N/A,Credit Card,1012.68,Y
1659,Deposit,NIDDA,Checking,3214.99,Y
1659,Deposit,IBB,Savings,2074.05,Y
1659,Loan,N/A,Home Loan,584503.15,Y
1659,Loan,N/A,Auto Loan,33572.27,Y
1660,Deposit,IBB,CD Long Term,17903.34,Y
1660,Deposit,IBB,CD Short Term,16284.92,Y
1660,Deposit,NIDDA,Checking,1076.61,Y
1660,Deposit,IBB,Savings,13568.36,Y
1660,Credit,N/A,Credit Card,4602.3,Y
1660,Loan,N/A,Auto Loan,25179.58,Y
1660,Loan,N/A,Personal Loan,65167.45,Y
1661,Deposit,IBB,CD Short Term,48425.43,Y
1661,Deposit,NIDDA,Checking,14665.54,Y
1661,Deposit,IBB,Savings,16754.34,Y
1661,Loan,N/A,Auto Loan,79125.48,Y
1661,Loan,N/A,Personal Loan,16279.2,Y
1662,Deposit,IBB,Money Market,8900.99,Y
1662,Deposit,NIDDA,Checking,6705.27,Y
1662,Deposit,IBB,Savings,11043.74,Y
1662,Loan,N/A,Personal Loan,23970.48,Y
1663,Deposit,IBB,CD Long Term,23694.18,Y
1663,Deposit,IBB,Money Market,4815.66,Y
1663,Deposit,NIDDA,Checking,7776.13,Y
1663,Credit,N/A,Credit Card,1580.15,Y
1663,Loan,N/A,Personal Loan,18990.83,Y
1664,Deposit,IBB,CD Short Term,49395.49,Y
1664,Deposit,IBB,Money Market,47363.25,Y
1664,Deposit,NIDDA,Checking,6781.66,Y
1664,Deposit,IBB,Savings,937.42,Y
1664,Credit,N/A,Credit Card,1784.3,Y
1664,Loan,N/A,Home Loan,583507.15,Y
1665,Deposit,IBB,CD Long Term,14965.88,Y
1665,Deposit,NIDDA,Checking,987.71,Y
1665,Deposit,IBB,CD Short Term,107925.84,Y
1665,Deposit,IBB,Money Market,22903.51,Y
1665,Deposit,IBB,Savings,43049.22,Y
1665,Credit,N/A,Credit Card,5654.51,Y
1666,Deposit,IBB,Money Market,2422.3,Y
1666,Deposit,NIDDA,Checking,8012.33,Y
1666,Credit,N/A,Credit Card,1302.14,Y
1667,Deposit,IBB,CD Long Term,10521.18,Y
1667,Deposit,IBB,Money Market,24781.71,Y
1667,Deposit,NIDDA,Checking,6383.88,Y
1667,Deposit,IBB,Savings,4696.87,Y
1667,Credit,N/A,Credit Card,3039.42,Y
1668,Deposit,IBB,CD Long Term,30463.19,Y
1668,Deposit,NIDDA,Checking,5646.71,Y
1668,Loan,N/A,Home Loan,640396.13,Y
1669,Deposit,IBB,CD Short Term,32807.74,Y
1669,Deposit,IBB,Money Market,20990.91,Y
1669,Deposit,NIDDA,Checking,4212.09,Y
1669,Deposit,IBB,Savings,3113.94,Y
1669,Credit,N/A,Credit Card,4585.64,Y
1670,Deposit,IBB,CD Long Term,27417.82,Y
1670,Deposit,IBB,CD Short Term,28826.09,Y
1670,Deposit,IBB,Money Market,19177.64,Y
1670,Deposit,NIDDA,Checking,5815.74,Y
1670,Credit,N/A,Credit Card,1046.21,Y
1670,Loan,N/A,Auto Loan,25051.08,Y
1670,Loan,N/A,Personal Loan,10689.96,Y
1671,Deposit,IBB,CD Short Term,8692.76,Y
1671,Deposit,NIDDA,Checking,3908.15,Y
1671,Deposit,IBB,Savings,18026.51,Y
1671,Credit,N/A,Credit Card,464.31,Y
1672,Deposit,NIDDA,Checking,3830.79,Y
1672,Deposit,IBB,Savings,11622.24,Y
1672,Loan,N/A,Auto Loan,51198.91,Y
1673,Deposit,IBB,Money Market,13031.63,Y
1673,Deposit,NIDDA,Checking,1811.45,Y
1673,Credit,N/A,Credit Card,693.36,Y
1674,Deposit,NIDDA,Checking,2955.19,Y
1674,Deposit,IBB,Savings,10982.49,Y
1675,Deposit,IBB,CD Short Term,254028.18,Y
1675,Deposit,NIDDA,Checking,6089.75,Y
1675,Credit,N/A,Credit Card,542.88,Y
1676,Deposit,IBB,CD Long Term,8117.19,Y
1676,Deposit,NIDDA,Checking,4835.69,Y
1676,Deposit,IBB,Savings,18120.08,Y
1676,Credit,N/A,Credit Card,1927.32,Y
1677,Deposit,IBB,CD Short Term,22309.0,Y
1677,Deposit,NIDDA,Checking,5102.29,Y
1677,Deposit,IBB,Savings,2509.98,Y
1677,Credit,N/A,Credit Card,4044.02,Y
1677,Loan,N/A,Home Loan,376405.96,Y
1678,Deposit,NIDDA,Checking,3013.52,Y
1678,Deposit,IBB,Savings,3907.67,Y
1678,Credit,N/A,Credit Card,1904.95,Y
1678,Loan,N/A,Home Loan,411509.4,Y
1678,Loan,N/A,Auto Loan,38850.04,Y
1679,Deposit,IBB,Money Market,31587.7,Y
1679,Deposit,NIDDA,Checking,12408.4,Y
1679,Deposit,IBB,Savings,30566.87,Y
1679,Loan,N/A,Personal Loan,25448.62,Y
1680,Deposit,IBB,CD Short Term,33719.88,Y
1680,Deposit,NIDDA,Checking,756.14,Y
1680,Deposit,IBB,Savings,5411.43,Y
1681,Deposit,IBB,Money Market,17676.91,Y
1681,Deposit,NIDDA,Checking,6063.11,Y
1681,Deposit,IBB,Savings,21567.85,Y
1681,Credit,N/A,Credit Card,80.69,Y
1682,Deposit,IBB,CD Short Term,8123.85,Y
1682,Deposit,IBB,Money Market,4547.27,Y
1682,Deposit,NIDDA,Checking,1411.0,Y
1682,Deposit,IBB,Savings,2095.15,Y
1682,Loan,N/A,Personal Loan,13952.21,Y
1683,Deposit,IBB,CD Short Term,6543.77,Y
1683,Deposit,IBB,Money Market,4028.2,Y
1683,Deposit,NIDDA,Checking,3815.52,Y
1683,Credit,N/A,Credit Card,815.68,Y
1683,Loan,N/A,Auto Loan,51257.12,Y
1684,Deposit,IBB,Money Market,2448.41,Y
1684,Deposit,NIDDA,Checking,2600.74,Y
1684,Deposit,IBB,Savings,2945.93,Y
1684,Loan,N/A,Auto Loan,28138.13,Y
1685,Deposit,IBB,CD Short Term,34608.56,Y
1685,Deposit,IBB,Money Market,21407.95,Y
1685,Deposit,NIDDA,Checking,11120.18,Y
1685,Deposit,IBB,Savings,10107.37,Y
1685,Loan,N/A,Personal Loan,2576.31,Y
1686,Deposit,IBB,Money Market,11814.98,Y
1686,Deposit,NIDDA,Checking,4558.04,Y
1686,Deposit,IBB,Savings,10834.55,Y
1686,Credit,N/A,Credit Card,4534.51,Y
1687,Deposit,IBB,Money Market,59759.38,Y
1687,Deposit,NIDDA,Checking,6009.03,Y
1687,Loan,N/A,Home Loan,326492.46,Y
1687,Loan,N/A,Auto Loan,52289.48,Y
1688,Deposit,IBB,CD Short Term,9862.62,Y
1688,Deposit,NIDDA,Checking,18998.66,Y
1688,Deposit,IBB,Savings,13281.2,Y
1688,Credit,N/A,Credit Card,1564.24,Y
1689,Deposit,IBB,Money Market,11715.33,Y
1689,Deposit,NIDDA,Checking,8364.46,Y
1689,Deposit,IBB,Savings,28985.6,Y
1689,Loan,N/A,Personal Loan,7090.81,Y
1690,Deposit,IBB,Money Market,22083.87,Y
1690,Deposit,NIDDA,Checking,4316.1,Y
1690,Deposit,IBB,Savings,15908.59,Y
1690,Credit,N/A,Credit Card,1818.35,Y
1690,Loan,N/A,Home Loan,1007801.37,Y
1691,Deposit,IBB,CD Long Term,5849.03,Y
1691,Deposit,IBB,CD Short Term,6732.86,Y
1691,Deposit,NIDDA,Checking,5011.71,Y
1691,Deposit,IBB,Savings,17834.52,Y
1691,Credit,N/A,Credit Card,709.18,Y
1691,Loan,N/A,Auto Loan,75247.48,Y
1692,Deposit,IBB,Money Market,7354.57,Y
1692,Deposit,NIDDA,Checking,1969.97,Y
1692,Deposit,IBB,Savings,268641.15,Y
1692,Credit,N/A,Credit Card,7908.9,Y
1692,Loan,N/A,Auto Loan,10093.31,Y
1692,Loan,N/A,Personal Loan,45254.37,Y
1693,Deposit,IBB,Money Market,30305.45,Y
1693,Deposit,NIDDA,Checking,4100.05,Y
1693,Credit,N/A,Credit Card,2230.62,Y
1694,Deposit,IBB,CD Short Term,4904.86,Y
1694,Deposit,IBB,Money Market,138451.53,Y
1694,Deposit,NIDDA,Checking,4482.72,Y
1694,Deposit,IBB,Savings,2767.46,Y
1694,Credit,N/A,Credit Card,5800.67,Y
1694,Loan,N/A,Auto Loan,37902.04,Y
1695,Deposit,IBB,CD Short Term,16063.27,Y
1695,Deposit,NIDDA,Checking,18791.47,Y
1695,Deposit,IBB,Savings,10853.0,Y
1696,Deposit,NIDDA,Checking,4937.97,Y
1696,Deposit,IBB,Savings,4493.5,Y
1696,Loan,N/A,Auto Loan,26475.02,Y
1697,Deposit,IBB,Money Market,2791.45,Y
1697,Deposit,NIDDA,Checking,4639.04,Y
1697,Deposit,IBB,Savings,4530.24,Y
1697,Credit,N/A,Credit Card,3878.52,Y
1698,Deposit,IBB,Money Market,39937.25,Y
1698,Deposit,NIDDA,Checking,11371.51,Y
1698,Deposit,IBB,Savings,21336.85,Y
1698,Credit,N/A,Credit Card,10468.18,Y
1698,Loan,N/A,Home Loan,555280.1,Y
1698,Loan,N/A,Auto Loan,36290.79,Y
1699,Deposit,IBB,Money Market,7855.83,Y
1699,Deposit,NIDDA,Checking,5831.25,Y
1699,Deposit,IBB,Savings,14709.55,Y
1699,Credit,N/A,Credit Card,12161.61,Y
1699,Loan,N/A,Auto Loan,24247.24,Y
1700,Deposit,NIDDA,Checking,27265.57,Y
1700,Credit,N/A,Credit Card,1365.01,Y
1701,Deposit,IBB,Money Market,12473.98,Y
1701,Deposit,NIDDA,Checking,16856.69,Y
1701,Deposit,IBB,Savings,8350.18,Y
1701,Credit,N/A,Credit Card,479.97,Y
1701,Loan,N/A,Home Loan,1062707.58,Y
1701,Loan,N/A,Auto Loan,20594.73,Y
1702,Deposit,IBB,CD Short Term,84791.29,Y
1702,Deposit,IBB,Money Market,3450.18,Y
1702,Deposit,NIDDA,Checking,33704.76,Y
1702,Deposit,IBB,Savings,5515.91,Y
1702,Credit,N/A,Credit Card,886.86,Y
1703,Deposit,IBB,Money Market,2441.82,Y
1703,Deposit,NIDDA,Checking,2415.8,Y
1703,Credit,N/A,Credit Card,9427.69,Y
1704,Deposit,IBB,Money Market,6846.94,Y
1704,Deposit,NIDDA,Checking,8355.11,Y
1704,Deposit,IBB,Savings,4860.71,Y
1705,Deposit,IBB,CD Short Term,14158.0,Y
1705,Deposit,NIDDA,Checking,7662.15,Y
1705,Deposit,IBB,Savings,4048.67,Y
1705,Credit,N/A,Credit Card,3910.61,Y
1705,Loan,N/A,Home Loan,600282.39,Y
1706,Deposit,IBB,Money Market,993.04,Y
1706,Deposit,NIDDA,Checking,2920.85,Y
1706,Loan,N/A,Personal Loan,16885.89,Y
1707,Deposit,IBB,CD Short Term,19316.86,Y
1707,Deposit,IBB,Money Market,7757.15,Y
1707,Deposit,NIDDA,Checking,7892.17,Y
1707,Deposit,IBB,Savings,5058.81,Y
1707,Credit,N/A,Credit Card,2251.48,Y
1708,Deposit,IBB,Money Market,29765.89,Y
1708,Deposit,NIDDA,Checking,17556.26,Y
1708,Deposit,IBB,Savings,10370.33,Y
1708,Credit,N/A,Credit Card,2844.53,Y
1709,Deposit,IBB,Money Market,46140.15,Y
1709,Deposit,NIDDA,Checking,3261.77,Y
1709,Credit,N/A,Credit Card,3265.21,Y
1709,Loan,N/A,Home Loan,800858.21,Y
1709,Loan,N/A,Auto Loan,39205.69,Y
1710,Deposit,IBB,CD Long Term,213582.7,Y
1710,Deposit,NIDDA,Checking,21669.86,Y
1710,Deposit,IBB,Savings,13318.33,Y
1710,Credit,N/A,Credit Card,7339.65,Y
1710,Loan,N/A,Home Loan,817283.56,Y
1711,Deposit,IBB,CD Short Term,33382.52,Y
1711,Deposit,IBB,Money Market,13400.31,Y
1711,Deposit,NIDDA,Checking,19616.1,Y
1711,Loan,N/A,Auto Loan,39355.23,Y
1711,Loan,N/A,Personal Loan,77139.54,Y
1712,Deposit,IBB,CD Long Term,14078.71,Y
1712,Deposit,IBB,CD Short Term,26216.27,Y
1712,Deposit,NIDDA,Checking,17169.09,Y
1712,Deposit,IBB,Savings,37416.08,Y
1712,Credit,N/A,Credit Card,2934.1,Y
1712,Loan,N/A,Home Loan,589728.77,Y
1712,Loan,N/A,Personal Loan,20603.2,Y
1713,Deposit,NIDDA,Checking,6679.35,Y
1713,Deposit,IBB,Savings,29644.41,Y
1713,Credit,N/A,Credit Card,1347.44,Y
1713,Loan,N/A,Home Loan,365341.96,Y
1713,Loan,N/A,Personal Loan,30244.46,Y
1714,Deposit,IBB,CD Short Term,19735.92,Y
1714,Deposit,NIDDA,Checking,7771.79,Y
1715,Deposit,IBB,CD Long Term,26636.73,Y
1715,Deposit,IBB,Money Market,12918.02,Y
1715,Deposit,NIDDA,Checking,26530.33,Y
1715,Deposit,IBB,Savings,5823.1,Y
1715,Loan,N/A,Auto Loan,31108.37,Y
1716,Deposit,NIDDA,Checking,4218.64,Y
1716,Deposit,IBB,Savings,2508.55,Y
1716,Credit,N/A,Credit Card,3984.89,Y
1716,Loan,N/A,Personal Loan,20900.29,Y
1717,Deposit,IBB,CD Long Term,563.5,Y
1717,Deposit,NIDDA,Checking,4825.96,Y
1717,Deposit,IBB,CD Short Term,16795.76,Y
1717,Deposit,IBB,Money Market,4818.13,Y
1717,Deposit,IBB,Savings,7998.36,Y
1717,Credit,N/A,Credit Card,1592.51,Y
1718,Deposit,IBB,CD Short Term,4569.22,Y
1718,Deposit,IBB,Money Market,13202.38,Y
1718,Deposit,NIDDA,Checking,2925.07,Y
1718,Deposit,IBB,Savings,10762.63,Y
1718,Loan,N/A,Auto Loan,31206.01,Y
1719,Deposit,IBB,Money Market,32798.16,Y
1719,Deposit,NIDDA,Checking,14738.98,Y
1719,Deposit,IBB,Savings,20059.83,Y
1719,Credit,N/A,Credit Card,704.77,Y
1719,Loan,N/A,Home Loan,262388.71,Y
1720,Deposit,IBB,CD Long Term,78268.61,Y
1720,Deposit,IBB,Money Market,9388.15,Y
1720,Deposit,NIDDA,Checking,5307.07,Y
1720,Deposit,IBB,Savings,19912.14,Y
1720,Credit,N/A,Credit Card,346.9,Y
1721,Deposit,IBB,Money Market,18573.4,Y
1721,Deposit,NIDDA,Checking,4598.84,Y
1721,Deposit,IBB,Savings,22368.82,Y
1721,Credit,N/A,Credit Card,6372.65,Y
1722,Deposit,NIDDA,Checking,4860.99,Y
1723,Deposit,IBB,Money Market,6971.63,Y
1723,Deposit,NIDDA,Checking,4181.32,Y
1723,Deposit,IBB,Savings,6316.21,Y
1723,Credit,N/A,Credit Card,1795.64,Y
1723,Loan,N/A,Home Loan,275495.13,Y
1723,Loan,N/A,Auto Loan,77788.6,Y
1724,Deposit,IBB,CD Short Term,26792.23,Y
1724,Deposit,NIDDA,Checking,3791.15,Y
1724,Credit,N/A,Credit Card,705.0,Y
1724,Loan,N/A,Auto Loan,16677.73,Y
1725,Deposit,IBB,CD Long Term,205879.3,Y
1725,Deposit,NIDDA,Checking,2023.87,Y
1725,Deposit,IBB,CD Short Term,12232.94,Y
1725,Deposit,IBB,Money Market,33089.64,Y
1725,Deposit,IBB,Savings,8119.57,Y
1725,Credit,N/A,Credit Card,5257.45,Y
1725,Loan,N/A,Personal Loan,24107.66,Y
1726,Deposit,IBB,CD Long Term,119881.11,Y
1726,Deposit,NIDDA,Checking,3936.57,Y
1726,Deposit,IBB,Savings,11642.08,Y
1726,Credit,N/A,Credit Card,856.26,Y
1726,Loan,N/A,Home Loan,333560.06,Y
1727,Deposit,IBB,Money Market,8709.92,Y
1727,Deposit,NIDDA,Checking,4638.64,Y
1727,Deposit,IBB,Savings,12817.77,Y
1728,Deposit,NIDDA,Checking,2453.19,Y
1728,Deposit,IBB,Savings,9027.31,Y
1728,Credit,N/A,Credit Card,3651.72,Y
1729,Deposit,IBB,CD Long Term,8497.86,Y
1729,Deposit,IBB,Money Market,3347.32,Y
1729,Deposit,NIDDA,Checking,46474.28,Y
1729,Deposit,IBB,Savings,6265.85,Y
1729,Credit,N/A,Credit Card,1188.27,Y
1729,Loan,N/A,Home Loan,1153424.46,Y
1729,Loan,N/A,Auto Loan,78695.74,Y
1730,Deposit,NIDDA,Checking,17644.71,Y
1730,Deposit,IBB,Savings,8268.73,Y
1731,Deposit,IBB,CD Long Term,11458.27,Y
1731,Deposit,NIDDA,Checking,813.1,Y
1731,Deposit,IBB,Savings,782.13,Y
1731,Credit,N/A,Credit Card,675.92,Y
1731,Loan,N/A,Auto Loan,20696.1,Y
1732,Deposit,IBB,CD Long Term,11176.84,Y
1732,Deposit,NIDDA,Checking,11003.18,Y
1732,Deposit,IBB,CD Short Term,10570.88,Y
1732,Deposit,IBB,Money Market,6426.3,Y
1732,Deposit,IBB,Savings,11911.46,Y
1732,Credit,N/A,Credit Card,1246.03,Y
1732,Loan,N/A,Home Loan,1021703.64,Y
1733,Deposit,IBB,CD Short Term,63801.44,Y
1733,Deposit,NIDDA,Checking,8394.16,Y
1733,Deposit,IBB,Savings,720.72,Y
1733,Loan,N/A,Home Loan,346399.77,Y
1734,Deposit,IBB,CD Long Term,7437.34,Y
1734,Deposit,NIDDA,Checking,11497.62,Y
1734,Deposit,IBB,CD Short Term,14090.09,Y
1734,Deposit,IBB,Money Market,17903.24,Y
1734,Deposit,IBB,Savings,1393.23,Y
1734,Credit,N/A,Credit Card,9760.69,Y
1734,Loan,N/A,Home Loan,376969.77,Y
1734,Loan,N/A,Auto Loan,35379.85,Y
1734,Loan,N/A,Personal Loan,86866.72,Y
1735,Deposit,NIDDA,Checking,9654.78,Y
1736,Deposit,IBB,Money Market,33004.96,Y
1736,Deposit,NIDDA,Checking,12819.03,Y
1736,Deposit,IBB,Savings,5859.0,Y
1736,Credit,N/A,Credit Card,7213.02,Y
1737,Deposit,IBB,Money Market,5428.42,Y
1737,Deposit,NIDDA,Checking,7754.19,Y
1737,Deposit,IBB,Savings,5046.68,Y
1738,Deposit,NIDDA,Checking,3506.57,Y
1738,Credit,N/A,Credit Card,5321.19,Y
1739,Deposit,IBB,Money Market,10900.99,Y
1739,Deposit,NIDDA,Checking,29159.66,Y
1739,Deposit,IBB,Savings,18360.49,Y
1740,Deposit,IBB,Money Market,17009.85,Y
1740,Deposit,NIDDA,Checking,5620.57,Y
1740,Deposit,IBB,Savings,7737.93,Y
1740,Credit,N/A,Credit Card,1302.89,Y
1741,Deposit,NIDDA,Checking,5724.75,Y
1741,Deposit,IBB,Savings,31672.28,Y
1741,Credit,N/A,Credit Card,1015.23,Y
1741,Loan,N/A,Personal Loan,25786.46,Y
1742,Deposit,IBB,CD Short Term,7455.55,Y
1742,Deposit,IBB,Money Market,19649.61,Y
1742,Deposit,NIDDA,Checking,1191.93,Y
1742,Deposit,IBB,Savings,7831.13,Y
1742,Credit,N/A,Credit Card,416.81,Y
1742,Loan,N/A,Home Loan,352169.6,Y
1742,Loan,N/A,Auto Loan,61262.62,Y
1742,Loan,N/A,Personal Loan,24757.58,Y
1743,Deposit,IBB,CD Short Term,85200.1,Y
1743,Deposit,IBB,Money Market,15314.54,Y
1743,Deposit,NIDDA,Checking,3260.5,Y
1743,Deposit,IBB,Savings,2064.11,Y
1743,Credit,N/A,Credit Card,3982.79,Y
1743,Loan,N/A,Home Loan,682770.48,Y
1744,Deposit,IBB,Money Market,17313.31,Y
1744,Deposit,NIDDA,Checking,23077.11,Y
1744,Deposit,IBB,Savings,6469.59,Y
1744,Credit,N/A,Credit Card,1809.39,Y
1745,Deposit,IBB,CD Short Term,12321.71,Y
1745,Deposit,NIDDA,Checking,5711.04,Y
1745,Deposit,IBB,Savings,16504.13,Y
1746,Deposit,IBB,Money Market,5289.34,Y
1746,Deposit,NIDDA,Checking,5489.76,Y
1746,Deposit,IBB,Savings,20277.5,Y
1746,Credit,N/A,Credit Card,2432.1,Y
1746,Loan,N/A,Home Loan,530140.42,Y
1746,Loan,N/A,Auto Loan,57668.72,Y
1747,Deposit,NIDDA,Checking,5622.13,Y
1747,Deposit,IBB,Savings,12496.16,Y
1747,Loan,N/A,Personal Loan,43264.23,Y
1748,Deposit,IBB,CD Short Term,10320.57,Y
1748,Deposit,NIDDA,Checking,8759.57,Y
1748,Deposit,IBB,Savings,2881.79,Y
1749,Deposit,IBB,CD Short Term,17753.29,Y
1749,Deposit,NIDDA,Checking,1887.89,Y
1750,Deposit,NIDDA,Checking,5216.9,Y
1750,Deposit,IBB,Savings,27180.94,Y
1750,Credit,N/A,Credit Card,3513.64,Y
1750,Loan,N/A,Home Loan,657532.43,Y
1750,Loan,N/A,Personal Loan,6604.99,Y
1751,Deposit,IBB,CD Long Term,18291.61,Y
1751,Deposit,IBB,Money Market,14572.13,Y
1751,Deposit,NIDDA,Checking,12358.71,Y
1751,Deposit,IBB,Savings,6960.51,Y
1751,Loan,N/A,Personal Loan,22525.27,Y
1752,Deposit,NIDDA,Checking,6863.42,Y
1752,Loan,N/A,Home Loan,614528.78,Y
1753,Deposit,NIDDA,Checking,13804.91,Y
1753,Loan,N/A,Auto Loan,22271.5,Y
1754,Deposit,IBB,CD Short Term,24211.89,Y
1754,Deposit,IBB,Money Market,16923.56,Y
1754,Deposit,NIDDA,Checking,8578.75,Y
1754,Deposit,IBB,Savings,8882.74,Y
1754,Credit,N/A,Credit Card,999.17,Y
1754,Loan,N/A,Home Loan,257809.78,Y
1755,Deposit,IBB,CD Short Term,41416.15,Y
1755,Deposit,IBB,Money Market,32233.33,Y
1755,Deposit,NIDDA,Checking,2033.09,Y
1755,Loan,N/A,Home Loan,606851.52,Y
1756,Deposit,IBB,CD Short Term,35036.03,Y
1756,Deposit,IBB,Money Market,5881.01,Y
1756,Deposit,NIDDA,Checking,6218.2,Y
1756,Deposit,IBB,Savings,17091.7,Y
1757,Deposit,IBB,CD Long Term,11303.24,Y
1757,Deposit,NIDDA,Checking,25896.22,Y
1757,Deposit,IBB,Savings,4997.86,Y
1757,Credit,N/A,Credit Card,540.57,Y
1758,Deposit,IBB,CD Short Term,10701.68,Y
1758,Deposit,NIDDA,Checking,10927.91,Y
1758,Deposit,IBB,Savings,4061.85,Y
1758,Credit,N/A,Credit Card,2450.72,Y
1759,Deposit,NIDDA,Checking,3374.82,Y
1759,Deposit,IBB,Savings,22523.79,Y
1759,Loan,N/A,Home Loan,287530.97,Y
1760,Deposit,IBB,CD Long Term,10137.26,Y
1760,Deposit,IBB,Money Market,12020.94,Y
1760,Deposit,NIDDA,Checking,6706.24,Y
1760,Deposit,IBB,Savings,13987.47,Y
1760,Credit,N/A,Credit Card,1794.83,Y
1761,Deposit,IBB,Money Market,3365.77,Y
1761,Deposit,NIDDA,Checking,3968.78,Y
1761,Deposit,IBB,Savings,4882.38,Y
1761,Loan,N/A,Home Loan,769440.54,Y
1762,Deposit,IBB,Money Market,15171.79,Y
1762,Deposit,NIDDA,Checking,1726.08,Y
1762,Deposit,IBB,Savings,2389.57,Y
1763,Deposit,IBB,CD Short Term,7394.71,Y
1763,Deposit,IBB,Money Market,4040.6,Y
1763,Deposit,NIDDA,Checking,2036.33,Y
1763,Deposit,IBB,Savings,8104.63,Y
1763,Loan,N/A,Home Loan,522371.81,Y
1764,Deposit,IBB,CD Short Term,75657.88,Y
1764,Deposit,NIDDA,Checking,2653.16,Y
1764,Deposit,IBB,Savings,5230.78,Y
1764,Loan,N/A,Auto Loan,24666.87,Y
1765,Deposit,IBB,CD Short Term,30459.96,Y
1765,Deposit,IBB,Money Market,8761.93,Y
1765,Deposit,NIDDA,Checking,2288.28,Y
1765,Deposit,IBB,Savings,17863.95,Y
1765,Credit,N/A,Credit Card,2068.98,Y
1765,Loan,N/A,Home Loan,301654.47,Y
1766,Deposit,IBB,CD Short Term,61579.93,Y
1766,Deposit,NIDDA,Checking,5145.28,Y
1766,Deposit,IBB,Savings,1908.86,Y
1766,Credit,N/A,Credit Card,2314.91,Y
1766,Loan,N/A,Auto Loan,42304.7,Y
1767,Deposit,IBB,CD Short Term,9656.84,Y
1767,Deposit,IBB,Money Market,4931.38,Y
1767,Deposit,NIDDA,Checking,2555.46,Y
1767,Credit,N/A,Credit Card,1828.24,Y
1767,Loan,N/A,Auto Loan,33299.24,Y
1768,Deposit,NIDDA,Checking,3766.25,Y
1768,Deposit,IBB,Savings,7010.86,Y
1769,Deposit,NIDDA,Checking,7334.98,Y
1769,Deposit,IBB,Savings,8727.42,Y
1769,Credit,N/A,Credit Card,1631.9,Y
1770,Deposit,IBB,CD Long Term,25725.76,Y
1770,Deposit,IBB,CD Short Term,31483.36,Y
1770,Deposit,NIDDA,Checking,8425.32,Y
1770,Deposit,IBB,Savings,11413.73,Y
1771,Deposit,IBB,CD Long Term,10692.29,Y
1771,Deposit,NIDDA,Checking,19271.62,Y
1771,Deposit,IBB,Savings,2555.51,Y
1772,Deposit,IBB,Money Market,10566.83,Y
1772,Deposit,NIDDA,Checking,882.04,Y
1772,Credit,N/A,Credit Card,5817.77,Y
1773,Deposit,NIDDA,Checking,11042.74,Y
1773,Deposit,IBB,Savings,2671.4,Y
1773,Credit,N/A,Credit Card,1005.96,Y
1773,Loan,N/A,Personal Loan,8355.41,Y
1774,Deposit,IBB,Money Market,32530.22,Y
1774,Deposit,NIDDA,Checking,19014.54,Y
1774,Deposit,IBB,Savings,30450.27,Y
1774,Loan,N/A,Home Loan,574296.3,Y
1775,Deposit,IBB,CD Short Term,10312.45,Y
1775,Deposit,IBB,Money Market,4198.63,Y
1775,Deposit,NIDDA,Checking,1920.52,Y
1776,Deposit,NIDDA,Checking,4647.57,Y
1777,Deposit,IBB,CD Long Term,41786.76,Y
1777,Deposit,IBB,CD Short Term,36515.8,Y
1777,Deposit,NIDDA,Checking,4772.81,Y
1777,Deposit,IBB,Savings,9083.04,Y
1777,Loan,N/A,Home Loan,473983.94,Y
1778,Deposit,IBB,CD Long Term,29152.39,Y
1778,Deposit,IBB,CD Short Term,92090.63,Y
1778,Deposit,IBB,Money Market,47257.31,Y
1778,Deposit,NIDDA,Checking,1595.07,Y
1778,Credit,N/A,Credit Card,715.21,Y
1779,Deposit,IBB,CD Long Term,7189.16,Y
1779,Deposit,IBB,CD Short Term,18178.62,Y
1779,Deposit,NIDDA,Checking,3313.02,Y
1779,Deposit,IBB,Savings,26785.12,Y
1780,Deposit,IBB,Money Market,11015.1,Y
1780,Deposit,NIDDA,Checking,6611.54,Y
1780,Deposit,IBB,Savings,2811.75,Y
1780,Loan,N/A,Personal Loan,45098.44,Y
1781,Deposit,IBB,CD Short Term,2483.16,Y
1781,Deposit,NIDDA,Checking,10248.48,Y
1781,Deposit,IBB,Savings,41380.96,Y
1781,Credit,N/A,Credit Card,2202.43,Y
1781,Loan,N/A,Personal Loan,14727.53,Y
1782,Deposit,IBB,Money Market,25025.75,Y
1782,Deposit,NIDDA,Checking,2464.64,Y
1782,Loan,N/A,Auto Loan,46769.74,Y
1782,Loan,N/A,Personal Loan,31572.75,Y
1783,Deposit,NIDDA,Checking,6368.93,Y
1783,Credit,N/A,Credit Card,1247.08,Y
1783,Loan,N/A,Home Loan,368443.84,Y
1784,Deposit,NIDDA,Checking,2257.4,Y
1784,Deposit,IBB,Savings,17663.44,Y
1784,Credit,N/A,Credit Card,1193.51,Y
1784,Loan,N/A,Auto Loan,39083.84,Y
1785,Deposit,NIDDA,Checking,1818.84,Y
1785,Deposit,IBB,Savings,9678.89,Y
1785,Credit,N/A,Credit Card,22873.19,Y
1785,Loan,N/A,Personal Loan,33504.53,Y
1786,Deposit,IBB,CD Short Term,11207.63,Y
1786,Deposit,IBB,Money Market,21495.53,Y
1786,Deposit,NIDDA,Checking,2960.25,Y
1786,Deposit,IBB,Savings,8411.66,Y
1787,Deposit,IBB,CD Short Term,2220.03,Y
1787,Deposit,IBB,Money Market,5625.68,Y
1787,Deposit,NIDDA,Checking,3098.86,Y
1787,Deposit,IBB,Savings,19860.7,Y
1787,Loan,N/A,Personal Loan,43032.18,Y
1788,Deposit,IBB,Money Market,24944.11,Y
1788,Deposit,NIDDA,Checking,6675.83,Y
1788,Deposit,IBB,Savings,4248.78,Y
1788,Credit,N/A,Credit Card,10000.22,Y
1788,Loan,N/A,Personal Loan,14568.95,Y
1789,Deposit,NIDDA,Checking,2408.3,Y
1789,Deposit,IBB,Savings,14438.9,Y
1789,Credit,N/A,Credit Card,1477.12,Y
1789,Loan,N/A,Home Loan,382176.59,Y
1790,Deposit,IBB,CD Long Term,15978.83,Y
1790,Deposit,NIDDA,Checking,3356.5,Y
1790,Deposit,IBB,Savings,27318.22,Y
1790,Loan,N/A,Home Loan,219485.14,Y
1791,Deposit,IBB,CD Short Term,13382.68,Y
1791,Deposit,IBB,Money Market,24340.83,Y
1791,Deposit,NIDDA,Checking,6430.21,Y
1791,Credit,N/A,Credit Card,7006.54,Y
1791,Loan,N/A,Home Loan,385280.74,Y
1792,Deposit,IBB,CD Long Term,26461.09,Y
1792,Deposit,IBB,CD Short Term,25075.28,Y
1792,Deposit,NIDDA,Checking,3635.46,Y
1792,Deposit,IBB,Savings,2096.23,Y
1792,Loan,N/A,Home Loan,422893.38,Y
1792,Loan,N/A,Auto Loan,33390.15,Y
1793,Deposit,NIDDA,Checking,2507.07,Y
1793,Deposit,IBB,Savings,2969.27,Y
1793,Credit,N/A,Credit Card,1943.51,Y
1794,Deposit,IBB,CD Long Term,71746.91,Y
1794,Deposit,IBB,CD Short Term,38783.19,Y
1794,Deposit,NIDDA,Checking,3109.37,Y
1794,Deposit,IBB,Savings,4844.72,Y
1794,Credit,N/A,Credit Card,6159.79,Y
1794,Loan,N/A,Personal Loan,15544.9,Y
1795,Deposit,NIDDA,Checking,20837.12,Y
1795,Deposit,IBB,Savings,33374.31,Y
1795,Credit,N/A,Credit Card,2894.93,Y
1796,Deposit,IBB,CD Long Term,35251.51,Y
1796,Deposit,IBB,Money Market,13228.11,Y
1796,Deposit,NIDDA,Checking,10242.9,Y
1796,Deposit,IBB,Savings,9859.45,Y
1796,Credit,N/A,Credit Card,15353.21,Y
1797,Deposit,IBB,Money Market,11856.28,Y
1797,Deposit,NIDDA,Checking,6405.02,Y
1797,Deposit,IBB,Savings,12639.66,Y
1797,Credit,N/A,Credit Card,455.35,Y
1798,Deposit,IBB,CD Short Term,13467.07,Y
1798,Deposit,IBB,Money Market,11972.3,Y
1798,Deposit,NIDDA,Checking,2123.54,Y
1798,Deposit,IBB,Savings,4644.07,Y
1799,Deposit,IBB,CD Short Term,22996.23,Y
1799,Deposit,IBB,Money Market,103862.34,Y
1799,Deposit,NIDDA,Checking,5047.4,Y
1799,Deposit,IBB,Savings,5179.48,Y
1799,Credit,N/A,Credit Card,2195.26,Y
1800,Deposit,IBB,CD Short Term,19847.2,Y
1800,Deposit,NIDDA,Checking,10785.97,Y
1800,Deposit,IBB,Savings,14201.51,Y
1800,Loan,N/A,Auto Loan,18073.99,Y
1800,Loan,N/A,Personal Loan,5415.41,Y
1801,Deposit,IBB,CD Short Term,19587.07,Y
1801,Deposit,IBB,Money Market,34553.98,Y
1801,Deposit,NIDDA,Checking,20339.78,Y
1801,Deposit,IBB,Savings,23777.78,Y
1801,Credit,N/A,Credit Card,3400.13,Y
1801,Loan,N/A,Auto Loan,65440.32,Y
1801,Loan,N/A,Personal Loan,28288.82,Y
1802,Deposit,IBB,CD Short Term,21720.42,Y
1802,Deposit,IBB,Money Market,8993.28,Y
1802,Deposit,NIDDA,Checking,4242.73,Y
1802,Deposit,IBB,Savings,7806.71,Y
1802,Credit,N/A,Credit Card,710.68,Y
1802,Loan,N/A,Auto Loan,70617.61,Y
1802,Loan,N/A,Personal Loan,21781.27,Y
1803,Deposit,IBB,CD Long Term,26049.31,Y
1803,Deposit,NIDDA,Checking,3469.92,Y
1803,Deposit,IBB,CD Short Term,12428.43,Y
1803,Deposit,IBB,Money Market,17316.12,Y
1803,Deposit,IBB,Savings,28709.37,Y
1803,Credit,N/A,Credit Card,1258.16,Y
1804,Deposit,IBB,Money Market,4443.16,Y
1804,Deposit,NIDDA,Checking,30254.22,Y
1804,Credit,N/A,Credit Card,1023.71,Y
1804,Loan,N/A,Auto Loan,14671.53,Y
1805,Deposit,IBB,CD Short Term,57542.57,Y
1805,Deposit,NIDDA,Checking,9683.69,Y
1805,Deposit,IBB,Savings,49505.29,Y
1806,Deposit,IBB,Money Market,11757.21,Y
1806,Deposit,NIDDA,Checking,20361.0,Y
1806,Deposit,IBB,Savings,8230.69,Y
1806,Credit,N/A,Credit Card,1353.86,Y
1807,Deposit,IBB,CD Long Term,80719.1,Y
1807,Deposit,NIDDA,Checking,3388.28,Y
1807,Deposit,IBB,Savings,25113.85,Y
1807,Loan,N/A,Personal Loan,22468.93,Y
1808,Deposit,IBB,Money Market,5175.53,Y
1808,Deposit,NIDDA,Checking,41300.06,Y
1808,Loan,N/A,Personal Loan,22180.37,Y
1809,Deposit,IBB,Money Market,20117.51,Y
1809,Deposit,NIDDA,Checking,10504.89,Y
1809,Credit,N/A,Credit Card,24236.51,Y
1810,Deposit,NIDDA,Checking,21610.55,Y
1810,Deposit,IBB,Savings,3210.1,Y
1810,Credit,N/A,Credit Card,816.64,Y
1811,Deposit,NIDDA,Checking,1810.7,Y
1811,Deposit,IBB,Savings,40919.36,Y
1811,Credit,N/A,Credit Card,645.53,Y
1811,Loan,N/A,Auto Loan,33374.25,Y
1812,Deposit,NIDDA,Checking,1104.48,Y
1812,Deposit,IBB,Savings,11603.93,Y
1812,Credit,N/A,Credit Card,1313.42,Y
1813,Deposit,IBB,Money Market,11378.37,Y
1813,Deposit,NIDDA,Checking,8453.01,Y
1813,Credit,N/A,Credit Card,1377.33,Y
1813,Loan,N/A,Personal Loan,17358.37,Y
1814,Deposit,IBB,CD Short Term,25623.83,Y
1814,Deposit,IBB,Money Market,77254.93,Y
1814,Deposit,NIDDA,Checking,2338.33,Y
1814,Deposit,IBB,Savings,14686.57,Y
1814,Credit,N/A,Credit Card,3124.09,Y
1814,Loan,N/A,Home Loan,520935.59,Y
1815,Deposit,NIDDA,Checking,2126.96,Y
1815,Deposit,IBB,Savings,16719.67,Y
1815,Credit,N/A,Credit Card,986.38,Y
1816,Deposit,NIDDA,Checking,4326.53,Y
1816,Deposit,IBB,Savings,18510.33,Y
1816,Credit,N/A,Credit Card,1363.6,Y
1817,Deposit,IBB,CD Long Term,16518.92,Y
1817,Deposit,NIDDA,Checking,5771.87,Y
1817,Deposit,IBB,CD Short Term,11297.69,Y
1817,Deposit,IBB,Money Market,42085.45,Y
1817,Deposit,IBB,Savings,2757.68,Y
1817,Credit,N/A,Credit Card,1182.93,Y
1817,Loan,N/A,Home Loan,479297.06,Y
1818,Deposit,NIDDA,Checking,822.52,Y
1818,Loan,N/A,Auto Loan,73783.29,Y
1819,Deposit,NIDDA,Checking,292.47,Y
1819,Deposit,IBB,Savings,29025.05,Y
1819,Loan,N/A,Personal Loan,48304.15,Y
1820,Deposit,IBB,CD Long Term,28425.26,Y
1820,Deposit,IBB,Money Market,4033.4,Y
1820,Deposit,NIDDA,Checking,1982.25,Y
1820,Deposit,IBB,Savings,6784.68,Y
1820,Credit,N/A,Credit Card,1046.15,Y
1820,Loan,N/A,Home Loan,648220.24,Y
1821,Deposit,IBB,CD Long Term,27215.71,Y
1821,Deposit,IBB,Money Market,6356.41,Y
1821,Deposit,NIDDA,Checking,5654.34,Y
1821,Deposit,IBB,Savings,4250.84,Y
1821,Loan,N/A,Home Loan,445582.18,Y
1822,Deposit,IBB,CD Short Term,173676.34,Y
1822,Deposit,IBB,Money Market,18768.47,Y
1822,Deposit,NIDDA,Checking,13027.01,Y
1822,Deposit,IBB,Savings,3551.7,Y
1822,Loan,N/A,Personal Loan,18626.14,Y
1823,Deposit,IBB,CD Long Term,37998.14,Y
1823,Deposit,NIDDA,Checking,7485.38,Y
1823,Deposit,IBB,CD Short Term,30534.23,Y
1823,Deposit,IBB,Money Market,47331.05,Y
1823,Deposit,IBB,Savings,512.28,Y
1823,Loan,N/A,Auto Loan,25729.08,Y
1823,Loan,N/A,Personal Loan,31489.59,Y
1824,Deposit,IBB,CD Long Term,23024.22,Y
1824,Deposit,NIDDA,Checking,10923.45,Y
1824,Deposit,IBB,Savings,2391.44,Y
1824,Credit,N/A,Credit Card,1134.69,Y
1824,Loan,N/A,Auto Loan,65354.99,Y
1825,Deposit,IBB,Money Market,3349.56,Y
1825,Deposit,NIDDA,Checking,1591.23,Y
1825,Deposit,IBB,Savings,4394.25,Y
1826,Deposit,NIDDA,Checking,6228.68,Y
1826,Deposit,IBB,Savings,2830.59,Y
1826,Credit,N/A,Credit Card,2086.35,Y
1826,Loan,N/A,Auto Loan,97692.44,Y
1827,Deposit,IBB,CD Long Term,1850.42,Y
1827,Deposit,IBB,CD Short Term,15341.43,Y
1827,Deposit,IBB,Money Market,7210.21,Y
1827,Deposit,NIDDA,Checking,3684.96,Y
1827,Credit,N/A,Credit Card,696.29,Y
1828,Deposit,IBB,Money Market,18508.69,Y
1828,Deposit,NIDDA,Checking,6458.87,Y
1828,Deposit,IBB,Savings,3324.1,Y
1828,Loan,N/A,Home Loan,570334.88,Y
1829,Deposit,NIDDA,Checking,1781.18,Y
1829,Deposit,IBB,Savings,31277.58,Y
1829,Credit,N/A,Credit Card,775.21,Y
1830,Deposit,IBB,CD Short Term,22759.85,Y
1830,Deposit,IBB,Money Market,7067.85,Y
1830,Deposit,NIDDA,Checking,1631.81,Y
1830,Deposit,IBB,Savings,2232.72,Y
1830,Credit,N/A,Credit Card,5311.13,Y
1831,Deposit,IBB,CD Short Term,15647.91,Y
1831,Deposit,NIDDA,Checking,10751.92,Y
1831,Deposit,IBB,Savings,4001.22,Y
1831,Credit,N/A,Credit Card,3857.58,Y
1831,Loan,N/A,Auto Loan,17169.53,Y
1832,Deposit,IBB,CD Short Term,1319.31,Y
1832,Deposit,IBB,Money Market,94399.14,Y
1832,Deposit,NIDDA,Checking,4659.25,Y
1832,Loan,N/A,Personal Loan,30048.54,Y
1833,Deposit,IBB,CD Short Term,2246.25,Y
1833,Deposit,NIDDA,Checking,18859.16,Y
1833,Credit,N/A,Credit Card,814.08,Y
1833,Loan,N/A,Home Loan,421382.99,Y
1834,Deposit,IBB,CD Long Term,245373.27,Y
1834,Deposit,IBB,CD Short Term,3564.86,Y
1834,Deposit,NIDDA,Checking,35018.43,Y
1834,Deposit,IBB,Savings,10972.91,Y
1834,Credit,N/A,Credit Card,492.23,Y
1835,Deposit,NIDDA,Checking,8492.76,Y
1835,Credit,N/A,Credit Card,8201.42,Y
1835,Loan,N/A,Auto Loan,24057.14,Y
1836,Deposit,NIDDA,Checking,1602.86,Y
1836,Deposit,IBB,Savings,4750.74,Y
1837,Deposit,NIDDA,Checking,4567.01,Y
1837,Deposit,IBB,Savings,6380.82,Y
1837,Loan,N/A,Personal Loan,17093.54,Y
1838,Deposit,IBB,CD Short Term,18800.07,Y
1838,Deposit,NIDDA,Checking,2453.91,Y
1838,Deposit,IBB,Savings,3560.28,Y
1838,Credit,N/A,Credit Card,7408.71,Y
1838,Loan,N/A,Auto Loan,20462.0,Y
1839,Deposit,NIDDA,Checking,3184.99,Y
1839,Deposit,IBB,Savings,5733.0,Y
1839,Credit,N/A,Credit Card,7917.46,Y
1840,Deposit,NIDDA,Checking,3153.41,Y
1841,Deposit,IBB,CD Long Term,39173.05,Y
1841,Deposit,IBB,Money Market,18372.55,Y
1841,Deposit,NIDDA,Checking,3559.92,Y
1841,Deposit,IBB,Savings,15905.49,Y
1841,Loan,N/A,Auto Loan,33166.81,Y
1842,Deposit,IBB,CD Short Term,23427.35,Y
1842,Deposit,NIDDA,Checking,1503.52,Y
1842,Loan,N/A,Home Loan,770369.58,Y
1842,Loan,N/A,Auto Loan,70220.89,Y
1843,Deposit,NIDDA,Checking,2123.43,Y
1843,Deposit,IBB,Savings,49718.5,Y
1843,Credit,N/A,Credit Card,1986.92,Y
1844,Deposit,NIDDA,Checking,2263.38,Y
1844,Deposit,IBB,Savings,8615.79,Y
1844,Loan,N/A,Home Loan,606842.27,Y
1845,Deposit,IBB,CD Long Term,20469.43,Y
1845,Deposit,NIDDA,Checking,5266.06,Y
1845,Deposit,IBB,Savings,5150.35,Y
1846,Deposit,IBB,CD Long Term,56699.26,Y
1846,Deposit,NIDDA,Checking,7490.72,Y
1846,Deposit,IBB,Savings,10838.76,Y
1846,Credit,N/A,Credit Card,3187.34,Y
1847,Deposit,IBB,Money Market,969.27,Y
1847,Deposit,NIDDA,Checking,4021.78,Y
1847,Deposit,IBB,Savings,3711.03,Y
1847,Loan,N/A,Home Loan,473101.48,Y
1848,Deposit,IBB,CD Short Term,39622.15,Y
1848,Deposit,NIDDA,Checking,4915.66,Y
1848,Deposit,IBB,Savings,6155.7,Y
1848,Loan,N/A,Home Loan,640302.23,Y
1848,Loan,N/A,Auto Loan,31894.26,Y
1849,Deposit,IBB,CD Short Term,11395.72,Y
1849,Deposit,NIDDA,Checking,5897.06,Y
1849,Deposit,IBB,Savings,4905.94,Y
1849,Loan,N/A,Home Loan,170467.46,Y
1849,Loan,N/A,Auto Loan,20142.93,Y
1850,Deposit,NIDDA,Checking,859.71,Y
1850,Deposit,IBB,Savings,8364.56,Y
1851,Deposit,IBB,CD Short Term,14502.17,Y
1851,Deposit,IBB,Money Market,33623.39,Y
1851,Deposit,NIDDA,Checking,7877.13,Y
1851,Deposit,IBB,Savings,21099.65,Y
1851,Credit,N/A,Credit Card,740.04,Y
1851,Loan,N/A,Home Loan,549859.2,Y
1852,Deposit,IBB,Money Market,13342.19,Y
1852,Deposit,NIDDA,Checking,5298.32,Y
1852,Deposit,IBB,Savings,2011.57,Y
1852,Credit,N/A,Credit Card,433.03,Y
1853,Deposit,IBB,CD Short Term,14756.79,Y
1853,Deposit,NIDDA,Checking,4142.87,Y
1853,Deposit,IBB,Savings,5034.39,Y
1853,Loan,N/A,Auto Loan,30642.74,Y
1854,Deposit,IBB,CD Long Term,60722.35,Y
1854,Deposit,NIDDA,Checking,2460.25,Y
1854,Deposit,IBB,CD Short Term,39533.98,Y
1854,Deposit,IBB,Money Market,2584.96,Y
1854,Deposit,IBB,Savings,4452.51,Y
1854,Credit,N/A,Credit Card,7462.59,Y
1855,Deposit,NIDDA,Checking,810.45,Y
1855,Deposit,IBB,Savings,9313.75,Y
1855,Credit,N/A,Credit Card,6205.29,Y
1855,Loan,N/A,Auto Loan,25139.37,Y
1856,Deposit,NIDDA,Checking,9601.35,Y
1856,Deposit,IBB,Savings,8256.0,Y
1857,Deposit,IBB,CD Long Term,28868.81,Y
1857,Deposit,IBB,CD Short Term,5149.91,Y
1857,Deposit,NIDDA,Checking,2851.45,Y
1857,Deposit,IBB,Savings,5330.22,Y
1857,Credit,N/A,Credit Card,5242.44,Y
1858,Deposit,IBB,CD Short Term,21547.05,Y
1858,Deposit,NIDDA,Checking,11494.19,Y
1858,Deposit,IBB,Savings,5385.53,Y
1858,Loan,N/A,Home Loan,371311.06,Y
1859,Deposit,IBB,Money Market,12679.63,Y
1859,Deposit,NIDDA,Checking,1340.84,Y
1859,Deposit,IBB,Savings,1006.04,Y
1859,Credit,N/A,Credit Card,2090.22,Y
1860,Deposit,NIDDA,Checking,17376.68,Y
1860,Deposit,IBB,Savings,4686.87,Y
1860,Credit,N/A,Credit Card,1849.79,Y
1860,Loan,N/A,Home Loan,581053.82,Y
1861,Deposit,IBB,Money Market,37056.55,Y
1861,Deposit,NIDDA,Checking,4510.33,Y
1861,Deposit,IBB,Savings,6432.58,Y
1861,Credit,N/A,Credit Card,4720.84,Y
1862,Deposit,NIDDA,Checking,8074.06,Y
1862,Deposit,IBB,Savings,13034.72,Y
1862,Credit,N/A,Credit Card,703.37,Y
1862,Loan,N/A,Home Loan,307412.78,Y
1863,Deposit,NIDDA,Checking,6603.97,Y
1863,Deposit,IBB,Savings,2050.2,Y
1863,Credit,N/A,Credit Card,478.21,Y
1863,Loan,N/A,Home Loan,511998.66,Y
1864,Deposit,IBB,Money Market,3416.89,Y
1864,Deposit,NIDDA,Checking,13755.69,Y
1864,Deposit,IBB,Savings,7287.03,Y
1864,Loan,N/A,Personal Loan,27479.34,Y
1865,Deposit,NIDDA,Checking,4451.66,Y
1865,Deposit,IBB,Savings,15756.48,Y
1865,Credit,N/A,Credit Card,7627.44,Y
1865,Loan,N/A,Home Loan,667018.85,Y
1866,Deposit,IBB,CD Long Term,3193.3,Y
1866,Deposit,IBB,Money Market,9552.27,Y
1866,Deposit,NIDDA,Checking,5632.47,Y
1866,Deposit,IBB,Savings,6296.05,Y
1867,Deposit,NIDDA,Checking,2186.13,Y
1868,Deposit,IBB,CD Short Term,18187.56,Y
1868,Deposit,IBB,Money Market,10025.05,Y
1868,Deposit,NIDDA,Checking,6865.1,Y
1868,Loan,N/A,Home Loan,334171.87,Y
1868,Loan,N/A,Personal Loan,25583.7,Y
1869,Deposit,IBB,CD Long Term,4699.32,Y
1869,Deposit,IBB,Money Market,13251.94,Y
1869,Deposit,NIDDA,Checking,24889.23,Y
1869,Credit,N/A,Credit Card,2596.92,Y
1869,Loan,N/A,Auto Loan,41838.34,Y
1870,Deposit,IBB,CD Long Term,13850.57,Y
1870,Deposit,NIDDA,Checking,2608.28,Y
1870,Deposit,IBB,Savings,13279.96,Y
1870,Loan,N/A,Home Loan,311406.8,Y
1870,Loan,N/A,Personal Loan,28380.57,Y
1871,Deposit,IBB,CD Short Term,7923.19,Y
1871,Deposit,NIDDA,Checking,24301.07,Y
1871,Deposit,IBB,Savings,48981.45,Y
1871,Credit,N/A,Credit Card,10352.93,Y
1872,Deposit,IBB,CD Short Term,5349.06,Y
1872,Deposit,IBB,Money Market,8080.28,Y
1872,Deposit,NIDDA,Checking,9921.79,Y
1872,Deposit,IBB,Savings,4787.55,Y
1872,Loan,N/A,Home Loan,1527468.38,Y
1873,Deposit,IBB,CD Long Term,8246.9,Y
1873,Deposit,IBB,CD Short Term,43323.77,Y
1873,Deposit,NIDDA,Checking,2619.72,Y
1873,Deposit,IBB,Savings,20257.6,Y
1873,Credit,N/A,Credit Card,4987.56,Y
1873,Loan,N/A,Auto Loan,21499.71,Y
1874,Deposit,IBB,Money Market,14382.71,Y
1874,Deposit,NIDDA,Checking,3733.31,Y
1874,Deposit,IBB,Savings,1126.8,Y
1874,Loan,N/A,Auto Loan,41221.77,Y
1875,Deposit,IBB,CD Long Term,44385.69,Y
1875,Deposit,IBB,Money Market,9156.8,Y
1875,Deposit,NIDDA,Checking,1026.88,Y
1876,Deposit,IBB,CD Short Term,21489.77,Y
1876,Deposit,IBB,Money Market,10467.7,Y
1876,Deposit,NIDDA,Checking,11993.93,Y
1876,Deposit,IBB,Savings,10127.1,Y
1877,Deposit,IBB,Money Market,1843.91,Y
1877,Deposit,NIDDA,Checking,1626.84,Y
1877,Credit,N/A,Credit Card,9466.57,Y
1877,Loan,N/A,Home Loan,656762.08,Y
1878,Deposit,IBB,CD Short Term,8862.66,Y
1878,Deposit,IBB,Money Market,2398.47,Y
1878,Deposit,NIDDA,Checking,4369.81,Y
1878,Deposit,IBB,Savings,2184.85,Y
1879,Deposit,NIDDA,Checking,10162.07,Y
1879,Deposit,IBB,Savings,50604.81,Y
1879,Credit,N/A,Credit Card,2681.93,Y
1879,Loan,N/A,Home Loan,535912.19,Y
1880,Deposit,NIDDA,Checking,1320.22,Y
1880,Deposit,IBB,Savings,3424.79,Y
1880,Loan,N/A,Home Loan,328989.2,Y
1881,Deposit,IBB,CD Long Term,41534.97,Y
1881,Deposit,NIDDA,Checking,6237.35,Y
1881,Deposit,IBB,Savings,2950.96,Y
1882,Deposit,IBB,Money Market,29198.51,Y
1882,Deposit,NIDDA,Checking,14306.32,Y
1882,Deposit,IBB,Savings,12590.46,Y
1882,Credit,N/A,Credit Card,6880.86,Y
1883,Deposit,IBB,CD Short Term,37477.25,Y
1883,Deposit,NIDDA,Checking,3838.3,Y
1883,Credit,N/A,Credit Card,3492.68,Y
1883,Loan,N/A,Home Loan,418357.2,Y
1883,Loan,N/A,Auto Loan,40678.23,Y
1884,Deposit,IBB,Money Market,1169.38,Y
1884,Deposit,NIDDA,Checking,6393.94,Y
1884,Loan,N/A,Home Loan,787428.74,Y
1884,Loan,N/A,Auto Loan,32077.27,Y
1885,Deposit,IBB,CD Short Term,16255.35,Y
1885,Deposit,NIDDA,Checking,1363.63,Y
1885,Deposit,IBB,Savings,11536.22,Y
1885,Credit,N/A,Credit Card,2444.02,Y
1886,Deposit,IBB,CD Long Term,2214.92,Y
1886,Deposit,IBB,Money Market,101226.34,Y
1886,Deposit,NIDDA,Checking,2293.57,Y
1886,Loan,N/A,Home Loan,395408.04,Y
1887,Deposit,IBB,Money Market,3488.13,Y
1887,Deposit,NIDDA,Checking,5452.77,Y
1887,Deposit,IBB,Savings,18212.08,Y
1887,Credit,N/A,Credit Card,2581.5,Y
1888,Deposit,NIDDA,Checking,3183.04,Y
1888,Deposit,IBB,Savings,14992.58,Y
1888,Credit,N/A,Credit Card,6839.35,Y
1889,Deposit,IBB,Money Market,43099.67,Y
1889,Deposit,NIDDA,Checking,9116.05,Y
1889,Deposit,IBB,Savings,8710.44,Y
1890,Deposit,IBB,CD Short Term,9871.49,Y
1890,Deposit,NIDDA,Checking,3385.26,Y
1890,Credit,N/A,Credit Card,1194.8,Y
1891,Deposit,IBB,Money Market,24735.98,Y
1891,Deposit,NIDDA,Checking,10267.37,Y
1891,Deposit,IBB,Savings,13579.53,Y
1891,Credit,N/A,Credit Card,3208.19,Y
1891,Loan,N/A,Home Loan,797187.34,Y
1891,Loan,N/A,Auto Loan,36454.14,Y
1892,Deposit,IBB,CD Short Term,30756.05,Y
1892,Deposit,IBB,Money Market,5973.9,Y
1892,Deposit,NIDDA,Checking,3200.62,Y
1892,Deposit,IBB,Savings,18062.8,Y
1893,Deposit,IBB,Money Market,20254.65,Y
1893,Deposit,NIDDA,Checking,1395.13,Y
1893,Credit,N/A,Credit Card,16413.12,Y
1894,Deposit,IBB,Money Market,13271.12,Y
1894,Deposit,NIDDA,Checking,12483.72,Y
1894,Loan,N/A,Home Loan,894433.87,Y
1895,Deposit,IBB,Money Market,7628.06,Y
1895,Deposit,NIDDA,Checking,1007.2,Y
1895,Deposit,IBB,Savings,8111.89,Y
1895,Loan,N/A,Home Loan,399727.28,Y
1895,Loan,N/A,Auto Loan,55160.59,Y
1896,Deposit,IBB,Money Market,17211.7,Y
1896,Deposit,NIDDA,Checking,16486.98,Y
1896,Loan,N/A,Home Loan,214749.75,Y
1897,Deposit,NIDDA,Checking,8066.07,Y
1897,Deposit,IBB,Savings,2809.89,Y
1898,Deposit,NIDDA,Checking,4066.68,Y
1898,Loan,N/A,Personal Loan,32372.9,Y
1899,Deposit,IBB,Money Market,19372.45,Y
1899,Deposit,NIDDA,Checking,4344.53,Y
1899,Deposit,IBB,Savings,1246.56,Y
1900,Deposit,NIDDA,Checking,17181.17,Y
1900,Deposit,IBB,Savings,5133.88,Y
1900,Credit,N/A,Credit Card,4658.97,Y
1900,Loan,N/A,Home Loan,449565.72,Y
1900,Loan,N/A,Personal Loan,8948.18,Y
1901,Deposit,NIDDA,Checking,5683.87,Y
1901,Deposit,IBB,Savings,4166.25,Y
1901,Credit,N/A,Credit Card,16524.63,Y
1902,Deposit,IBB,CD Long Term,32950.24,Y
1902,Deposit,NIDDA,Checking,6441.42,Y
1902,Deposit,IBB,CD Short Term,8592.43,Y
1902,Deposit,IBB,Money Market,2683.57,Y
1902,Deposit,IBB,Savings,5356.7,Y
1902,Credit,N/A,Credit Card,2443.44,Y
1903,Deposit,IBB,Money Market,167621.26,Y
1903,Deposit,NIDDA,Checking,3105.57,Y
1903,Deposit,IBB,Savings,3751.64,Y
1903,Loan,N/A,Home Loan,650148.62,Y
1904,Deposit,IBB,CD Short Term,94987.76,Y
1904,Deposit,IBB,Money Market,610.11,Y
1904,Deposit,NIDDA,Checking,14148.76,Y
1904,Deposit,IBB,Savings,5355.13,Y
1904,Credit,N/A,Credit Card,2705.1,Y
1904,Loan,N/A,Home Loan,483832.38,Y
1905,Deposit,IBB,Money Market,824.23,Y
1905,Deposit,NIDDA,Checking,18355.87,Y
1905,Loan,N/A,Home Loan,351909.45,Y
1905,Loan,N/A,Auto Loan,19384.54,Y
1905,Loan,N/A,Personal Loan,11825.85,Y
1906,Deposit,IBB,CD Short Term,16785.88,Y
1906,Deposit,NIDDA,Checking,9850.69,Y
1906,Deposit,IBB,Savings,6842.02,Y
1906,Credit,N/A,Credit Card,2774.2,Y
1906,Loan,N/A,Home Loan,1106849.28,Y
1907,Deposit,IBB,CD Short Term,17763.33,Y
1907,Deposit,IBB,Money Market,28517.29,Y
1907,Deposit,NIDDA,Checking,4170.19,Y
1907,Credit,N/A,Credit Card,11015.61,Y
1908,Deposit,IBB,CD Long Term,5015.39,Y
1908,Deposit,NIDDA,Checking,9065.76,Y
1909,Deposit,NIDDA,Checking,6073.79,Y
1909,Deposit,IBB,Savings,1333.5,Y
1909,Loan,N/A,Home Loan,364995.35,Y
1910,Deposit,IBB,Money Market,7344.82,Y
1910,Deposit,NIDDA,Checking,6003.79,Y
1910,Deposit,IBB,Savings,19519.78,Y
1910,Loan,N/A,Auto Loan,85829.24,Y
1911,Deposit,IBB,CD Long Term,88701.54,Y
1911,Deposit,NIDDA,Checking,3831.38,Y
1911,Deposit,IBB,Savings,7463.46,Y
1911,Credit,N/A,Credit Card,4324.68,Y
1912,Deposit,IBB,CD Long Term,20702.85,Y
1912,Deposit,IBB,Money Market,43854.41,Y
1912,Deposit,NIDDA,Checking,3765.96,Y
1912,Deposit,IBB,Savings,18567.83,Y
1912,Credit,N/A,Credit Card,32976.04,Y
1912,Loan,N/A,Auto Loan,20792.16,Y
1913,Deposit,IBB,CD Long Term,75455.3,Y
1913,Deposit,IBB,CD Short Term,23108.86,Y
1913,Deposit,IBB,Money Market,7506.35,Y
1913,Deposit,NIDDA,Checking,4120.45,Y
1913,Credit,N/A,Credit Card,4492.82,Y
1913,Loan,N/A,Personal Loan,17160.71,Y
1914,Deposit,IBB,Money Market,17885.41,Y
1914,Deposit,NIDDA,Checking,3536.21,Y
1914,Deposit,IBB,Savings,6719.29,Y
1914,Credit,N/A,Credit Card,5175.0,Y
1914,Loan,N/A,Personal Loan,30024.38,Y
1915,Deposit,IBB,Money Market,2589.21,Y
1915,Deposit,NIDDA,Checking,11664.05,Y
1915,Deposit,IBB,Savings,4799.22,Y
1915,Credit,N/A,Credit Card,3528.72,Y
1915,Loan,N/A,Auto Loan,26980.85,Y
1916,Deposit,IBB,CD Long Term,16713.85,Y
1916,Deposit,NIDDA,Checking,4480.37,Y
1916,Deposit,IBB,CD Short Term,1888.66,Y
1916,Deposit,IBB,Money Market,13977.08,Y
1916,Deposit,IBB,Savings,30896.36,Y
1916,Credit,N/A,Credit Card,5214.79,Y
1916,Loan,N/A,Auto Loan,29977.0,Y
1917,Deposit,NIDDA,Checking,1999.99,Y
1917,Deposit,IBB,Savings,1889.54,Y
1917,Credit,N/A,Credit Card,1808.56,Y
1918,Deposit,IBB,CD Short Term,19050.48,Y
1918,Deposit,NIDDA,Checking,1686.14,Y
1918,Deposit,IBB,Savings,3265.94,Y
1918,Credit,N/A,Credit Card,1179.3,Y
1918,Loan,N/A,Home Loan,1286847.56,Y
1918,Loan,N/A,Personal Loan,16060.93,Y
1919,Deposit,IBB,CD Short Term,4398.44,Y
1919,Deposit,IBB,Money Market,15946.22,Y
1919,Deposit,NIDDA,Checking,6625.73,Y
1919,Deposit,IBB,Savings,4416.9,Y
1919,Credit,N/A,Credit Card,7124.53,Y
1920,Deposit,IBB,CD Short Term,6580.42,Y
1920,Deposit,NIDDA,Checking,2920.49,Y
1920,Deposit,IBB,Savings,2183.07,Y
1920,Credit,N/A,Credit Card,1059.42,Y
1920,Loan,N/A,Auto Loan,73237.59,Y
1921,Deposit,IBB,CD Short Term,20952.91,Y
1921,Deposit,IBB,Money Market,15606.95,Y
1921,Deposit,NIDDA,Checking,16797.13,Y
1921,Deposit,IBB,Savings,19614.89,Y
1922,Deposit,IBB,CD Long Term,32022.93,Y
1922,Deposit,IBB,Money Market,11718.59,Y
1922,Deposit,NIDDA,Checking,15923.65,Y
1922,Deposit,IBB,Savings,3395.59,Y
1922,Credit,N/A,Credit Card,1876.3,Y
1923,Deposit,IBB,CD Short Term,6312.09,Y
1923,Deposit,NIDDA,Checking,5664.29,Y
1923,Deposit,IBB,Savings,27961.52,Y
1924,Deposit,IBB,CD Short Term,16543.91,Y
1924,Deposit,NIDDA,Checking,1205.95,Y
1924,Deposit,IBB,Savings,5215.2,Y
1924,Credit,N/A,Credit Card,7703.39,Y
1924,Loan,N/A,Auto Loan,47317.49,Y
1925,Deposit,NIDDA,Checking,5462.37,Y
1925,Deposit,IBB,Savings,13606.69,Y
1926,Deposit,NIDDA,Checking,1321.93,Y
1927,Deposit,IBB,Money Market,25424.01,Y
1927,Deposit,NIDDA,Checking,4228.14,Y
1927,Credit,N/A,Credit Card,1230.93,Y
1928,Deposit,IBB,CD Short Term,235034.21,Y
1928,Deposit,IBB,Money Market,18489.06,Y
1928,Deposit,NIDDA,Checking,4746.29,Y
1928,Deposit,IBB,Savings,4609.71,Y
1928,Loan,N/A,Home Loan,271198.55,Y
1929,Deposit,IBB,Money Market,5840.05,Y
1929,Deposit,NIDDA,Checking,9807.89,Y
1929,Deposit,IBB,Savings,18711.45,Y
1930,Deposit,IBB,CD Short Term,14406.12,Y
1930,Deposit,NIDDA,Checking,30681.47,Y
1930,Credit,N/A,Credit Card,1182.92,Y
1930,Loan,N/A,Home Loan,424667.34,Y
1931,Deposit,NIDDA,Checking,1959.19,Y
1931,Loan,N/A,Auto Loan,13226.64,Y
1932,Deposit,IBB,CD Short Term,29692.98,Y
1932,Deposit,IBB,Money Market,81393.11,Y
1932,Deposit,NIDDA,Checking,12710.19,Y
1932,Credit,N/A,Credit Card,11548.01,Y
1932,Loan,N/A,Auto Loan,27473.28,Y
1932,Loan,N/A,Personal Loan,13961.22,Y
1933,Deposit,IBB,CD Short Term,13174.03,Y
1933,Deposit,NIDDA,Checking,5179.67,Y
1933,Deposit,IBB,Savings,10038.55,Y
1933,Loan,N/A,Personal Loan,13212.84,Y
1934,Deposit,NIDDA,Checking,14770.1,Y
1935,Deposit,NIDDA,Checking,3912.9,Y
1935,Credit,N/A,Credit Card,9026.21,Y
1936,Deposit,NIDDA,Checking,12764.55,Y
1936,Deposit,IBB,Savings,4313.97,Y
1936,Credit,N/A,Credit Card,505.53,Y
1936,Loan,N/A,Auto Loan,25503.25,Y
1937,Deposit,NIDDA,Checking,2017.5,Y
1937,Deposit,IBB,Savings,7236.5,Y
1937,Credit,N/A,Credit Card,4990.25,Y
1938,Deposit,IBB,CD Long Term,39603.38,Y
1938,Deposit,NIDDA,Checking,3109.04,Y
1938,Deposit,IBB,Savings,13993.38,Y
1938,Credit,N/A,Credit Card,6433.12,Y
1938,Loan,N/A,Home Loan,418459.85,Y
1939,Deposit,IBB,CD Long Term,11195.85,Y
1939,Deposit,NIDDA,Checking,9765.17,Y
1939,Deposit,IBB,CD Short Term,37737.41,Y
1939,Deposit,IBB,Money Market,9373.89,Y
1939,Deposit,IBB,Savings,2498.06,Y
1939,Credit,N/A,Credit Card,3741.98,Y
1940,Deposit,IBB,Money Market,9413.68,Y
1940,Deposit,NIDDA,Checking,3108.19,Y
1940,Deposit,IBB,Savings,7624.73,Y
1940,Loan,N/A,Auto Loan,53839.25,Y
1941,Deposit,IBB,CD Short Term,48687.78,Y
1941,Deposit,IBB,Money Market,2365.0,Y
1941,Deposit,NIDDA,Checking,4773.18,Y
1941,Deposit,IBB,Savings,1563.34,Y
1941,Loan,N/A,Auto Loan,90416.43,Y
1942,Deposit,NIDDA,Checking,3667.56,Y
1942,Deposit,IBB,Savings,15538.57,Y
1942,Loan,N/A,Auto Loan,44335.55,Y
1942,Loan,N/A,Personal Loan,4354.44,Y
1943,Deposit,IBB,Money Market,22083.95,Y
1943,Deposit,NIDDA,Checking,3004.32,Y
1943,Credit,N/A,Credit Card,11575.46,Y
1944,Deposit,IBB,CD Short Term,43455.57,Y
1944,Deposit,NIDDA,Checking,5745.03,Y
1944,Deposit,IBB,Savings,2962.5,Y
1944,Credit,N/A,Credit Card,2592.24,Y
1945,Deposit,NIDDA,Checking,2039.18,Y
1945,Deposit,IBB,Savings,5579.21,Y
1946,Deposit,IBB,CD Short Term,66401.32,Y
1946,Deposit,IBB,Money Market,4658.11,Y
1946,Deposit,NIDDA,Checking,8426.44,Y
1946,Deposit,IBB,Savings,1567.46,Y
1946,Credit,N/A,Credit Card,9393.69,Y
1947,Deposit,IBB,Money Market,5129.08,Y
1947,Deposit,NIDDA,Checking,20334.84,Y
1947,Deposit,IBB,Savings,11849.14,Y
1948,Deposit,IBB,CD Long Term,63670.32,Y
1948,Deposit,IBB,Money Market,1833.89,Y
1948,Deposit,NIDDA,Checking,40788.32,Y
1948,Credit,N/A,Credit Card,474.76,Y
1948,Loan,N/A,Auto Loan,37327.48,Y
1949,Deposit,IBB,CD Long Term,203127.88,Y
1949,Deposit,NIDDA,Checking,4864.04,Y
1949,Deposit,IBB,Savings,720.43,Y
1950,Deposit,IBB,CD Long Term,13437.84,Y
1950,Deposit,IBB,Money Market,5274.59,Y
1950,Deposit,NIDDA,Checking,5177.89,Y
1950,Deposit,IBB,Savings,7177.37,Y
1951,Deposit,IBB,CD Short Term,8680.04,Y
1951,Deposit,NIDDA,Checking,27423.93,Y
1951,Deposit,IBB,Savings,1815.5,Y
1952,Deposit,IBB,CD Long Term,12073.47,Y
1952,Deposit,NIDDA,Checking,12617.85,Y
1952,Deposit,IBB,CD Short Term,20660.65,Y
1952,Deposit,IBB,Money Market,53861.65,Y
1952,Deposit,IBB,Savings,3601.27,Y
1952,Credit,N/A,Credit Card,4790.41,Y
1952,Loan,N/A,Home Loan,318638.49,Y
1953,Deposit,IBB,CD Short Term,5063.03,Y
1953,Deposit,IBB,Money Market,11214.3,Y
1953,Deposit,NIDDA,Checking,13597.22,Y
1953,Deposit,IBB,Savings,4445.92,Y
1953,Credit,N/A,Credit Card,1762.6,Y
1953,Loan,N/A,Auto Loan,37091.6,Y
1954,Deposit,IBB,CD Short Term,5183.34,Y
1954,Deposit,IBB,Money Market,16426.23,Y
1954,Deposit,NIDDA,Checking,17289.93,Y
1955,Deposit,IBB,CD Short Term,16344.58,Y
1955,Deposit,IBB,Money Market,6009.95,Y
1955,Deposit,NIDDA,Checking,18815.54,Y
1955,Deposit,IBB,Savings,1339.17,Y
1956,Deposit,IBB,Money Market,5833.14,Y
1956,Deposit,NIDDA,Checking,5604.8,Y
1956,Credit,N/A,Credit Card,5900.11,Y
1957,Deposit,IBB,Money Market,10853.5,Y
1957,Deposit,NIDDA,Checking,16624.24,Y
1957,Deposit,IBB,Savings,10571.75,Y
1957,Credit,N/A,Credit Card,1106.73,Y
1957,Loan,N/A,Home Loan,233089.71,Y
1958,Deposit,IBB,Money Market,13547.18,Y
1958,Deposit,NIDDA,Checking,2912.85,Y
1958,Deposit,IBB,Savings,5503.89,Y
1958,Loan,N/A,Auto Loan,61834.27,Y
1959,Deposit,IBB,CD Long Term,75288.84,Y
1959,Deposit,IBB,CD Short Term,42040.22,Y
1959,Deposit,NIDDA,Checking,13502.25,Y
1959,Deposit,IBB,Savings,9028.54,Y
1959,Loan,N/A,Home Loan,400936.45,Y
1960,Deposit,NIDDA,Checking,4932.24,Y
1960,Loan,N/A,Auto Loan,31090.34,Y
1960,Loan,N/A,Personal Loan,30088.89,Y
1961,Deposit,IBB,CD Short Term,10540.01,Y
1961,Deposit,NIDDA,Checking,6380.39,Y
1961,Credit,N/A,Credit Card,2166.22,Y
1961,Loan,N/A,Home Loan,712636.85,Y
1961,Loan,N/A,Personal Loan,46067.73,Y
1962,Deposit,IBB,CD Short Term,3863.12,Y
1962,Deposit,IBB,Money Market,7102.73,Y
1962,Deposit,NIDDA,Checking,1098.35,Y
1962,Deposit,IBB,Savings,36859.34,Y
1962,Credit,N/A,Credit Card,2179.69,Y
1962,Loan,N/A,Home Loan,371207.84,Y
1963,Deposit,NIDDA,Checking,6521.1,Y
1963,Deposit,IBB,Savings,6752.52,Y
1963,Credit,N/A,Credit Card,1086.73,Y
1964,Deposit,IBB,CD Short Term,6484.0,Y
1964,Deposit,IBB,Money Market,39586.61,Y
1964,Deposit,NIDDA,Checking,18529.64,Y
1964,Deposit,IBB,Savings,19053.21,Y
1964,Credit,N/A,Credit Card,2907.44,Y
1964,Loan,N/A,Personal Loan,20032.94,Y
1965,Deposit,NIDDA,Checking,2037.99,Y
1965,Deposit,IBB,Savings,3056.12,Y
1965,Loan,N/A,Home Loan,541036.19,Y
1966,Deposit,IBB,CD Long Term,17732.36,Y
1966,Deposit,IBB,Money Market,14854.79,Y
1966,Deposit,NIDDA,Checking,1521.99,Y
1966,Deposit,IBB,Savings,18885.7,Y
1967,Deposit,IBB,CD Short Term,18323.09,Y
1967,Deposit,NIDDA,Checking,16165.99,Y
1967,Deposit,IBB,Savings,117201.62,Y
1968,Deposit,IBB,CD Long Term,54928.18,Y
1968,Deposit,IBB,CD Short Term,6103.75,Y
1968,Deposit,NIDDA,Checking,14388.52,Y
1968,Deposit,IBB,Savings,6476.81,Y
1968,Credit,N/A,Credit Card,3447.53,Y
1968,Loan,N/A,Personal Loan,13295.74,Y
1969,Deposit,IBB,CD Short Term,10610.83,Y
1969,Deposit,IBB,Money Market,10418.11,Y
1969,Deposit,NIDDA,Checking,1269.44,Y
1969,Credit,N/A,Credit Card,1876.64,Y
1969,Loan,N/A,Home Loan,519188.94,Y
1969,Loan,N/A,Auto Loan,33260.33,Y
1969,Loan,N/A,Personal Loan,16380.89,Y
1970,Deposit,IBB,CD Long Term,9428.61,Y
1970,Deposit,IBB,Money Market,45880.28,Y
1970,Deposit,NIDDA,Checking,15627.35,Y
1970,Deposit,IBB,Savings,33003.8,Y
1970,Loan,N/A,Auto Loan,47709.8,Y
1971,Deposit,IBB,CD Long Term,17591.6,Y
1971,Deposit,IBB,Money Market,36009.56,Y
1971,Deposit,NIDDA,Checking,1506.09,Y
1971,Deposit,IBB,Savings,10965.36,Y
1971,Loan,N/A,Home Loan,446419.62,Y
1972,Deposit,NIDDA,Checking,10822.23,Y
1972,Deposit,IBB,Savings,21170.02,Y
1972,Credit,N/A,Credit Card,46327.47,Y
1972,Loan,N/A,Auto Loan,18288.83,Y
1972,Loan,N/A,Personal Loan,10558.8,Y
1973,Deposit,IBB,CD Short Term,161268.86,Y
1973,Deposit,IBB,Money Market,30790.55,Y
1973,Deposit,NIDDA,Checking,5434.09,Y
1973,Deposit,IBB,Savings,12796.83,Y
1973,Credit,N/A,Credit Card,1279.1,Y
1973,Loan,N/A,Home Loan,469884.74,Y
1974,Deposit,IBB,CD Long Term,58645.82,Y
1974,Deposit,NIDDA,Checking,6258.45,Y
1974,Deposit,IBB,Savings,2629.11,Y
1974,Credit,N/A,Credit Card,629.58,Y
1975,Deposit,IBB,Money Market,12496.74,Y
1975,Deposit,NIDDA,Checking,3404.78,Y
1975,Deposit,IBB,Savings,10130.02,Y
1975,Loan,N/A,Auto Loan,49402.78,Y
1975,Loan,N/A,Personal Loan,49301.17,Y
1976,Deposit,IBB,CD Long Term,30924.26,Y
1976,Deposit,IBB,Money Market,17160.62,Y
1976,Deposit,NIDDA,Checking,16807.01,Y
1976,Deposit,IBB,Savings,5930.12,Y
1977,Deposit,NIDDA,Checking,3818.44,Y
1978,Deposit,NIDDA,Checking,5203.21,Y
1978,Deposit,IBB,Savings,1862.18,Y
1979,Deposit,NIDDA,Checking,19443.18,Y
1980,Deposit,IBB,CD Short Term,30153.94,Y
1980,Deposit,IBB,Money Market,27390.27,Y
1980,Deposit,NIDDA,Checking,3405.71,Y
1980,Credit,N/A,Credit Card,350.61,Y
1980,Loan,N/A,Home Loan,368530.34,Y
1981,Deposit,NIDDA,Checking,8127.92,Y
1981,Credit,N/A,Credit Card,8492.85,Y
1982,Deposit,IBB,CD Short Term,12570.19,Y
1982,Deposit,IBB,Money Market,22350.42,Y
1982,Deposit,NIDDA,Checking,5789.06,Y
1982,Deposit,IBB,Savings,4648.64,Y
1982,Credit,N/A,Credit Card,2537.73,Y
1982,Loan,N/A,Home Loan,424557.32,Y
1983,Deposit,NIDDA,Checking,2167.11,Y
1983,Deposit,IBB,Savings,2897.14,Y
1983,Credit,N/A,Credit Card,2493.02,Y
1984,Deposit,IBB,CD Long Term,16327.17,Y
1984,Deposit,NIDDA,Checking,9874.55,Y
1984,Deposit,IBB,Savings,944.34,Y
1985,Deposit,IBB,CD Short Term,21980.39,Y
1985,Deposit,IBB,Money Market,9295.55,Y
1985,Deposit,NIDDA,Checking,3201.31,Y
1985,Deposit,IBB,Savings,10217.43,Y
1985,Loan,N/A,Home Loan,363182.66,Y
1985,Loan,N/A,Auto Loan,59341.56,Y
1985,Loan,N/A,Personal Loan,8454.82,Y
1986,Deposit,IBB,Money Market,6911.09,Y
1986,Deposit,NIDDA,Checking,2789.66,Y
1986,Deposit,IBB,Savings,4722.59,Y
1986,Credit,N/A,Credit Card,625.81,Y
1987,Deposit,IBB,Money Market,12553.97,Y
1987,Deposit,NIDDA,Checking,2201.16,Y
1987,Deposit,IBB,Savings,5049.56,Y
1987,Credit,N/A,Credit Card,2938.43,Y
1988,Deposit,NIDDA,Checking,2736.19,Y
1988,Deposit,IBB,Savings,4755.87,Y
1988,Credit,N/A,Credit Card,4057.26,Y
1988,Loan,N/A,Auto Loan,28851.39,Y
1988,Loan,N/A,Personal Loan,34775.61,Y
1989,Deposit,IBB,CD Long Term,4794.7,Y
1989,Deposit,IBB,CD Short Term,14132.74,Y
1989,Deposit,NIDDA,Checking,2897.59,Y
1989,Deposit,IBB,Savings,2974.64,Y
1990,Deposit,IBB,CD Long Term,95989.44,Y
1990,Deposit,IBB,Money Market,19381.06,Y
1990,Deposit,NIDDA,Checking,2716.6,Y
1990,Deposit,IBB,Savings,5440.96,Y
1991,Deposit,NIDDA,Checking,5121.7,Y
1991,Credit,N/A,Credit Card,1328.97,Y
1991,Loan,N/A,Auto Loan,37862.47,Y
1992,Deposit,NIDDA,Checking,3244.46,Y
1992,Deposit,IBB,Savings,3780.33,Y
1992,Credit,N/A,Credit Card,5892.28,Y
1992,Loan,N/A,Auto Loan,23981.99,Y
1993,Deposit,IBB,CD Short Term,29036.21,Y
1993,Deposit,NIDDA,Checking,6093.68,Y
1993,Deposit,IBB,Savings,6473.33,Y
1993,Credit,N/A,Credit Card,9031.76,Y
1994,Deposit,IBB,CD Short Term,7625.41,Y
1994,Deposit,NIDDA,Checking,6196.65,Y
1994,Deposit,IBB,Savings,24113.41,Y
1994,Credit,N/A,Credit Card,10858.32,Y
1994,Loan,N/A,Home Loan,649233.13,Y
1995,Deposit,NIDDA,Checking,19921.68,Y
1995,Deposit,IBB,Savings,9139.49,Y
1995,Credit,N/A,Credit Card,3856.25,Y
1995,Loan,N/A,Auto Loan,24256.15,Y
1996,Deposit,NIDDA,Checking,5983.32,Y
1996,Deposit,IBB,Savings,8251.2,Y
1996,Loan,N/A,Home Loan,236103.18,Y
1997,Deposit,NIDDA,Checking,7722.36,Y
1998,Deposit,NIDDA,Checking,782.51,Y
1998,Deposit,IBB,Savings,9210.63,Y
1998,Loan,N/A,Home Loan,340918.2,Y
1998,Loan,N/A,Auto Loan,18121.5,Y
1998,Loan,N/A,Personal Loan,8502.37,Y
1999,Deposit,NIDDA,Checking,1902.43,Y
1999,Loan,N/A,Auto Loan,33220.14,Y
1999,Loan,N/A,Personal Loan,24948.41,Y
2000,Deposit,NIDDA,Checking,10204.43,Y
2000,Deposit,IBB,Savings,67803.2,Y
2000,Loan,N/A,Home Loan,466649.72,Y
2000,Loan,N/A,Personal Loan,13343.82,Y
2001,Deposit,IBB,Money Market,9411.95,Y
2001,Deposit,NIDDA,Checking,16295.54,Y
2001,Deposit,IBB,Savings,24576.55,Y
2001,Credit,N/A,Credit Card,1646.86,Y
2001,Loan,N/A,Home Loan,220426.42,Y
2002,Deposit,NIDDA,Checking,4654.08,Y
2002,Deposit,IBB,Savings,7627.81,Y
2002,Credit,N/A,Credit Card,1344.07,Y
2003,Deposit,IBB,CD Short Term,10597.36,Y
2003,Deposit,NIDDA,Checking,6625.31,Y
2003,Deposit,IBB,Savings,6383.78,Y
2003,Credit,N/A,Credit Card,2552.93,Y
2003,Loan,N/A,Personal Loan,45790.01,Y
2004,Deposit,IBB,Money Market,79628.21,Y
2004,Deposit,NIDDA,Checking,4595.7,Y
2004,Credit,N/A,Credit Card,499.91,Y
2005,Deposit,IBB,CD Long Term,16482.23,Y
2005,Deposit,IBB,CD Short Term,8211.24,Y
2005,Deposit,NIDDA,Checking,4527.37,Y
2005,Deposit,IBB,Savings,19127.6,Y
2005,Loan,N/A,Home Loan,281738.75,Y
2006,Deposit,IBB,Money Market,10528.93,Y
2006,Deposit,NIDDA,Checking,2117.94,Y
2006,Deposit,IBB,Savings,21784.02,Y
2006,Loan,N/A,Home Loan,380415.42,Y
2007,Deposit,IBB,CD Long Term,33227.8,Y
2007,Deposit,NIDDA,Checking,13124.56,Y
2007,Deposit,IBB,CD Short Term,70974.81,Y
2007,Deposit,IBB,Money Market,1788.43,Y
2007,Deposit,IBB,Savings,3641.05,Y
2007,Credit,N/A,Credit Card,4767.7,Y
2007,Loan,N/A,Home Loan,316014.95,Y
2007,Loan,N/A,Personal Loan,7427.28,Y
2008,Deposit,IBB,Money Market,9698.6,Y
2008,Deposit,NIDDA,Checking,23114.8,Y
2008,Deposit,IBB,Savings,9649.15,Y
2008,Credit,N/A,Credit Card,1126.03,Y
2009,Deposit,NIDDA,Checking,2443.18,Y
2009,Deposit,IBB,Savings,8430.41,Y
2009,Loan,N/A,Auto Loan,36441.42,Y
2010,Deposit,NIDDA,Checking,2194.76,Y
2010,Deposit,IBB,Savings,2472.21,Y
2011,Deposit,NIDDA,Checking,4484.04,Y
2011,Deposit,IBB,Savings,8631.46,Y
2011,Credit,N/A,Credit Card,2099.49,Y
2012,Deposit,IBB,Money Market,5004.19,Y
2012,Deposit,NIDDA,Checking,6082.79,Y
2012,Deposit,IBB,Savings,929.81,Y
2012,Credit,N/A,Credit Card,2395.39,Y
2012,Loan,N/A,Auto Loan,44992.03,Y
2013,Deposit,IBB,Money Market,5194.9,Y
2013,Deposit,NIDDA,Checking,10198.38,Y
2014,Deposit,IBB,CD Long Term,13514.71,Y
2014,Deposit,IBB,Money Market,4990.56,Y
2014,Deposit,NIDDA,Checking,9967.28,Y
2014,Deposit,IBB,Savings,28332.2,Y
2014,Credit,N/A,Credit Card,4149.07,Y
2015,Deposit,IBB,Money Market,14356.83,Y
2015,Deposit,NIDDA,Checking,8296.53,Y
2015,Credit,N/A,Credit Card,1083.72,Y
2015,Loan,N/A,Auto Loan,65159.24,Y
2016,Deposit,IBB,CD Short Term,76311.64,Y
2016,Deposit,NIDDA,Checking,4175.66,Y
2016,Deposit,IBB,Savings,4867.97,Y
2017,Deposit,IBB,Money Market,22409.59,Y
2017,Deposit,NIDDA,Checking,6811.55,Y
2017,Deposit,IBB,Savings,10009.51,Y
2017,Loan,N/A,Home Loan,399331.52,Y
2018,Deposit,IBB,Money Market,4163.23,Y
2018,Deposit,NIDDA,Checking,2932.29,Y
2018,Deposit,IBB,Savings,8014.36,Y
2019,Deposit,IBB,Money Market,13388.96,Y
2019,Deposit,NIDDA,Checking,2324.57,Y
2019,Deposit,IBB,Savings,11381.17,Y
2019,Credit,N/A,Credit Card,2827.78,Y
2020,Deposit,IBB,Money Market,14618.38,Y
2020,Deposit,NIDDA,Checking,6047.17,Y
2020,Deposit,IBB,Savings,7805.27,Y
2020,Credit,N/A,Credit Card,7768.75,Y
2020,Loan,N/A,Personal Loan,6000.45,Y
2021,Deposit,IBB,CD Short Term,69188.96,Y
2021,Deposit,IBB,Money Market,8089.27,Y
2021,Deposit,NIDDA,Checking,4485.59,Y
2021,Deposit,IBB,Savings,4785.43,Y
2021,Credit,N/A,Credit Card,2011.29,Y
2021,Loan,N/A,Home Loan,287907.19,Y
2022,Deposit,NIDDA,Checking,2548.98,Y
2022,Deposit,IBB,Savings,3405.52,Y
2022,Credit,N/A,Credit Card,6434.95,Y
2022,Loan,N/A,Home Loan,643577.3,Y
2023,Deposit,IBB,CD Short Term,14619.52,Y
2023,Deposit,IBB,Money Market,4370.2,Y
2023,Deposit,NIDDA,Checking,12659.41,Y
2023,Deposit,IBB,Savings,39687.2,Y
2023,Credit,N/A,Credit Card,4658.65,Y
2023,Loan,N/A,Home Loan,368197.68,Y
2024,Deposit,NIDDA,Checking,2287.33,Y
2024,Deposit,IBB,Savings,12679.67,Y
2024,Credit,N/A,Credit Card,5788.07,Y
2024,Loan,N/A,Home Loan,806413.93,Y
2024,Loan,N/A,Personal Loan,23185.72,Y
2025,Deposit,IBB,Money Market,4486.45,Y
2025,Deposit,NIDDA,Checking,13105.21,Y
2025,Deposit,IBB,Savings,5741.71,Y
2026,Deposit,IBB,Money Market,32174.94,Y
2026,Deposit,NIDDA,Checking,15451.42,Y
2026,Loan,N/A,Auto Loan,51339.45,Y
2026,Loan,N/A,Personal Loan,23077.73,Y
2027,Deposit,IBB,CD Short Term,108145.2,Y
2027,Deposit,IBB,Money Market,6769.61,Y
2027,Deposit,NIDDA,Checking,1024.31,Y
2027,Deposit,IBB,Savings,6806.71,Y
2027,Loan,N/A,Home Loan,571094.29,Y
2028,Deposit,IBB,Money Market,5641.89,Y
2028,Deposit,NIDDA,Checking,6029.01,Y
2028,Deposit,IBB,Savings,10721.87,Y
2028,Credit,N/A,Credit Card,1802.69,Y
2029,Deposit,IBB,Money Market,3857.52,Y
2029,Deposit,NIDDA,Checking,2866.8,Y
2029,Deposit,IBB,Savings,6310.15,Y
2029,Credit,N/A,Credit Card,1517.24,Y
2029,Loan,N/A,Auto Loan,42868.24,Y
2030,Deposit,IBB,CD Short Term,11360.03,Y
2030,Deposit,IBB,Money Market,10598.67,Y
2030,Deposit,NIDDA,Checking,2472.94,Y
2030,Deposit,IBB,Savings,4293.39,Y
2031,Deposit,IBB,CD Long Term,8745.46,Y
2031,Deposit,NIDDA,Checking,7293.67,Y
2031,Deposit,IBB,Savings,7640.54,Y
2031,Loan,N/A,Home Loan,781346.62,Y
2031,Loan,N/A,Auto Loan,15276.87,Y
2032,Deposit,IBB,Money Market,52463.8,Y
2032,Deposit,NIDDA,Checking,19503.34,Y
2033,Deposit,NIDDA,Checking,52060.07,Y
2033,Deposit,IBB,Savings,4369.0,Y
2033,Loan,N/A,Home Loan,326665.68,Y
2034,Deposit,NIDDA,Checking,4708.39,Y
2034,Deposit,IBB,Savings,2193.52,Y
2034,Credit,N/A,Credit Card,446.01,Y
2034,Loan,N/A,Home Loan,451704.74,Y
2034,Loan,N/A,Auto Loan,19925.33,Y
2034,Loan,N/A,Personal Loan,14320.63,Y
2035,Deposit,NIDDA,Checking,5680.92,Y
2035,Deposit,IBB,Savings,943.86,Y
2035,Credit,N/A,Credit Card,2198.08,Y
2036,Deposit,NIDDA,Checking,3094.97,Y
2036,Deposit,IBB,Savings,9393.08,Y
2036,Credit,N/A,Credit Card,3422.22,Y
2036,Loan,N/A,Home Loan,381346.48,Y
2036,Loan,N/A,Auto Loan,45156.4,Y
2037,Deposit,IBB,CD Long Term,19721.65,Y
2037,Deposit,NIDDA,Checking,6232.95,Y
2037,Deposit,IBB,CD Short Term,3861.32,Y
2037,Deposit,IBB,Money Market,13998.17,Y
2037,Deposit,IBB,Savings,2819.7,Y
2037,Credit,N/A,Credit Card,922.06,Y
2037,Loan,N/A,Personal Loan,6936.4,Y
2038,Deposit,IBB,Money Market,7757.61,Y
2038,Deposit,NIDDA,Checking,5679.81,Y
2038,Credit,N/A,Credit Card,2755.91,Y
2038,Loan,N/A,Home Loan,358721.94,Y
2039,Deposit,NIDDA,Checking,1163.35,Y
2039,Deposit,IBB,Savings,965.52,Y
2039,Credit,N/A,Credit Card,5988.99,Y
2040,Deposit,NIDDA,Checking,7830.7,Y
2040,Deposit,IBB,Savings,24022.21,Y
2040,Credit,N/A,Credit Card,757.0,Y
2040,Loan,N/A,Home Loan,188737.25,Y
2041,Deposit,IBB,CD Short Term,6115.36,Y
2041,Deposit,IBB,Money Market,3082.97,Y
2041,Deposit,NIDDA,Checking,6940.87,Y
2041,Deposit,IBB,Savings,13952.02,Y
2041,Credit,N/A,Credit Card,655.56,Y
2042,Deposit,IBB,CD Short Term,6200.02,Y
2042,Deposit,IBB,Money Market,11837.83,Y
2042,Deposit,NIDDA,Checking,3749.79,Y
2043,Deposit,IBB,Money Market,55287.24,Y
2043,Deposit,NIDDA,Checking,1738.99,Y
2043,Deposit,IBB,Savings,16554.39,Y
2043,Credit,N/A,Credit Card,740.37,Y
2043,Loan,N/A,Home Loan,383230.01,Y
2044,Deposit,IBB,Money Market,33392.04,Y
2044,Deposit,NIDDA,Checking,2486.58,Y
2044,Deposit,IBB,Savings,3436.06,Y
2044,Loan,N/A,Home Loan,227544.09,Y
2045,Deposit,IBB,CD Long Term,47885.49,Y
2045,Deposit,IBB,Money Market,6206.25,Y
2045,Deposit,NIDDA,Checking,1652.54,Y
2045,Credit,N/A,Credit Card,1246.41,Y
2045,Loan,N/A,Personal Loan,22390.93,Y
2046,Deposit,IBB,CD Long Term,46926.84,Y
2046,Deposit,NIDDA,Checking,53826.76,Y
2046,Deposit,IBB,CD Short Term,9066.86,Y
2046,Deposit,IBB,Money Market,13433.69,Y
2046,Deposit,IBB,Savings,12018.09,Y
2046,Credit,N/A,Credit Card,40189.69,Y
2047,Deposit,NIDDA,Checking,8212.08,Y
2047,Deposit,IBB,Savings,59991.6,Y
2047,Credit,N/A,Credit Card,4895.74,Y
2047,Loan,N/A,Home Loan,746754.75,Y
2048,Deposit,IBB,CD Short Term,29481.98,Y
2048,Deposit,IBB,Money Market,10307.06,Y
2048,Deposit,NIDDA,Checking,9679.01,Y
2048,Deposit,IBB,Savings,33002.98,Y
2048,Credit,N/A,Credit Card,3931.13,Y
2048,Loan,N/A,Home Loan,406053.52,Y
2048,Loan,N/A,Auto Loan,41073.44,Y
2048,Loan,N/A,Personal Loan,38708.86,Y
2049,Deposit,IBB,CD Short Term,74080.96,Y
2049,Deposit,NIDDA,Checking,5408.21,Y
2049,Deposit,IBB,Savings,8744.4,Y
2049,Loan,N/A,Home Loan,205856.19,Y
2050,Deposit,IBB,CD Long Term,26104.22,Y
2050,Deposit,IBB,Money Market,2519.47,Y
2050,Deposit,NIDDA,Checking,10550.12,Y
2050,Credit,N/A,Credit Card,457.0,Y
2050,Loan,N/A,Home Loan,719944.42,Y
2050,Loan,N/A,Personal Loan,9099.59,Y
2051,Deposit,IBB,Money Market,780.35,Y
2051,Deposit,NIDDA,Checking,15005.5,Y
2051,Deposit,IBB,Savings,23193.36,Y
2051,Credit,N/A,Credit Card,2059.51,Y
2052,Deposit,IBB,CD Short Term,34499.5,Y
2052,Deposit,IBB,Money Market,16046.03,Y
2052,Deposit,NIDDA,Checking,5262.81,Y
2052,Deposit,IBB,Savings,3364.29,Y
2053,Deposit,IBB,Money Market,12380.33,Y
2053,Deposit,NIDDA,Checking,17399.89,Y
2053,Deposit,IBB,Savings,7616.92,Y
2053,Loan,N/A,Auto Loan,24846.22,Y
2054,Deposit,NIDDA,Checking,5422.8,Y
2054,Deposit,IBB,Savings,13801.05,Y
2055,Deposit,IBB,Money Market,36069.81,Y
2055,Deposit,NIDDA,Checking,5435.84,Y
2055,Credit,N/A,Credit Card,1851.52,Y
2056,Deposit,IBB,Money Market,1659.34,Y
2056,Deposit,NIDDA,Checking,13456.02,Y
2056,Deposit,IBB,Savings,24594.5,Y
2056,Credit,N/A,Credit Card,1438.28,Y
2057,Deposit,IBB,CD Long Term,12086.37,Y
2057,Deposit,IBB,CD Short Term,10515.6,Y
2057,Deposit,NIDDA,Checking,7146.17,Y
2057,Deposit,IBB,Savings,10857.16,Y
2058,Deposit,NIDDA,Checking,5396.65,Y
2058,Deposit,IBB,Savings,10678.83,Y
2059,Deposit,IBB,CD Long Term,19106.02,Y
2059,Deposit,IBB,Money Market,59512.22,Y
2059,Deposit,NIDDA,Checking,1466.61,Y
2059,Deposit,IBB,Savings,11952.02,Y
2059,Credit,N/A,Credit Card,3274.61,Y
2059,Loan,N/A,Auto Loan,36597.78,Y
2059,Loan,N/A,Personal Loan,7591.58,Y
2060,Deposit,IBB,CD Long Term,12076.1,Y
2060,Deposit,IBB,Money Market,13355.94,Y
2060,Deposit,NIDDA,Checking,5615.74,Y
2060,Deposit,IBB,Savings,13938.54,Y
2060,Credit,N/A,Credit Card,5485.52,Y
2061,Deposit,IBB,Money Market,16598.4,Y
2061,Deposit,NIDDA,Checking,17190.65,Y
2061,Deposit,IBB,Savings,6749.8,Y
2061,Credit,N/A,Credit Card,3432.67,Y
2062,Deposit,IBB,Money Market,3926.22,Y
2062,Deposit,NIDDA,Checking,18005.25,Y
2062,Deposit,IBB,Savings,33076.24,Y
2062,Loan,N/A,Home Loan,550349.93,Y
2063,Deposit,IBB,CD Long Term,11510.64,Y
2063,Deposit,IBB,CD Short Term,7391.41,Y
2063,Deposit,NIDDA,Checking,12879.04,Y
2063,Deposit,IBB,Savings,5653.46,Y
2063,Loan,N/A,Home Loan,169893.18,Y
2064,Deposit,NIDDA,Checking,4953.04,Y
2064,Credit,N/A,Credit Card,2165.03,Y
2065,Deposit,IBB,CD Short Term,13490.2,Y
2065,Deposit,IBB,Money Market,25426.03,Y
2065,Deposit,NIDDA,Checking,7973.15,Y
2065,Loan,N/A,Auto Loan,24425.03,Y
2066,Deposit,IBB,CD Long Term,11245.14,Y
2066,Deposit,IBB,Money Market,5573.88,Y
2066,Deposit,NIDDA,Checking,1963.26,Y
2066,Credit,N/A,Credit Card,2345.63,Y
2067,Deposit,IBB,CD Long Term,13310.82,Y
2067,Deposit,NIDDA,Checking,13737.36,Y
2067,Deposit,IBB,Savings,9307.98,Y
2067,Credit,N/A,Credit Card,12938.87,Y
2068,Deposit,NIDDA,Checking,10019.28,Y
2068,Deposit,IBB,Savings,4454.08,Y
2068,Credit,N/A,Credit Card,7778.15,Y
2069,Deposit,IBB,CD Short Term,36791.22,Y
2069,Deposit,NIDDA,Checking,6632.76,Y
2069,Deposit,IBB,Savings,7140.36,Y
2069,Credit,N/A,Credit Card,4813.57,Y
2070,Deposit,IBB,CD Short Term,68190.19,Y
2070,Deposit,IBB,Money Market,14863.31,Y
2070,Deposit,NIDDA,Checking,6106.89,Y
2071,Deposit,IBB,CD Short Term,9618.98,Y
2071,Deposit,IBB,Money Market,12603.79,Y
2071,Deposit,NIDDA,Checking,5892.92,Y
2071,Credit,N/A,Credit Card,31601.94,Y
2072,Deposit,NIDDA,Checking,13199.14,Y
2072,Deposit,IBB,Savings,8228.86,Y
2073,Deposit,IBB,CD Short Term,11239.95,Y
2073,Deposit,IBB,Money Market,41695.46,Y
2073,Deposit,NIDDA,Checking,2545.66,Y
2073,Deposit,IBB,Savings,22052.3,Y
2073,Credit,N/A,Credit Card,5579.28,Y
2073,Loan,N/A,Auto Loan,33274.72,Y
2073,Loan,N/A,Personal Loan,72707.39,Y
2074,Deposit,IBB,CD Short Term,5277.88,Y
2074,Deposit,IBB,Money Market,24556.67,Y
2074,Deposit,NIDDA,Checking,5506.41,Y
2074,Deposit,IBB,Savings,2840.32,Y
2074,Credit,N/A,Credit Card,23536.66,Y
2074,Loan,N/A,Auto Loan,31213.69,Y
2075,Deposit,IBB,CD Long Term,25447.39,Y
2075,Deposit,NIDDA,Checking,45549.61,Y
2075,Deposit,IBB,CD Short Term,6016.4,Y
2075,Deposit,IBB,Money Market,20342.79,Y
2075,Deposit,IBB,Savings,24737.32,Y
2075,Loan,N/A,Home Loan,253070.72,Y
2076,Deposit,IBB,CD Long Term,4446.17,Y
2076,Deposit,NIDDA,Checking,8888.4,Y
2076,Deposit,IBB,Savings,5670.95,Y
2076,Credit,N/A,Credit Card,4050.02,Y
2076,Loan,N/A,Auto Loan,62201.28,Y
2077,Deposit,IBB,CD Short Term,4823.78,Y
2077,Deposit,IBB,Money Market,19797.0,Y
2077,Deposit,NIDDA,Checking,37186.66,Y
2077,Deposit,IBB,Savings,8926.71,Y
2077,Loan,N/A,Home Loan,277562.46,Y
2077,Loan,N/A,Personal Loan,26985.12,Y
2078,Deposit,IBB,CD Short Term,45069.52,Y
2078,Deposit,NIDDA,Checking,7757.77,Y
2078,Deposit,IBB,Savings,6066.55,Y
2078,Credit,N/A,Credit Card,2695.68,Y
2079,Deposit,IBB,Money Market,17408.79,Y
2079,Deposit,NIDDA,Checking,9445.53,Y
2079,Deposit,IBB,Savings,6062.75,Y
2079,Credit,N/A,Credit Card,3460.5,Y
2080,Deposit,IBB,CD Short Term,32229.64,Y
2080,Deposit,NIDDA,Checking,10891.9,Y
2080,Deposit,IBB,Savings,2664.86,Y
2080,Loan,N/A,Auto Loan,29001.47,Y
2081,Deposit,IBB,CD Long Term,43660.72,Y
2081,Deposit,IBB,Money Market,15209.76,Y
2081,Deposit,NIDDA,Checking,3329.1,Y
2081,Loan,N/A,Auto Loan,48027.8,Y
2081,Loan,N/A,Personal Loan,57213.58,Y
2082,Deposit,IBB,CD Short Term,8400.71,Y
2082,Deposit,NIDDA,Checking,2933.07,Y
2082,Deposit,IBB,Savings,10933.5,Y
2082,Credit,N/A,Credit Card,5074.62,Y
2083,Deposit,IBB,CD Short Term,1772.63,Y
2083,Deposit,IBB,Money Market,6308.8,Y
2083,Deposit,NIDDA,Checking,3524.5,Y
2083,Deposit,IBB,Savings,48588.35,Y
2083,Credit,N/A,Credit Card,789.23,Y
2084,Deposit,NIDDA,Checking,2995.48,Y
2084,Credit,N/A,Credit Card,2418.25,Y
2085,Deposit,NIDDA,Checking,1474.59,Y
2085,Deposit,IBB,Savings,7997.61,Y
2085,Credit,N/A,Credit Card,1104.06,Y
2085,Loan,N/A,Home Loan,457252.18,Y
2085,Loan,N/A,Auto Loan,29136.88,Y
2086,Deposit,IBB,CD Long Term,65809.07,Y
2086,Deposit,IBB,CD Short Term,12884.81,Y
2086,Deposit,NIDDA,Checking,9166.12,Y
2086,Credit,N/A,Credit Card,1894.83,Y
2086,Loan,N/A,Home Loan,368247.71,Y
2087,Deposit,NIDDA,Checking,7496.86,Y
2087,Deposit,IBB,Savings,2053.7,Y
2087,Credit,N/A,Credit Card,7963.2,Y
2088,Deposit,NIDDA,Checking,1402.42,Y
2088,Deposit,IBB,Savings,2263.05,Y
2088,Loan,N/A,Home Loan,825600.78,Y
2089,Deposit,NIDDA,Checking,9831.04,Y
2089,Deposit,IBB,Savings,4547.74,Y
2089,Credit,N/A,Credit Card,6749.22,Y
2090,Deposit,IBB,Money Market,20339.57,Y
2090,Deposit,NIDDA,Checking,9648.03,Y
2090,Deposit,IBB,Savings,874.23,Y
2091,Deposit,IBB,Money Market,21103.77,Y
2091,Deposit,NIDDA,Checking,1349.35,Y
2091,Deposit,IBB,Savings,126988.37,Y
2092,Deposit,IBB,CD Short Term,15247.52,Y
2092,Deposit,NIDDA,Checking,45054.71,Y
2092,Deposit,IBB,Savings,3985.31,Y
2092,Credit,N/A,Credit Card,2236.4,Y
2092,Loan,N/A,Home Loan,439771.37,Y
2093,Deposit,IBB,Money Market,2282.03,Y
2093,Deposit,NIDDA,Checking,4320.19,Y
2093,Deposit,IBB,Savings,3939.36,Y
2093,Loan,N/A,Home Loan,407532.02,Y
2094,Deposit,IBB,CD Short Term,15806.64,Y
2094,Deposit,NIDDA,Checking,17529.07,Y
2095,Deposit,IBB,CD Short Term,6127.76,Y
2095,Deposit,NIDDA,Checking,5163.59,Y
2095,Loan,N/A,Home Loan,151670.11,Y
2095,Loan,N/A,Personal Loan,5267.43,Y
2096,Deposit,NIDDA,Checking,20471.23,Y
2096,Deposit,IBB,Savings,4454.56,Y
2096,Credit,N/A,Credit Card,1737.62,Y
2096,Loan,N/A,Personal Loan,15596.15,Y
2097,Deposit,IBB,CD Long Term,16480.58,Y
2097,Deposit,NIDDA,Checking,19829.74,Y
2097,Credit,N/A,Credit Card,224.29,Y
2097,Loan,N/A,Home Loan,381575.14,Y
2097,Loan,N/A,Personal Loan,31279.73,Y
2098,Deposit,IBB,CD Long Term,15933.52,Y
2098,Deposit,NIDDA,Checking,3474.03,Y
2098,Deposit,IBB,CD Short Term,4445.9,Y
2098,Deposit,IBB,Money Market,3310.62,Y
2098,Deposit,IBB,Savings,47526.66,Y
2098,Credit,N/A,Credit Card,7857.51,Y
2098,Loan,N/A,Home Loan,476410.33,Y
2099,Deposit,IBB,CD Long Term,9328.42,Y
2099,Deposit,IBB,CD Short Term,6651.46,Y
2099,Deposit,NIDDA,Checking,18524.06,Y
2099,Credit,N/A,Credit Card,5509.78,Y
2099,Loan,N/A,Auto Loan,20852.38,Y
2100,Deposit,NIDDA,Checking,6812.22,Y
2100,Deposit,IBB,Savings,3451.31,Y
2101,Deposit,NIDDA,Checking,8627.17,Y
2101,Credit,N/A,Credit Card,7023.35,Y
2102,Deposit,IBB,Money Market,29137.46,Y
2102,Deposit,NIDDA,Checking,5084.12,Y
2102,Deposit,IBB,Savings,14065.84,Y
2102,Credit,N/A,Credit Card,5301.76,Y
2102,Loan,N/A,Home Loan,336775.62,Y
2103,Deposit,IBB,CD Long Term,14903.09,Y
2103,Deposit,IBB,Money Market,9349.14,Y
2103,Deposit,NIDDA,Checking,3008.4,Y
2103,Deposit,IBB,Savings,15455.35,Y
2103,Credit,N/A,Credit Card,1589.09,Y
2104,Deposit,IBB,CD Short Term,8680.26,Y
2104,Deposit,IBB,Money Market,4845.89,Y
2104,Deposit,NIDDA,Checking,923.67,Y
2104,Deposit,IBB,Savings,4370.6,Y
2104,Loan,N/A,Auto Loan,96742.97,Y
2105,Deposit,IBB,Money Market,19202.39,Y
2105,Deposit,NIDDA,Checking,5203.37,Y
2105,Credit,N/A,Credit Card,334.79,Y
2105,Loan,N/A,Personal Loan,17265.52,Y
2106,Deposit,NIDDA,Checking,1458.67,Y
2106,Deposit,IBB,Savings,5864.94,Y
2106,Credit,N/A,Credit Card,2237.23,Y
2106,Loan,N/A,Auto Loan,73983.56,Y
2107,Deposit,IBB,Money Market,7045.88,Y
2107,Deposit,NIDDA,Checking,3195.98,Y
2107,Loan,N/A,Home Loan,653405.75,Y
2108,Deposit,IBB,CD Long Term,54460.08,Y
2108,Deposit,IBB,Money Market,37877.51,Y
2108,Deposit,NIDDA,Checking,3903.53,Y
2108,Deposit,IBB,Savings,18512.98,Y
2108,Credit,N/A,Credit Card,1547.68,Y
2109,Deposit,IBB,Money Market,16558.95,Y
2109,Deposit,NIDDA,Checking,4984.88,Y
2109,Credit,N/A,Credit Card,6652.69,Y
2109,Loan,N/A,Auto Loan,37050.29,Y
2109,Loan,N/A,Personal Loan,33620.13,Y
2110,Deposit,IBB,Money Market,11089.38,Y
2110,Deposit,NIDDA,Checking,8431.57,Y
2110,Deposit,IBB,Savings,49603.36,Y
2110,Credit,N/A,Credit Card,536.54,Y
2111,Deposit,NIDDA,Checking,10091.21,Y
2111,Deposit,IBB,Savings,21285.54,Y
2111,Loan,N/A,Personal Loan,30238.78,Y
2112,Deposit,NIDDA,Checking,7498.74,Y
2112,Deposit,IBB,Savings,7301.11,Y
2112,Credit,N/A,Credit Card,11888.25,Y
2112,Loan,N/A,Home Loan,453519.06,Y
2112,Loan,N/A,Personal Loan,11740.32,Y
2113,Deposit,NIDDA,Checking,1077.66,Y
2113,Deposit,IBB,Savings,3883.15,Y
2114,Deposit,NIDDA,Checking,4922.7,Y
2114,Deposit,IBB,Savings,1442.18,Y
2114,Credit,N/A,Credit Card,6957.38,Y
2114,Loan,N/A,Personal Loan,33990.54,Y
2115,Deposit,IBB,Money Market,8482.04,Y
2115,Deposit,NIDDA,Checking,3645.19,Y
2115,Deposit,IBB,Savings,2584.01,Y
2115,Credit,N/A,Credit Card,1067.81,Y
2116,Deposit,IBB,CD Long Term,12180.38,Y
2116,Deposit,IBB,CD Short Term,7367.24,Y
2116,Deposit,NIDDA,Checking,5588.41,Y
2116,Deposit,IBB,Savings,10217.76,Y
2116,Credit,N/A,Credit Card,1096.81,Y
2116,Loan,N/A,Home Loan,1545099.26,Y
2117,Deposit,IBB,Money Market,14709.26,Y
2117,Deposit,NIDDA,Checking,1598.79,Y
2117,Deposit,IBB,Savings,9892.55,Y
2118,Deposit,IBB,Money Market,2936.54,Y
2118,Deposit,NIDDA,Checking,3785.97,Y
2118,Credit,N/A,Credit Card,649.53,Y
2118,Loan,N/A,Home Loan,335967.55,Y
2118,Loan,N/A,Auto Loan,21947.43,Y
2119,Deposit,IBB,CD Long Term,20412.47,Y
2119,Deposit,NIDDA,Checking,12477.81,Y
2119,Deposit,IBB,Savings,7446.54,Y
2119,Loan,N/A,Auto Loan,11955.46,Y
2120,Deposit,NIDDA,Checking,12385.81,Y
2120,Deposit,IBB,Savings,32270.07,Y
2120,Credit,N/A,Credit Card,1133.66,Y
2120,Loan,N/A,Auto Loan,74391.69,Y
2121,Deposit,NIDDA,Checking,5795.53,Y
2121,Deposit,IBB,Savings,1414.06,Y
2121,Loan,N/A,Personal Loan,31774.49,Y
2122,Deposit,IBB,CD Long Term,21410.23,Y
2122,Deposit,IBB,Money Market,5400.94,Y
2122,Deposit,NIDDA,Checking,3483.11,Y
2122,Loan,N/A,Home Loan,572997.57,Y
2122,Loan,N/A,Auto Loan,56541.87,Y
2123,Deposit,NIDDA,Checking,1491.54,Y
2123,Deposit,IBB,Savings,25836.32,Y
2123,Credit,N/A,Credit Card,1548.73,Y
2123,Loan,N/A,Personal Loan,30049.16,Y
2124,Deposit,IBB,CD Long Term,43536.54,Y
2124,Deposit,IBB,CD Short Term,17479.98,Y
2124,Deposit,NIDDA,Checking,12995.82,Y
2124,Deposit,IBB,Savings,10801.98,Y
2124,Credit,N/A,Credit Card,1384.19,Y
2124,Loan,N/A,Home Loan,493685.55,Y
2125,Deposit,IBB,CD Long Term,53571.46,Y
2125,Deposit,IBB,Money Market,4226.16,Y
2125,Deposit,NIDDA,Checking,6121.24,Y
2125,Deposit,IBB,Savings,2685.98,Y
2125,Credit,N/A,Credit Card,11986.09,Y
2125,Loan,N/A,Home Loan,364546.27,Y
2125,Loan,N/A,Auto Loan,45648.51,Y
2125,Loan,N/A,Personal Loan,25131.65,Y
2126,Deposit,IBB,CD Long Term,16493.3,Y
2126,Deposit,IBB,Money Market,37994.76,Y
2126,Deposit,NIDDA,Checking,4735.71,Y
2126,Deposit,IBB,Savings,4268.27,Y
2126,Credit,N/A,Credit Card,4203.64,Y
2126,Loan,N/A,Home Loan,328550.06,Y
2127,Deposit,IBB,CD Short Term,9707.59,Y
2127,Deposit,IBB,Money Market,12245.26,Y
2127,Deposit,NIDDA,Checking,3443.01,Y
2127,Deposit,IBB,Savings,10366.78,Y
2127,Credit,N/A,Credit Card,14542.08,Y
2127,Loan,N/A,Home Loan,399627.09,Y
2128,Deposit,NIDDA,Checking,3091.81,Y
2128,Credit,N/A,Credit Card,2979.65,Y
2128,Loan,N/A,Auto Loan,33589.45,Y
2129,Deposit,IBB,CD Short Term,15988.93,Y
2129,Deposit,IBB,Money Market,10210.68,Y
2129,Deposit,NIDDA,Checking,3760.79,Y
2129,Deposit,IBB,Savings,7667.59,Y
2129,Loan,N/A,Auto Loan,13787.38,Y
2129,Loan,N/A,Personal Loan,15832.26,Y
2130,Deposit,IBB,CD Long Term,68441.26,Y
2130,Deposit,NIDDA,Checking,7217.24,Y
2130,Deposit,IBB,Savings,4558.59,Y
2130,Credit,N/A,Credit Card,4991.07,Y
2130,Loan,N/A,Personal Loan,13769.62,Y
2131,Deposit,IBB,CD Short Term,9143.63,Y
2131,Deposit,IBB,Money Market,3114.91,Y
2131,Deposit,NIDDA,Checking,8037.9,Y
2131,Deposit,IBB,Savings,2149.4,Y
2131,Credit,N/A,Credit Card,1557.97,Y
2132,Deposit,IBB,CD Short Term,9454.75,Y
2132,Deposit,NIDDA,Checking,15973.53,Y
2132,Deposit,IBB,Savings,17169.32,Y
2132,Credit,N/A,Credit Card,8720.86,Y
2132,Loan,N/A,Home Loan,305029.79,Y
2133,Deposit,NIDDA,Checking,8417.33,Y
2133,Deposit,IBB,Savings,6488.02,Y
2133,Credit,N/A,Credit Card,6569.92,Y
2134,Deposit,IBB,CD Long Term,16793.71,Y
2134,Deposit,NIDDA,Checking,12630.14,Y
2134,Deposit,IBB,CD Short Term,16973.6,Y
2134,Deposit,IBB,Money Market,11214.23,Y
2134,Deposit,IBB,Savings,56279.22,Y
2134,Credit,N/A,Credit Card,603.36,Y
2135,Deposit,NIDDA,Checking,3065.0,Y
2135,Credit,N/A,Credit Card,3247.69,Y
2135,Loan,N/A,Home Loan,701268.84,Y
2135,Loan,N/A,Auto Loan,34536.81,Y
2136,Deposit,IBB,CD Short Term,19839.1,Y
2136,Deposit,NIDDA,Checking,4415.24,Y
2136,Deposit,IBB,Savings,10108.01,Y
2136,Credit,N/A,Credit Card,5663.43,Y
2137,Deposit,IBB,Money Market,45853.67,Y
2137,Deposit,NIDDA,Checking,3275.06,Y
2137,Loan,N/A,Home Loan,359862.53,Y
2137,Loan,N/A,Personal Loan,18850.44,Y
2138,Deposit,IBB,Money Market,37071.7,Y
2138,Deposit,NIDDA,Checking,9433.08,Y
2138,Deposit,IBB,Savings,3278.84,Y
2138,Credit,N/A,Credit Card,11812.96,Y
2139,Deposit,IBB,Money Market,50786.7,Y
2139,Deposit,NIDDA,Checking,7532.06,Y
2140,Deposit,NIDDA,Checking,4930.38,Y
2140,Deposit,IBB,Savings,25401.3,Y
2141,Deposit,IBB,CD Short Term,35797.68,Y
2141,Deposit,IBB,Money Market,22977.11,Y
2141,Deposit,NIDDA,Checking,9907.31,Y
2141,Deposit,IBB,Savings,13755.87,Y
2141,Loan,N/A,Home Loan,288471.36,Y
2142,Deposit,IBB,CD Short Term,29411.29,Y
2142,Deposit,NIDDA,Checking,10091.12,Y
2142,Deposit,IBB,Savings,6167.05,Y
2142,Credit,N/A,Credit Card,2694.41,Y
2143,Deposit,NIDDA,Checking,2209.62,Y
2143,Deposit,IBB,Savings,3583.34,Y
2143,Loan,N/A,Auto Loan,66872.37,Y
2144,Deposit,IBB,Money Market,10730.36,Y
2144,Deposit,NIDDA,Checking,3638.53,Y
2144,Deposit,IBB,Savings,1263.2,Y
2145,Deposit,NIDDA,Checking,1058.83,Y
2145,Deposit,IBB,Savings,9545.8,Y
2145,Credit,N/A,Credit Card,1493.44,Y
2145,Loan,N/A,Home Loan,478696.84,Y
2146,Deposit,NIDDA,Checking,7318.87,Y
2146,Loan,N/A,Personal Loan,33057.9,Y
2147,Deposit,IBB,CD Short Term,4928.68,Y
2147,Deposit,NIDDA,Checking,15007.81,Y
2147,Deposit,IBB,Savings,4261.55,Y
2147,Loan,N/A,Personal Loan,158463.97,Y
2148,Deposit,IBB,CD Short Term,26917.27,Y
2148,Deposit,IBB,Money Market,2949.09,Y
2148,Deposit,NIDDA,Checking,7434.24,Y
2148,Deposit,IBB,Savings,9417.73,Y
2148,Credit,N/A,Credit Card,1572.09,Y
2148,Loan,N/A,Home Loan,438502.72,Y
2149,Deposit,IBB,CD Short Term,7667.25,Y
2149,Deposit,IBB,Money Market,20036.76,Y
2149,Deposit,NIDDA,Checking,15754.59,Y
2149,Deposit,IBB,Savings,2525.66,Y
2149,Credit,N/A,Credit Card,1685.8,Y
2150,Deposit,NIDDA,Checking,2680.14,Y
2150,Deposit,IBB,Savings,28749.46,Y
2150,Credit,N/A,Credit Card,13647.59,Y
2150,Loan,N/A,Auto Loan,40844.59,Y
2151,Deposit,IBB,CD Long Term,7309.55,Y
2151,Deposit,IBB,CD Short Term,19898.83,Y
2151,Deposit,NIDDA,Checking,2879.61,Y
2151,Deposit,IBB,Savings,13177.68,Y
2151,Credit,N/A,Credit Card,3500.13,Y
2152,Deposit,IBB,CD Long Term,17399.35,Y
2152,Deposit,NIDDA,Checking,1685.63,Y
2152,Deposit,IBB,Savings,12847.85,Y
2152,Credit,N/A,Credit Card,4074.19,Y
2152,Loan,N/A,Home Loan,446586.01,Y
2153,Deposit,IBB,CD Long Term,30209.53,Y
2153,Deposit,IBB,Money Market,14723.08,Y
2153,Deposit,NIDDA,Checking,5787.66,Y
2153,Deposit,IBB,Savings,3974.97,Y
2154,Deposit,IBB,CD Short Term,33527.86,Y
2154,Deposit,IBB,Money Market,12882.73,Y
2154,Deposit,NIDDA,Checking,2029.47,Y
2154,Deposit,IBB,Savings,12030.93,Y
2155,Deposit,IBB,CD Short Term,7584.85,Y
2155,Deposit,NIDDA,Checking,17278.97,Y
2155,Loan,N/A,Auto Loan,12430.67,Y
2156,Deposit,IBB,CD Short Term,12507.07,Y
2156,Deposit,IBB,Money Market,33070.64,Y
2156,Deposit,NIDDA,Checking,2925.91,Y
2156,Deposit,IBB,Savings,2243.51,Y
2156,Credit,N/A,Credit Card,3905.46,Y
2157,Deposit,IBB,CD Long Term,6727.65,Y
2157,Deposit,NIDDA,Checking,2821.87,Y
2158,Deposit,NIDDA,Checking,1852.97,Y
2158,Deposit,IBB,Savings,29502.61,Y
2159,Deposit,IBB,CD Short Term,5752.42,Y
2159,Deposit,NIDDA,Checking,29185.63,Y
2159,Deposit,IBB,Savings,46626.02,Y
2159,Loan,N/A,Auto Loan,27514.07,Y
2160,Deposit,IBB,CD Short Term,9933.83,Y
2160,Deposit,IBB,Money Market,103790.48,Y
2160,Deposit,NIDDA,Checking,2382.71,Y
2160,Loan,N/A,Auto Loan,26493.39,Y
2160,Loan,N/A,Personal Loan,5663.76,Y
2161,Deposit,IBB,CD Short Term,13506.52,Y
2161,Deposit,IBB,Money Market,100183.1,Y
2161,Deposit,NIDDA,Checking,11358.28,Y
2161,Deposit,IBB,Savings,13832.61,Y
2161,Credit,N/A,Credit Card,444.24,Y
2161,Loan,N/A,Personal Loan,21550.17,Y
2162,Deposit,IBB,CD Short Term,2614.81,Y
2162,Deposit,IBB,Money Market,4637.37,Y
2162,Deposit,NIDDA,Checking,3077.19,Y
2162,Deposit,IBB,Savings,9708.72,Y
2162,Credit,N/A,Credit Card,992.12,Y
2162,Loan,N/A,Home Loan,447512.12,Y
2162,Loan,N/A,Personal Loan,23326.32,Y
2163,Deposit,IBB,Money Market,9303.82,Y
2163,Deposit,NIDDA,Checking,12539.78,Y
2163,Deposit,IBB,Savings,1938.99,Y
2164,Deposit,NIDDA,Checking,3252.63,Y
2165,Deposit,IBB,Money Market,28882.61,Y
2165,Deposit,NIDDA,Checking,4013.41,Y
2165,Deposit,IBB,Savings,697.37,Y
2165,Credit,N/A,Credit Card,3490.06,Y
2165,Loan,N/A,Home Loan,223097.24,Y
2165,Loan,N/A,Personal Loan,11215.86,Y
2166,Deposit,IBB,CD Long Term,10829.4,Y
2166,Deposit,NIDDA,Checking,9960.03,Y
2166,Deposit,IBB,Savings,16133.63,Y
2166,Credit,N/A,Credit Card,1777.48,Y
2166,Loan,N/A,Home Loan,374458.23,Y
2167,Deposit,NIDDA,Checking,6670.73,Y
2168,Deposit,IBB,CD Long Term,11986.88,Y
2168,Deposit,NIDDA,Checking,4291.25,Y
2168,Deposit,IBB,CD Short Term,9459.19,Y
2168,Deposit,IBB,Money Market,5242.94,Y
2168,Deposit,IBB,Savings,24094.72,Y
2169,Deposit,IBB,Money Market,10118.39,Y
2169,Deposit,NIDDA,Checking,3929.75,Y
2169,Deposit,IBB,Savings,15285.44,Y
2169,Loan,N/A,Home Loan,1267025.75,Y
2170,Deposit,IBB,CD Short Term,21598.99,Y
2170,Deposit,IBB,Money Market,10951.32,Y
2170,Deposit,NIDDA,Checking,11937.8,Y
2170,Deposit,IBB,Savings,8807.09,Y
2170,Loan,N/A,Personal Loan,9874.23,Y
2171,Deposit,NIDDA,Checking,6462.84,Y
2171,Deposit,IBB,Savings,923.17,Y
2171,Credit,N/A,Credit Card,1744.69,Y
2171,Loan,N/A,Personal Loan,36252.55,Y
2172,Deposit,IBB,CD Short Term,64447.1,Y
2172,Deposit,NIDDA,Checking,2026.52,Y
2172,Deposit,IBB,Savings,9297.35,Y
2172,Loan,N/A,Home Loan,548052.47,Y
2173,Deposit,NIDDA,Checking,7484.2,Y
2173,Loan,N/A,Home Loan,749787.43,Y
2173,Loan,N/A,Personal Loan,49032.83,Y
2174,Deposit,IBB,Money Market,7786.76,Y
2174,Deposit,NIDDA,Checking,9383.12,Y
2174,Deposit,IBB,Savings,15793.58,Y
2174,Credit,N/A,Credit Card,4767.0,Y
2174,Loan,N/A,Home Loan,215011.58,Y
2175,Deposit,NIDDA,Checking,13619.21,Y
2175,Loan,N/A,Home Loan,143441.0,Y
2176,Deposit,IBB,Money Market,53048.9,Y
2176,Deposit,NIDDA,Checking,27114.66,Y
2176,Deposit,IBB,Savings,7175.41,Y
2176,Credit,N/A,Credit Card,2821.15,Y
2176,Loan,N/A,Home Loan,368957.41,Y
2177,Deposit,IBB,CD Short Term,33795.96,Y
2177,Deposit,NIDDA,Checking,1239.36,Y
2178,Deposit,IBB,CD Short Term,4837.64,Y
2178,Deposit,IBB,Money Market,61004.35,Y
2178,Deposit,NIDDA,Checking,21752.85,Y
2178,Deposit,IBB,Savings,11609.64,Y
2179,Deposit,NIDDA,Checking,31479.9,Y
2179,Deposit,IBB,Savings,11122.65,Y
2179,Credit,N/A,Credit Card,20935.04,Y
2180,Deposit,IBB,Money Market,12771.78,Y
2180,Deposit,NIDDA,Checking,7557.66,Y
2180,Deposit,IBB,Savings,6177.64,Y
2180,Credit,N/A,Credit Card,1442.52,Y
2180,Loan,N/A,Home Loan,953284.94,Y
2181,Deposit,NIDDA,Checking,5573.64,Y
2181,Deposit,IBB,Savings,17422.56,Y
2181,Credit,N/A,Credit Card,3686.98,Y
2181,Loan,N/A,Auto Loan,41096.01,Y
2182,Deposit,IBB,CD Short Term,8114.94,Y
2182,Deposit,IBB,Money Market,3386.37,Y
2182,Deposit,NIDDA,Checking,2077.5,Y
2182,Deposit,IBB,Savings,463.64,Y
2182,Credit,N/A,Credit Card,1598.54,Y
2183,Deposit,IBB,CD Long Term,38810.69,Y
2183,Deposit,IBB,Money Market,22485.61,Y
2183,Deposit,NIDDA,Checking,6607.81,Y
2183,Deposit,IBB,Savings,2902.28,Y
2183,Credit,N/A,Credit Card,9308.61,Y
2184,Deposit,IBB,Money Market,72923.97,Y
2184,Deposit,NIDDA,Checking,1011.36,Y
2184,Loan,N/A,Auto Loan,38380.73,Y
2185,Deposit,IBB,CD Long Term,18927.9,Y
2185,Deposit,IBB,CD Short Term,28718.92,Y
2185,Deposit,IBB,Money Market,30170.49,Y
2185,Deposit,NIDDA,Checking,4332.16,Y
2185,Loan,N/A,Personal Loan,12948.89,Y
2186,Deposit,IBB,Money Market,33171.91,Y
2186,Deposit,NIDDA,Checking,15671.1,Y
2186,Deposit,IBB,Savings,25168.85,Y
2186,Credit,N/A,Credit Card,3124.6,Y
2187,Deposit,IBB,Money Market,4318.26,Y
2187,Deposit,NIDDA,Checking,7672.56,Y
2187,Deposit,IBB,Savings,8255.28,Y
2187,Credit,N/A,Credit Card,6187.86,Y
2187,Loan,N/A,Auto Loan,46269.34,Y
2188,Deposit,IBB,CD Short Term,19139.42,Y
2188,Deposit,NIDDA,Checking,3859.34,Y
2188,Deposit,IBB,Savings,3788.13,Y
2188,Credit,N/A,Credit Card,1628.06,Y
2188,Loan,N/A,Auto Loan,19858.86,Y
2189,Deposit,NIDDA,Checking,2589.13,Y
2189,Deposit,IBB,Savings,2608.92,Y
2190,Deposit,IBB,CD Short Term,13196.71,Y
2190,Deposit,IBB,Money Market,4744.74,Y
2190,Deposit,NIDDA,Checking,8508.89,Y
2190,Loan,N/A,Home Loan,277835.53,Y
2191,Deposit,IBB,CD Long Term,2780.5,Y
2191,Deposit,NIDDA,Checking,1777.53,Y
2191,Deposit,IBB,CD Short Term,55852.2,Y
2191,Deposit,IBB,Money Market,24766.35,Y
2191,Deposit,IBB,Savings,22017.93,Y
2191,Credit,N/A,Credit Card,1307.87,Y
2191,Loan,N/A,Personal Loan,40906.21,Y
2192,Deposit,IBB,Money Market,100767.23,Y
2192,Deposit,NIDDA,Checking,11197.71,Y
2192,Deposit,IBB,Savings,20100.15,Y
2192,Loan,N/A,Personal Loan,15791.24,Y
2193,Deposit,IBB,CD Short Term,38068.59,Y
2193,Deposit,IBB,Money Market,6802.7,Y
2193,Deposit,NIDDA,Checking,4316.83,Y
2193,Credit,N/A,Credit Card,1629.28,Y
2194,Deposit,NIDDA,Checking,8544.94,Y
2194,Deposit,IBB,Savings,1299.29,Y
2195,Deposit,IBB,Money Market,8209.15,Y
2195,Deposit,NIDDA,Checking,4589.23,Y
2195,Deposit,IBB,Savings,11930.34,Y
2195,Loan,N/A,Auto Loan,40811.01,Y
2196,Deposit,NIDDA,Checking,1663.2,Y
2196,Deposit,IBB,Savings,6195.82,Y
2196,Credit,N/A,Credit Card,7078.42,Y
2196,Loan,N/A,Auto Loan,21845.31,Y
2197,Deposit,IBB,CD Short Term,7737.39,Y
2197,Deposit,IBB,Money Market,8187.31,Y
2197,Deposit,NIDDA,Checking,4103.96,Y
2197,Deposit,IBB,Savings,6344.06,Y
2197,Credit,N/A,Credit Card,1515.3,Y
2197,Loan,N/A,Personal Loan,9103.69,Y
2198,Deposit,NIDDA,Checking,5998.51,Y
2198,Deposit,IBB,Savings,2798.49,Y
2199,Deposit,IBB,Money Market,3250.64,Y
2199,Deposit,NIDDA,Checking,2370.93,Y
2199,Deposit,IBB,Savings,17968.87,Y
2199,Loan,N/A,Home Loan,372549.04,Y
2200,Deposit,IBB,CD Short Term,28258.97,Y
2200,Deposit,NIDDA,Checking,17461.66,Y
2200,Deposit,IBB,Savings,14823.83,Y
2200,Loan,N/A,Home Loan,396107.36,Y
2201,Deposit,NIDDA,Checking,454.81,Y
2201,Deposit,IBB,Savings,5509.82,Y
2201,Loan,N/A,Auto Loan,25279.48,Y
2202,Deposit,IBB,Money Market,9063.93,Y
2202,Deposit,NIDDA,Checking,14921.87,Y
2202,Deposit,IBB,Savings,5278.78,Y
2202,Loan,N/A,Home Loan,474799.1,Y
2203,Deposit,NIDDA,Checking,314.59,Y
2203,Deposit,IBB,Savings,11731.27,Y
2203,Credit,N/A,Credit Card,2237.05,Y
2204,Deposit,NIDDA,Checking,6198.73,Y
2204,Loan,N/A,Auto Loan,55894.51,Y
2205,Deposit,IBB,CD Short Term,8573.62,Y
2205,Deposit,IBB,Money Market,8740.18,Y
2205,Deposit,NIDDA,Checking,2425.04,Y
2205,Credit,N/A,Credit Card,2704.6,Y
2205,Loan,N/A,Home Loan,491152.39,Y
2206,Deposit,IBB,CD Short Term,10752.82,Y
2206,Deposit,IBB,Money Market,32266.41,Y
2206,Deposit,NIDDA,Checking,7046.75,Y
2206,Deposit,IBB,Savings,9453.99,Y
2206,Loan,N/A,Auto Loan,67270.56,Y
2207,Deposit,NIDDA,Checking,1643.27,Y
2207,Deposit,IBB,Savings,19462.4,Y
2207,Credit,N/A,Credit Card,3262.0,Y
2207,Loan,N/A,Auto Loan,78743.51,Y
2208,Deposit,NIDDA,Checking,2937.29,Y
2208,Deposit,IBB,Savings,5684.9,Y
2208,Loan,N/A,Auto Loan,19906.28,Y
2209,Deposit,IBB,CD Short Term,9601.96,Y
2209,Deposit,NIDDA,Checking,5380.01,Y
2209,Deposit,IBB,Savings,8543.16,Y
2209,Credit,N/A,Credit Card,3684.65,Y
2210,Deposit,IBB,Money Market,36635.66,Y
2210,Deposit,NIDDA,Checking,7763.01,Y
2210,Deposit,IBB,Savings,1530.96,Y
2211,Deposit,IBB,Money Market,34739.89,Y
2211,Deposit,NIDDA,Checking,3110.02,Y
2211,Deposit,IBB,Savings,1089.03,Y
2212,Deposit,NIDDA,Checking,9859.34,Y
2212,Credit,N/A,Credit Card,3695.88,Y
2213,Deposit,IBB,CD Short Term,855.59,Y
2213,Deposit,NIDDA,Checking,7921.46,Y
2213,Deposit,IBB,Savings,16360.87,Y
2213,Credit,N/A,Credit Card,994.8,Y
2214,Deposit,IBB,Money Market,7058.61,Y
2214,Deposit,NIDDA,Checking,6292.87,Y
2214,Deposit,IBB,Savings,9007.88,Y
2214,Credit,N/A,Credit Card,4809.49,Y
2214,Loan,N/A,Auto Loan,67467.98,Y
2215,Deposit,NIDDA,Checking,12353.17,Y
2215,Deposit,IBB,Savings,13971.39,Y
2215,Credit,N/A,Credit Card,546.1,Y
2215,Loan,N/A,Home Loan,400380.28,Y
2216,Deposit,IBB,CD Short Term,2469.85,Y
2216,Deposit,NIDDA,Checking,2565.91,Y
2216,Deposit,IBB,Savings,19864.32,Y
2216,Credit,N/A,Credit Card,860.09,Y
2217,Deposit,IBB,CD Short Term,5014.74,Y
2217,Deposit,IBB,Money Market,14866.65,Y
2217,Deposit,NIDDA,Checking,8142.66,Y
2218,Deposit,IBB,CD Long Term,21510.87,Y
2218,Deposit,IBB,Money Market,21044.32,Y
2218,Deposit,NIDDA,Checking,6251.39,Y
2218,Deposit,IBB,Savings,42728.91,Y
2219,Deposit,IBB,Money Market,9898.35,Y
2219,Deposit,NIDDA,Checking,22296.48,Y
2219,Credit,N/A,Credit Card,5379.03,Y
2219,Loan,N/A,Home Loan,419658.4,Y
2219,Loan,N/A,Auto Loan,79111.6,Y
2220,Deposit,IBB,CD Short Term,5321.41,Y
2220,Deposit,IBB,Money Market,22137.19,Y
2220,Deposit,NIDDA,Checking,5681.24,Y
2220,Deposit,IBB,Savings,61240.49,Y
2221,Deposit,IBB,Money Market,7255.77,Y
2221,Deposit,NIDDA,Checking,5482.53,Y
2221,Deposit,IBB,Savings,2502.99,Y
2222,Deposit,IBB,Money Market,7121.33,Y
2222,Deposit,NIDDA,Checking,10819.18,Y
2222,Deposit,IBB,Savings,21971.46,Y
2222,Loan,N/A,Auto Loan,67280.04,Y
2223,Deposit,NIDDA,Checking,5742.53,Y
2223,Deposit,IBB,Savings,2250.79,Y
2223,Credit,N/A,Credit Card,1119.99,Y
2223,Loan,N/A,Auto Loan,30887.5,Y
2224,Deposit,IBB,Money Market,6929.49,Y
2224,Deposit,NIDDA,Checking,4960.97,Y
2224,Deposit,IBB,Savings,2410.56,Y
2224,Credit,N/A,Credit Card,11981.9,Y
2225,Deposit,IBB,CD Long Term,13052.28,Y
2225,Deposit,NIDDA,Checking,7063.4,Y
2225,Deposit,IBB,CD Short Term,10724.09,Y
2225,Deposit,IBB,Money Market,6122.5,Y
2225,Deposit,IBB,Savings,15774.25,Y
2226,Deposit,IBB,Money Market,79267.05,Y
2226,Deposit,NIDDA,Checking,904.54,Y
2226,Credit,N/A,Credit Card,1003.37,Y
2227,Deposit,IBB,CD Long Term,14109.55,Y
2227,Deposit,IBB,Money Market,870.95,Y
2227,Deposit,NIDDA,Checking,1764.45,Y
2227,Deposit,IBB,Savings,11589.81,Y
2227,Credit,N/A,Credit Card,3149.16,Y
2227,Loan,N/A,Home Loan,288122.65,Y
2228,Deposit,IBB,CD Short Term,64320.61,Y
2228,Deposit,IBB,Money Market,11886.11,Y
2228,Deposit,NIDDA,Checking,1158.06,Y
2228,Deposit,IBB,Savings,9070.99,Y
2228,Credit,N/A,Credit Card,8191.62,Y
2229,Deposit,IBB,CD Long Term,25564.46,Y
2229,Deposit,NIDDA,Checking,8931.57,Y
2229,Loan,N/A,Personal Loan,10741.32,Y
2230,Deposit,IBB,CD Short Term,63709.29,Y
2230,Deposit,NIDDA,Checking,5066.66,Y
2230,Deposit,IBB,Savings,7454.82,Y
2230,Credit,N/A,Credit Card,2971.06,Y
2231,Deposit,NIDDA,Checking,1242.38,Y
2232,Deposit,NIDDA,Checking,7670.12,Y
2232,Deposit,IBB,Savings,24096.36,Y
2232,Credit,N/A,Credit Card,1973.58,Y
2232,Loan,N/A,Home Loan,491752.56,Y
2232,Loan,N/A,Personal Loan,109363.53,Y
2233,Deposit,IBB,CD Long Term,15836.28,Y
2233,Deposit,NIDDA,Checking,3623.04,Y
2233,Loan,N/A,Auto Loan,46946.87,Y
2234,Deposit,IBB,CD Long Term,11624.26,Y
2234,Deposit,IBB,CD Short Term,83522.22,Y
2234,Deposit,NIDDA,Checking,20050.54,Y
2234,Deposit,IBB,Savings,5154.2,Y
2235,Deposit,IBB,CD Long Term,24619.8,Y
2235,Deposit,IBB,Money Market,15719.15,Y
2235,Deposit,NIDDA,Checking,48552.28,Y
2235,Deposit,IBB,Savings,24914.8,Y
2236,Deposit,NIDDA,Checking,29401.43,Y
2236,Deposit,IBB,Savings,1358.25,Y
2236,Credit,N/A,Credit Card,2553.73,Y
2237,Deposit,IBB,Money Market,9498.23,Y
2237,Deposit,NIDDA,Checking,3920.1,Y
2237,Deposit,IBB,Savings,6787.99,Y
2237,Credit,N/A,Credit Card,829.76,Y
2238,Deposit,IBB,CD Long Term,45905.86,Y
2238,Deposit,NIDDA,Checking,15912.42,Y
2238,Deposit,IBB,CD Short Term,18821.55,Y
2238,Deposit,IBB,Money Market,8979.84,Y
2238,Deposit,IBB,Savings,2769.03,Y
2238,Loan,N/A,Home Loan,452759.25,Y
2239,Deposit,IBB,CD Long Term,90826.11,Y
2239,Deposit,IBB,Money Market,22612.17,Y
2239,Deposit,NIDDA,Checking,7959.77,Y
2239,Credit,N/A,Credit Card,725.45,Y
2240,Deposit,IBB,CD Short Term,62128.66,Y
2240,Deposit,IBB,Money Market,4013.97,Y
2240,Deposit,NIDDA,Checking,10566.44,Y
2240,Deposit,IBB,Savings,8926.27,Y
2240,Credit,N/A,Credit Card,1628.53,Y
2240,Loan,N/A,Personal Loan,13569.46,Y
2241,Deposit,IBB,CD Short Term,16500.04,Y
2241,Deposit,NIDDA,Checking,759.46,Y
2241,Loan,N/A,Auto Loan,35727.0,Y
2242,Deposit,IBB,Money Market,5137.88,Y
2242,Deposit,NIDDA,Checking,36392.72,Y
2242,Deposit,IBB,Savings,4096.69,Y
2242,Credit,N/A,Credit Card,5609.52,Y
2242,Loan,N/A,Home Loan,468963.68,Y
2243,Deposit,NIDDA,Checking,4597.18,Y
2243,Deposit,IBB,Savings,36383.68,Y
2243,Loan,N/A,Home Loan,375909.33,Y
2244,Deposit,IBB,CD Long Term,16261.13,Y
2244,Deposit,NIDDA,Checking,7370.18,Y
2244,Deposit,IBB,CD Short Term,45978.74,Y
2244,Deposit,IBB,Money Market,16785.78,Y
2244,Deposit,IBB,Savings,3259.09,Y
2244,Credit,N/A,Credit Card,653.73,Y
2244,Loan,N/A,Home Loan,444069.28,Y
2244,Loan,N/A,Personal Loan,33499.67,Y
2245,Deposit,IBB,Money Market,99844.18,Y
2245,Deposit,NIDDA,Checking,4895.84,Y
2245,Deposit,IBB,Savings,11745.61,Y
2245,Credit,N/A,Credit Card,2678.26,Y
2246,Deposit,NIDDA,Checking,1436.51,Y
2246,Deposit,IBB,Savings,3177.7,Y
2246,Credit,N/A,Credit Card,2144.94,Y
2246,Loan,N/A,Home Loan,536333.47,Y
2247,Deposit,NIDDA,Checking,10902.74,Y
2247,Deposit,IBB,Savings,26497.35,Y
2247,Credit,N/A,Credit Card,2356.92,Y
2248,Deposit,IBB,Money Market,2658.54,Y
2248,Deposit,NIDDA,Checking,5427.44,Y
2248,Loan,N/A,Home Loan,573857.03,Y
2249,Deposit,IBB,CD Long Term,15394.42,Y
2249,Deposit,IBB,CD Short Term,2780.57,Y
2249,Deposit,NIDDA,Checking,10642.22,Y
2249,Deposit,IBB,Savings,9273.91,Y
2249,Credit,N/A,Credit Card,483.74,Y
2250,Deposit,IBB,Money Market,187859.4,Y
2250,Deposit,NIDDA,Checking,28759.68,Y
2250,Deposit,IBB,Savings,7073.87,Y
2250,Credit,N/A,Credit Card,862.87,Y
2250,Loan,N/A,Auto Loan,23086.5,Y
2250,Loan,N/A,Personal Loan,22531.69,Y
2251,Deposit,IBB,Money Market,31995.01,Y
2251,Deposit,NIDDA,Checking,7685.85,Y
2251,Deposit,IBB,Savings,2767.78,Y
2251,Loan,N/A,Auto Loan,61247.96,Y
2252,Deposit,NIDDA,Checking,6678.27,Y
2252,Credit,N/A,Credit Card,408.17,Y
2252,Loan,N/A,Auto Loan,20743.5,Y
2253,Deposit,IBB,Money Market,7563.12,Y
2253,Deposit,NIDDA,Checking,3712.01,Y
2253,Loan,N/A,Auto Loan,23928.08,Y
2254,Deposit,NIDDA,Checking,2961.43,Y
2254,Credit,N/A,Credit Card,3658.05,Y
2255,Deposit,NIDDA,Checking,6037.78,Y
2255,Deposit,IBB,Savings,6574.84,Y
2255,Credit,N/A,Credit Card,2575.35,Y
2256,Deposit,NIDDA,Checking,4543.82,Y
2256,Deposit,IBB,Savings,1582.47,Y
2257,Deposit,IBB,CD Short Term,21537.75,Y
2257,Deposit,IBB,Money Market,11637.08,Y
2257,Deposit,NIDDA,Checking,2185.2,Y
2257,Credit,N/A,Credit Card,2146.89,Y
2257,Loan,N/A,Home Loan,817285.7,Y
2258,Deposit,IBB,CD Short Term,10548.27,Y
2258,Deposit,IBB,Money Market,4237.42,Y
2258,Deposit,NIDDA,Checking,1730.86,Y
2258,Deposit,IBB,Savings,4603.87,Y
2258,Credit,N/A,Credit Card,642.29,Y
2258,Loan,N/A,Home Loan,629146.77,Y
2259,Deposit,IBB,Money Market,13636.26,Y
2259,Deposit,NIDDA,Checking,19922.45,Y
2259,Deposit,IBB,Savings,3229.19,Y
2259,Loan,N/A,Auto Loan,49215.93,Y
2260,Deposit,IBB,CD Long Term,32426.79,Y
2260,Deposit,NIDDA,Checking,812.85,Y
2260,Deposit,IBB,Savings,231.21,Y
2260,Credit,N/A,Credit Card,875.96,Y
2261,Deposit,IBB,Money Market,8124.79,Y
2261,Deposit,NIDDA,Checking,2088.64,Y
2261,Loan,N/A,Auto Loan,56553.34,Y
2262,Deposit,IBB,CD Short Term,52669.61,Y
2262,Deposit,IBB,Money Market,1812.36,Y
2262,Deposit,NIDDA,Checking,3530.52,Y
2262,Loan,N/A,Personal Loan,15277.79,Y
2263,Deposit,IBB,CD Long Term,18470.85,Y
2263,Deposit,IBB,CD Short Term,17017.44,Y
2263,Deposit,NIDDA,Checking,3052.45,Y
2263,Deposit,IBB,Savings,31929.64,Y
2263,Loan,N/A,Home Loan,251074.32,Y
2264,Deposit,IBB,Money Market,2026.39,Y
2264,Deposit,NIDDA,Checking,1045.54,Y
2264,Loan,N/A,Home Loan,826931.95,Y
2265,Deposit,NIDDA,Checking,9762.45,Y
2265,Deposit,IBB,Savings,7250.86,Y
2265,Credit,N/A,Credit Card,2295.55,Y
2265,Loan,N/A,Auto Loan,160863.36,Y
2265,Loan,N/A,Personal Loan,12754.99,Y
2266,Deposit,NIDDA,Checking,7472.39,Y
2266,Deposit,IBB,Savings,12164.6,Y
2266,Loan,N/A,Auto Loan,68128.64,Y
2267,Deposit,IBB,CD Long Term,24167.52,Y
2267,Deposit,NIDDA,Checking,8144.38,Y
2267,Deposit,IBB,CD Short Term,6787.56,Y
2267,Deposit,IBB,Money Market,9437.11,Y
2267,Deposit,IBB,Savings,8252.64,Y
2267,Credit,N/A,Credit Card,1590.6,Y
2267,Loan,N/A,Auto Loan,43448.2,Y
2268,Deposit,IBB,CD Short Term,24285.98,Y
2268,Deposit,IBB,Money Market,15437.83,Y
2268,Deposit,NIDDA,Checking,6478.46,Y
2268,Loan,N/A,Auto Loan,26960.13,Y
2269,Deposit,NIDDA,Checking,1958.16,Y
2269,Deposit,IBB,Savings,9926.2,Y
2269,Credit,N/A,Credit Card,1592.13,Y
2270,Deposit,IBB,CD Short Term,35226.69,Y
2270,Deposit,NIDDA,Checking,9934.2,Y
2271,Deposit,IBB,Money Market,5883.53,Y
2271,Deposit,NIDDA,Checking,10792.52,Y
2271,Deposit,IBB,Savings,2079.28,Y
2271,Loan,N/A,Auto Loan,38881.89,Y
2272,Deposit,IBB,CD Long Term,9954.44,Y
2272,Deposit,IBB,Money Market,30560.4,Y
2272,Deposit,NIDDA,Checking,8240.87,Y
2272,Loan,N/A,Home Loan,1019344.11,Y
2273,Deposit,IBB,Money Market,147367.72,Y
2273,Deposit,NIDDA,Checking,852.47,Y
2273,Credit,N/A,Credit Card,2522.93,Y
2274,Deposit,NIDDA,Checking,11137.21,Y
2274,Deposit,IBB,Savings,8895.41,Y
2274,Credit,N/A,Credit Card,12792.53,Y
2275,Deposit,IBB,CD Short Term,14855.32,Y
2275,Deposit,IBB,Money Market,1335.36,Y
2275,Deposit,NIDDA,Checking,1821.93,Y
2275,Loan,N/A,Auto Loan,21415.65,Y
2276,Deposit,IBB,CD Long Term,8201.9,Y
2276,Deposit,IBB,CD Short Term,65130.36,Y
2276,Deposit,NIDDA,Checking,14832.65,Y
2277,Deposit,NIDDA,Checking,627.07,Y
2277,Deposit,IBB,Savings,5013.8,Y
2277,Credit,N/A,Credit Card,5966.63,Y
2278,Deposit,IBB,CD Short Term,10232.17,Y
2278,Deposit,NIDDA,Checking,14781.3,Y
2278,Deposit,IBB,Savings,2458.27,Y
2278,Loan,N/A,Auto Loan,99648.03,Y
2279,Deposit,IBB,CD Short Term,7669.0,Y
2279,Deposit,NIDDA,Checking,4380.32,Y
2279,Deposit,IBB,Savings,7279.86,Y
2279,Credit,N/A,Credit Card,3001.98,Y
2279,Loan,N/A,Home Loan,581835.06,Y
2280,Deposit,IBB,Money Market,10403.01,Y
2280,Deposit,NIDDA,Checking,2213.36,Y
2280,Loan,N/A,Home Loan,410784.69,Y
2281,Deposit,IBB,CD Short Term,247503.68,Y
2281,Deposit,IBB,Money Market,2619.54,Y
2281,Deposit,NIDDA,Checking,4214.45,Y
2282,Deposit,IBB,CD Short Term,15036.42,Y
2282,Deposit,IBB,Money Market,12239.21,Y
2282,Deposit,NIDDA,Checking,4481.92,Y
2282,Deposit,IBB,Savings,4186.02,Y
2282,Loan,N/A,Auto Loan,29816.45,Y
2283,Deposit,NIDDA,Checking,10663.26,Y
2283,Deposit,IBB,Savings,6920.45,Y
2283,Loan,N/A,Personal Loan,34876.42,Y
2284,Deposit,NIDDA,Checking,12799.34,Y
2284,Deposit,IBB,Savings,14361.61,Y
2284,Loan,N/A,Auto Loan,23215.33,Y
2285,Deposit,IBB,Money Market,18664.05,Y
2285,Deposit,NIDDA,Checking,22807.91,Y
2285,Deposit,IBB,Savings,19000.8,Y
2285,Loan,N/A,Home Loan,401972.13,Y
2286,Deposit,NIDDA,Checking,5352.16,Y
2286,Deposit,IBB,Savings,6784.65,Y
2286,Credit,N/A,Credit Card,818.96,Y
2286,Loan,N/A,Auto Loan,27153.95,Y
2287,Deposit,IBB,CD Short Term,2984.96,Y
2287,Deposit,NIDDA,Checking,1111.16,Y
2287,Deposit,IBB,Savings,21059.38,Y
2288,Deposit,IBB,Money Market,7587.99,Y
2288,Deposit,NIDDA,Checking,1710.82,Y
2288,Deposit,IBB,Savings,11869.84,Y
2288,Credit,N/A,Credit Card,2648.26,Y
2289,Deposit,IBB,Money Market,65349.42,Y
2289,Deposit,NIDDA,Checking,1237.84,Y
2289,Loan,N/A,Personal Loan,30260.06,Y
2290,Deposit,IBB,CD Long Term,7231.35,Y
2290,Deposit,NIDDA,Checking,4234.53,Y
2290,Deposit,IBB,Savings,2179.62,Y
2290,Loan,N/A,Auto Loan,19868.46,Y
2291,Deposit,IBB,CD Short Term,38242.8,Y
2291,Deposit,NIDDA,Checking,2570.89,Y
2291,Deposit,IBB,Savings,7260.0,Y
2291,Credit,N/A,Credit Card,13693.85,Y
2291,Loan,N/A,Home Loan,407881.06,Y
2291,Loan,N/A,Auto Loan,82283.11,Y
2292,Deposit,IBB,CD Short Term,12933.31,Y
2292,Deposit,NIDDA,Checking,43373.56,Y
2293,Deposit,NIDDA,Checking,5230.46,Y
2293,Deposit,IBB,Savings,10000.31,Y
2293,Loan,N/A,Auto Loan,37524.08,Y
2293,Loan,N/A,Personal Loan,12244.27,Y
2294,Deposit,NIDDA,Checking,49791.07,Y
2294,Deposit,IBB,Savings,13718.31,Y
2295,Deposit,IBB,CD Long Term,4076.63,Y
2295,Deposit,IBB,CD Short Term,3522.19,Y
2295,Deposit,IBB,Money Market,30924.38,Y
2295,Deposit,NIDDA,Checking,3457.28,Y
2295,Credit,N/A,Credit Card,1788.0,Y
2296,Deposit,NIDDA,Checking,7634.47,Y
2296,Credit,N/A,Credit Card,822.65,Y
2297,Deposit,IBB,CD Short Term,10562.26,Y
2297,Deposit,NIDDA,Checking,6264.47,Y
2297,Deposit,IBB,Savings,964.92,Y
2297,Loan,N/A,Auto Loan,33752.22,Y
2298,Deposit,IBB,Money Market,57728.31,Y
2298,Deposit,NIDDA,Checking,5143.27,Y
2298,Deposit,IBB,Savings,14758.32,Y
2298,Credit,N/A,Credit Card,1220.64,Y
2299,Deposit,IBB,CD Long Term,11244.58,Y
2299,Deposit,IBB,Money Market,82849.59,Y
2299,Deposit,NIDDA,Checking,17689.16,Y
2299,Deposit,IBB,Savings,12016.13,Y
2299,Loan,N/A,Personal Loan,5415.21,Y
2300,Deposit,IBB,CD Long Term,15641.92,Y
2300,Deposit,IBB,Money Market,74757.07,Y
2300,Deposit,NIDDA,Checking,1530.35,Y
2300,Deposit,IBB,Savings,2825.12,Y
2300,Credit,N/A,Credit Card,1733.47,Y
2300,Loan,N/A,Home Loan,337628.61,Y
2301,Deposit,IBB,Money Market,9312.17,Y
2301,Deposit,NIDDA,Checking,7723.17,Y
2301,Credit,N/A,Credit Card,4656.41,Y
2302,Deposit,NIDDA,Checking,1913.85,Y
2302,Deposit,IBB,Savings,8456.41,Y
2302,Credit,N/A,Credit Card,3225.27,Y
2302,Loan,N/A,Auto Loan,26109.12,Y
2303,Deposit,IBB,CD Long Term,38472.2,Y
2303,Deposit,NIDDA,Checking,3234.42,Y
2303,Deposit,IBB,Savings,8379.51,Y
2303,Loan,N/A,Personal Loan,13225.34,Y
2304,Deposit,IBB,CD Long Term,141394.32,Y
2304,Deposit,IBB,CD Short Term,27221.42,Y
2304,Deposit,NIDDA,Checking,2783.83,Y
2304,Deposit,IBB,Savings,18954.99,Y
2305,Deposit,NIDDA,Checking,4003.15,Y
2305,Deposit,IBB,Savings,4241.44,Y
2305,Credit,N/A,Credit Card,563.08,Y
2306,Deposit,NIDDA,Checking,19065.27,Y
2306,Deposit,IBB,Savings,2770.04,Y
2306,Loan,N/A,Auto Loan,46207.82,Y
2306,Loan,N/A,Personal Loan,28687.42,Y
2307,Deposit,IBB,CD Short Term,14585.76,Y
2307,Deposit,IBB,Money Market,22872.62,Y
2307,Deposit,NIDDA,Checking,2712.55,Y
2307,Deposit,IBB,Savings,35914.09,Y
2308,Deposit,IBB,CD Short Term,171635.48,Y
2308,Deposit,NIDDA,Checking,4588.95,Y
2308,Credit,N/A,Credit Card,2913.37,Y
2309,Deposit,IBB,Money Market,9529.79,Y
2309,Deposit,NIDDA,Checking,1153.14,Y
2309,Deposit,IBB,Savings,7952.62,Y
2310,Deposit,IBB,CD Long Term,6280.74,Y
2310,Deposit,IBB,CD Short Term,4037.66,Y
2310,Deposit,NIDDA,Checking,3297.15,Y
2310,Deposit,IBB,Savings,4690.09,Y
2310,Credit,N/A,Credit Card,1791.05,Y
2310,Loan,N/A,Home Loan,379420.77,Y
2311,Deposit,IBB,CD Long Term,125426.37,Y
2311,Deposit,IBB,CD Short Term,97739.34,Y
2311,Deposit,NIDDA,Checking,5764.42,Y
2311,Deposit,IBB,Savings,11224.34,Y
2311,Loan,N/A,Auto Loan,17863.05,Y
2312,Deposit,IBB,CD Short Term,24797.39,Y
2312,Deposit,NIDDA,Checking,670.56,Y
2313,Deposit,IBB,CD Short Term,512144.63,Y
2313,Deposit,NIDDA,Checking,28331.66,Y
2313,Deposit,IBB,Savings,14263.06,Y
2313,Credit,N/A,Credit Card,1532.05,Y
2313,Loan,N/A,Home Loan,333072.21,Y
2314,Deposit,IBB,Money Market,11223.26,Y
2314,Deposit,NIDDA,Checking,10465.53,Y
2314,Deposit,IBB,Savings,9905.24,Y
2314,Credit,N/A,Credit Card,3828.96,Y
2315,Deposit,IBB,CD Long Term,16137.43,Y
2315,Deposit,IBB,Money Market,25605.36,Y
2315,Deposit,NIDDA,Checking,6170.05,Y
2315,Deposit,IBB,Savings,2844.23,Y
2315,Credit,N/A,Credit Card,3920.4,Y
2315,Loan,N/A,Home Loan,485076.81,Y
2316,Deposit,IBB,CD Short Term,20830.5,Y
2316,Deposit,NIDDA,Checking,5913.18,Y
2316,Deposit,IBB,Savings,3690.56,Y
2317,Deposit,IBB,CD Short Term,9561.44,Y
2317,Deposit,NIDDA,Checking,5358.98,Y
2317,Deposit,IBB,Savings,10411.35,Y
2317,Credit,N/A,Credit Card,1875.62,Y
2317,Loan,N/A,Home Loan,443149.89,Y
2318,Deposit,IBB,CD Short Term,14393.91,Y
2318,Deposit,NIDDA,Checking,4900.17,Y
2318,Deposit,IBB,Savings,8836.58,Y
2319,Deposit,IBB,CD Short Term,17391.43,Y
2319,Deposit,NIDDA,Checking,9811.71,Y
2319,Deposit,IBB,Savings,2223.13,Y
2319,Credit,N/A,Credit Card,1210.82,Y
2319,Loan,N/A,Auto Loan,21943.93,Y
2319,Loan,N/A,Personal Loan,13348.76,Y
2320,Deposit,NIDDA,Checking,3552.5,Y
2320,Loan,N/A,Auto Loan,48114.17,Y
2321,Deposit,IBB,CD Long Term,42485.94,Y
2321,Deposit,IBB,Money Market,20169.57,Y
2321,Deposit,NIDDA,Checking,2468.54,Y
2321,Deposit,IBB,Savings,10641.27,Y
2321,Loan,N/A,Auto Loan,27381.94,Y
2322,Deposit,IBB,CD Short Term,15871.84,Y
2322,Deposit,IBB,Money Market,12185.01,Y
2322,Deposit,NIDDA,Checking,28004.41,Y
2322,Deposit,IBB,Savings,3008.74,Y
2322,Credit,N/A,Credit Card,3986.33,Y
2322,Loan,N/A,Personal Loan,10430.99,Y
2323,Deposit,IBB,CD Long Term,124065.77,Y
2323,Deposit,IBB,CD Short Term,870.01,Y
2323,Deposit,NIDDA,Checking,4580.02,Y
2323,Deposit,IBB,Savings,1720.87,Y
2324,Deposit,IBB,CD Long Term,31337.0,Y
2324,Deposit,IBB,CD Short Term,9923.56,Y
2324,Deposit,NIDDA,Checking,12803.15,Y
2324,Deposit,IBB,Savings,22020.85,Y
2325,Deposit,IBB,CD Long Term,15595.71,Y
2325,Deposit,NIDDA,Checking,13571.39,Y
2325,Credit,N/A,Credit Card,1235.84,Y
2326,Deposit,IBB,Money Market,7429.87,Y
2326,Deposit,NIDDA,Checking,29425.22,Y
2326,Deposit,IBB,Savings,14286.03,Y
2327,Deposit,IBB,Money Market,3710.06,Y
2327,Deposit,NIDDA,Checking,26231.99,Y
2327,Deposit,IBB,Savings,13740.6,Y
2327,Loan,N/A,Home Loan,236012.81,Y
2327,Loan,N/A,Auto Loan,55443.68,Y
2328,Deposit,IBB,CD Long Term,132396.32,Y
2328,Deposit,IBB,CD Short Term,33388.65,Y
2328,Deposit,NIDDA,Checking,14535.38,Y
2328,Deposit,IBB,Savings,3473.73,Y
2329,Deposit,IBB,Money Market,5113.93,Y
2329,Deposit,NIDDA,Checking,909.38,Y
2329,Deposit,IBB,Savings,11680.79,Y
2329,Loan,N/A,Home Loan,385385.73,Y
2329,Loan,N/A,Auto Loan,88149.12,Y
2330,Deposit,NIDDA,Checking,11259.53,Y
2330,Deposit,IBB,Savings,32077.07,Y
2330,Loan,N/A,Auto Loan,46156.78,Y
2331,Deposit,IBB,CD Long Term,7009.36,Y
2331,Deposit,NIDDA,Checking,3225.87,Y
2331,Loan,N/A,Auto Loan,87669.61,Y
2332,Deposit,NIDDA,Checking,1405.12,Y
2332,Loan,N/A,Auto Loan,24622.39,Y
2333,Deposit,NIDDA,Checking,8087.22,Y
2333,Credit,N/A,Credit Card,4702.16,Y
2334,Deposit,NIDDA,Checking,9814.55,Y
2334,Deposit,IBB,Savings,1616.65,Y
2334,Credit,N/A,Credit Card,1196.42,Y
2334,Loan,N/A,Auto Loan,78533.33,Y
2335,Deposit,IBB,Money Market,10036.99,Y
2335,Deposit,NIDDA,Checking,5901.11,Y
2336,Deposit,IBB,CD Short Term,141498.54,Y
2336,Deposit,NIDDA,Checking,1586.05,Y
2336,Deposit,IBB,Savings,32507.28,Y
2337,Deposit,NIDDA,Checking,7180.52,Y
2337,Deposit,IBB,Savings,16233.47,Y
2337,Credit,N/A,Credit Card,11891.61,Y
2338,Deposit,IBB,CD Short Term,51025.18,Y
2338,Deposit,IBB,Money Market,9501.38,Y
2338,Deposit,NIDDA,Checking,3306.5,Y
2338,Deposit,IBB,Savings,2536.46,Y
2338,Credit,N/A,Credit Card,8787.07,Y
2338,Loan,N/A,Home Loan,224897.69,Y
2339,Deposit,IBB,Money Market,1962.88,Y
2339,Deposit,NIDDA,Checking,1763.77,Y
2339,Deposit,IBB,Savings,4660.52,Y
2339,Credit,N/A,Credit Card,4791.77,Y
2339,Loan,N/A,Home Loan,355560.98,Y
2339,Loan,N/A,Personal Loan,29882.12,Y
2340,Deposit,NIDDA,Checking,6728.72,Y
2340,Deposit,IBB,Savings,3824.3,Y
2341,Deposit,IBB,Money Market,9375.89,Y
2341,Deposit,NIDDA,Checking,1043.18,Y
2341,Credit,N/A,Credit Card,1819.11,Y
2341,Loan,N/A,Auto Loan,17865.78,Y
2342,Deposit,NIDDA,Checking,2857.2,Y
2342,Deposit,IBB,Savings,19511.11,Y
2342,Loan,N/A,Home Loan,658371.61,Y
2342,Loan,N/A,Auto Loan,45681.56,Y
2342,Loan,N/A,Personal Loan,21413.66,Y
2343,Deposit,IBB,CD Short Term,39652.02,Y
2343,Deposit,IBB,Money Market,4356.32,Y
2343,Deposit,NIDDA,Checking,2754.58,Y
2344,Deposit,IBB,Money Market,5281.65,Y
2344,Deposit,NIDDA,Checking,4687.31,Y
2344,Deposit,IBB,Savings,3033.93,Y
2344,Credit,N/A,Credit Card,2068.31,Y
2345,Deposit,NIDDA,Checking,11445.9,Y
2345,Deposit,IBB,Savings,2995.14,Y
2346,Deposit,IBB,CD Long Term,23105.12,Y
2346,Deposit,IBB,CD Short Term,14673.63,Y
2346,Deposit,NIDDA,Checking,3580.13,Y
2346,Deposit,IBB,Savings,20165.63,Y
2346,Loan,N/A,Home Loan,923344.34,Y
2346,Loan,N/A,Auto Loan,22555.09,Y
2347,Deposit,IBB,CD Short Term,25111.66,Y
2347,Deposit,IBB,Money Market,26216.3,Y
2347,Deposit,NIDDA,Checking,4520.73,Y
2348,Deposit,IBB,CD Long Term,10473.35,Y
2348,Deposit,NIDDA,Checking,8164.67,Y
2348,Deposit,IBB,Savings,34232.31,Y
2348,Credit,N/A,Credit Card,897.27,Y
2348,Loan,N/A,Auto Loan,23880.22,Y
2349,Deposit,IBB,CD Short Term,6717.14,Y
2349,Deposit,IBB,Money Market,2141.28,Y
2349,Deposit,NIDDA,Checking,8447.79,Y
2349,Deposit,IBB,Savings,5653.62,Y
2349,Credit,N/A,Credit Card,8057.2,Y
2350,Deposit,IBB,CD Short Term,8416.65,Y
2350,Deposit,NIDDA,Checking,3570.38,Y
2350,Deposit,IBB,Savings,12312.05,Y
2350,Credit,N/A,Credit Card,933.16,Y
2350,Loan,N/A,Home Loan,390644.8,Y
2350,Loan,N/A,Auto Loan,29590.32,Y
2351,Deposit,IBB,CD Short Term,8376.29,Y
2351,Deposit,IBB,Money Market,18222.07,Y
2351,Deposit,NIDDA,Checking,4657.21,Y
2351,Credit,N/A,Credit Card,4480.75,Y
2352,Deposit,IBB,CD Short Term,8307.83,Y
2352,Deposit,IBB,Money Market,11364.69,Y
2352,Deposit,NIDDA,Checking,9674.06,Y
2352,Deposit,IBB,Savings,2970.87,Y
2352,Credit,N/A,Credit Card,1819.32,Y
2352,Loan,N/A,Home Loan,487971.99,Y
2353,Deposit,IBB,CD Long Term,61441.67,Y
2353,Deposit,NIDDA,Checking,3210.73,Y
2353,Deposit,IBB,Savings,554.79,Y
2353,Loan,N/A,Auto Loan,32882.4,Y
2354,Deposit,NIDDA,Checking,7271.22,Y
2354,Credit,N/A,Credit Card,455.49,Y
2355,Deposit,IBB,CD Short Term,20663.14,Y
2355,Deposit,NIDDA,Checking,11064.98,Y
2355,Deposit,IBB,Savings,29080.19,Y
2355,Credit,N/A,Credit Card,642.63,Y
2356,Deposit,IBB,CD Short Term,53400.73,Y
2356,Deposit,NIDDA,Checking,7413.76,Y
2356,Deposit,IBB,Savings,20407.46,Y
2356,Credit,N/A,Credit Card,873.32,Y
2356,Loan,N/A,Home Loan,347059.91,Y
2356,Loan,N/A,Auto Loan,43443.33,Y
2357,Deposit,NIDDA,Checking,11963.0,Y
2357,Deposit,IBB,Savings,35575.99,Y
2358,Deposit,IBB,CD Short Term,45313.45,Y
2358,Deposit,IBB,Money Market,7983.36,Y
2358,Deposit,NIDDA,Checking,2254.26,Y
2358,Deposit,IBB,Savings,9010.36,Y
2358,Credit,N/A,Credit Card,2804.15,Y
2358,Loan,N/A,Auto Loan,31415.27,Y
2359,Deposit,NIDDA,Checking,5966.82,Y
2359,Loan,N/A,Home Loan,329701.96,Y
2359,Loan,N/A,Personal Loan,3000.65,Y
2360,Deposit,IBB,CD Long Term,18013.54,Y
2360,Deposit,IBB,Money Market,15813.25,Y
2360,Deposit,NIDDA,Checking,4318.02,Y
2360,Deposit,IBB,Savings,20059.36,Y
2360,Credit,N/A,Credit Card,7858.69,Y
2361,Deposit,IBB,CD Short Term,12478.59,Y
2361,Deposit,IBB,Money Market,11000.21,Y
2361,Deposit,NIDDA,Checking,1675.41,Y
2361,Deposit,IBB,Savings,14719.93,Y
2361,Loan,N/A,Home Loan,468189.93,Y
2362,Deposit,NIDDA,Checking,10049.83,Y
2362,Deposit,IBB,Savings,51120.62,Y
2362,Credit,N/A,Credit Card,5972.48,Y
2362,Loan,N/A,Home Loan,673737.07,Y
2363,Deposit,IBB,CD Long Term,37282.0,Y
2363,Deposit,IBB,Money Market,2883.76,Y
2363,Deposit,NIDDA,Checking,2401.37,Y
2363,Deposit,IBB,Savings,2867.38,Y
2363,Credit,N/A,Credit Card,1657.4,Y
2364,Deposit,IBB,CD Short Term,132312.32,Y
2364,Deposit,NIDDA,Checking,8443.75,Y
2364,Credit,N/A,Credit Card,2254.51,Y
2365,Deposit,IBB,CD Short Term,29541.5,Y
2365,Deposit,NIDDA,Checking,2696.27,Y
2365,Deposit,IBB,Savings,1080.51,Y
2365,Credit,N/A,Credit Card,1523.78,Y
2365,Loan,N/A,Auto Loan,36094.64,Y
2366,Deposit,IBB,Money Market,33045.45,Y
2366,Deposit,NIDDA,Checking,5592.76,Y
2366,Credit,N/A,Credit Card,4343.2,Y
2367,Deposit,IBB,Money Market,26286.39,Y
2367,Deposit,NIDDA,Checking,20317.68,Y
2367,Deposit,IBB,Savings,5257.96,Y
2368,Deposit,IBB,CD Long Term,31393.86,Y
2368,Deposit,IBB,CD Short Term,15867.17,Y
2368,Deposit,NIDDA,Checking,2309.61,Y
2368,Deposit,IBB,Savings,3485.41,Y
2368,Credit,N/A,Credit Card,3882.21,Y
2369,Deposit,IBB,Money Market,10072.94,Y
2369,Deposit,NIDDA,Checking,3471.01,Y
2369,Deposit,IBB,Savings,1324.55,Y
2369,Credit,N/A,Credit Card,5790.5,Y
2369,Loan,N/A,Auto Loan,21603.6,Y
2370,Deposit,IBB,CD Short Term,25267.29,Y
2370,Deposit,NIDDA,Checking,1746.57,Y
2370,Deposit,IBB,Savings,3262.09,Y
2371,Deposit,IBB,CD Short Term,16395.93,Y
2371,Deposit,NIDDA,Checking,2380.77,Y
2371,Credit,N/A,Credit Card,384.06,Y
2371,Loan,N/A,Personal Loan,10819.11,Y
2372,Deposit,IBB,CD Short Term,3927.19,Y
2372,Deposit,IBB,Money Market,9394.45,Y
2372,Deposit,NIDDA,Checking,7307.13,Y
2372,Deposit,IBB,Savings,22875.09,Y
2373,Deposit,IBB,CD Long Term,8108.49,Y
2373,Deposit,NIDDA,Checking,18912.32,Y
2373,Deposit,IBB,CD Short Term,13702.62,Y
2373,Deposit,IBB,Money Market,640.37,Y
2373,Deposit,IBB,Savings,1583.65,Y
2374,Deposit,IBB,CD Short Term,7845.65,Y
2374,Deposit,IBB,Money Market,817.49,Y
2374,Deposit,NIDDA,Checking,3276.59,Y
2374,Deposit,IBB,Savings,35397.53,Y
2374,Credit,N/A,Credit Card,4748.8,Y
2374,Loan,N/A,Auto Loan,23960.42,Y
2375,Deposit,NIDDA,Checking,19953.95,Y
2375,Deposit,IBB,Savings,9931.94,Y
2375,Credit,N/A,Credit Card,3803.98,Y
2375,Loan,N/A,Personal Loan,47791.51,Y
2376,Deposit,IBB,Money Market,7504.77,Y
2376,Deposit,NIDDA,Checking,25385.61,Y
2376,Deposit,IBB,Savings,4667.61,Y
2377,Deposit,NIDDA,Checking,4113.92,Y
2377,Loan,N/A,Auto Loan,51641.15,Y
2378,Deposit,IBB,Money Market,32835.82,Y
2378,Deposit,NIDDA,Checking,11631.46,Y
2378,Deposit,IBB,Savings,21194.69,Y
2378,Credit,N/A,Credit Card,7090.77,Y
2378,Loan,N/A,Auto Loan,24978.74,Y
2379,Deposit,IBB,CD Long Term,53027.48,Y
2379,Deposit,IBB,Money Market,14097.89,Y
2379,Deposit,NIDDA,Checking,3767.86,Y
2379,Deposit,IBB,Savings,3692.14,Y
2379,Credit,N/A,Credit Card,1999.47,Y
2379,Loan,N/A,Auto Loan,68928.86,Y
2380,Deposit,IBB,CD Long Term,19367.61,Y
2380,Deposit,IBB,CD Short Term,50732.2,Y
2380,Deposit,NIDDA,Checking,29782.88,Y
2380,Deposit,IBB,Savings,11700.13,Y
2381,Deposit,IBB,Money Market,7232.72,Y
2381,Deposit,NIDDA,Checking,9019.49,Y
2381,Deposit,IBB,Savings,17407.07,Y
2381,Credit,N/A,Credit Card,1289.16,Y
2381,Loan,N/A,Home Loan,406290.65,Y
2381,Loan,N/A,Personal Loan,16179.85,Y
2382,Deposit,NIDDA,Checking,3008.49,Y
2382,Deposit,IBB,Savings,5271.46,Y
2382,Loan,N/A,Personal Loan,27791.26,Y
2383,Deposit,IBB,Money Market,8708.28,Y
2383,Deposit,NIDDA,Checking,3496.67,Y
2383,Deposit,IBB,Savings,558.06,Y
2384,Deposit,NIDDA,Checking,9889.74,Y
2384,Credit,N/A,Credit Card,1589.78,Y
2384,Loan,N/A,Personal Loan,9401.25,Y
2385,Deposit,IBB,CD Long Term,5876.7,Y
2385,Deposit,NIDDA,Checking,38447.93,Y
2385,Deposit,IBB,CD Short Term,16290.96,Y
2385,Deposit,IBB,Money Market,4141.2,Y
2385,Deposit,IBB,Savings,34951.9,Y
2386,Deposit,IBB,CD Short Term,21008.14,Y
2386,Deposit,IBB,Money Market,13721.96,Y
2386,Deposit,NIDDA,Checking,2697.44,Y
2386,Deposit,IBB,Savings,27749.82,Y
2386,Credit,N/A,Credit Card,1692.65,Y
2386,Loan,N/A,Home Loan,427530.94,Y
2387,Deposit,NIDDA,Checking,5760.3,Y
2387,Credit,N/A,Credit Card,2815.56,Y
2387,Loan,N/A,Home Loan,510267.25,Y
2388,Deposit,NIDDA,Checking,5212.03,Y
2388,Deposit,IBB,Savings,4902.94,Y
2388,Credit,N/A,Credit Card,4638.66,Y
2388,Loan,N/A,Personal Loan,14234.42,Y
2389,Deposit,IBB,CD Short Term,15993.43,Y
2389,Deposit,IBB,Money Market,30289.33,Y
2389,Deposit,NIDDA,Checking,5090.94,Y
2390,Deposit,IBB,Money Market,547.95,Y
2390,Deposit,NIDDA,Checking,16535.28,Y
2390,Deposit,IBB,Savings,208887.72,Y
2390,Credit,N/A,Credit Card,2752.46,Y
2390,Loan,N/A,Auto Loan,83462.27,Y
2391,Deposit,IBB,Money Market,6282.21,Y
2391,Deposit,NIDDA,Checking,13217.69,Y
2391,Credit,N/A,Credit Card,3186.76,Y
2391,Loan,N/A,Home Loan,330556.84,Y
2392,Deposit,NIDDA,Checking,9419.29,Y
2392,Deposit,IBB,Savings,32179.54,Y
2392,Credit,N/A,Credit Card,2714.49,Y
2392,Loan,N/A,Home Loan,295551.2,Y
2392,Loan,N/A,Auto Loan,45394.99,Y
2393,Deposit,IBB,CD Short Term,12068.12,Y
2393,Deposit,NIDDA,Checking,4146.15,Y
2393,Deposit,IBB,Savings,72461.33,Y
2393,Loan,N/A,Personal Loan,11434.19,Y
2394,Deposit,IBB,CD Short Term,82237.48,Y
2394,Deposit,NIDDA,Checking,10253.26,Y
2395,Deposit,NIDDA,Checking,14086.74,Y
2395,Loan,N/A,Personal Loan,29083.31,Y
2396,Deposit,NIDDA,Checking,5359.7,Y
2396,Credit,N/A,Credit Card,1992.76,Y
2397,Deposit,IBB,CD Short Term,22545.6,Y
2397,Deposit,IBB,Money Market,18273.93,Y
2397,Deposit,NIDDA,Checking,4864.84,Y
2397,Deposit,IBB,Savings,20747.77,Y
2398,Deposit,IBB,CD Long Term,1935.91,Y
2398,Deposit,IBB,Money Market,32719.22,Y
2398,Deposit,NIDDA,Checking,2307.56,Y
2398,Deposit,IBB,Savings,3943.78,Y
2398,Credit,N/A,Credit Card,5395.15,Y
2399,Deposit,IBB,CD Short Term,20702.26,Y
2399,Deposit,NIDDA,Checking,5055.91,Y
2399,Deposit,IBB,Savings,5515.35,Y
2399,Credit,N/A,Credit Card,8630.94,Y
2399,Loan,N/A,Home Loan,668192.89,Y
2399,Loan,N/A,Auto Loan,39366.88,Y
2400,Deposit,IBB,Money Market,10030.46,Y
2400,Deposit,NIDDA,Checking,9346.07,Y
2400,Deposit,IBB,Savings,3902.58,Y
2400,Loan,N/A,Auto Loan,33304.52,Y
2401,Deposit,IBB,Money Market,6427.79,Y
2401,Deposit,NIDDA,Checking,10130.65,Y
2401,Deposit,IBB,Savings,3959.83,Y
2401,Loan,N/A,Auto Loan,26137.63,Y
2402,Deposit,IBB,CD Long Term,24170.77,Y
2402,Deposit,IBB,CD Short Term,23840.19,Y
2402,Deposit,NIDDA,Checking,4481.27,Y
2402,Deposit,IBB,Savings,3302.22,Y
2402,Loan,N/A,Home Loan,861810.19,Y
2403,Deposit,NIDDA,Checking,38557.4,Y
2403,Deposit,IBB,Savings,7000.17,Y
2403,Loan,N/A,Personal Loan,35119.24,Y
2404,Deposit,IBB,CD Short Term,76234.06,Y
2404,Deposit,NIDDA,Checking,4036.81,Y
2404,Deposit,IBB,Savings,8647.65,Y
2404,Credit,N/A,Credit Card,3921.93,Y
2404,Loan,N/A,Auto Loan,26110.08,Y
2405,Deposit,IBB,Money Market,1920.73,Y
2405,Deposit,NIDDA,Checking,27090.97,Y
2405,Loan,N/A,Home Loan,251559.35,Y
2406,Deposit,IBB,CD Long Term,16508.38,Y
2406,Deposit,IBB,Money Market,10540.78,Y
2406,Deposit,NIDDA,Checking,6902.62,Y
2406,Deposit,IBB,Savings,43372.27,Y
2406,Credit,N/A,Credit Card,5843.5,Y
2406,Loan,N/A,Personal Loan,8109.16,Y
2407,Deposit,IBB,Money Market,36475.01,Y
2407,Deposit,NIDDA,Checking,8730.78,Y
2407,Deposit,IBB,Savings,21214.2,Y
2407,Loan,N/A,Personal Loan,14343.36,Y
2408,Deposit,IBB,CD Short Term,34767.51,Y
2408,Deposit,IBB,Money Market,15280.09,Y
2408,Deposit,NIDDA,Checking,5680.56,Y
2408,Deposit,IBB,Savings,16801.39,Y
2409,Deposit,IBB,CD Short Term,57677.47,Y
2409,Deposit,IBB,Money Market,22609.83,Y
2409,Deposit,NIDDA,Checking,11549.25,Y
2409,Deposit,IBB,Savings,7781.59,Y
2410,Deposit,IBB,CD Long Term,23069.14,Y
2410,Deposit,IBB,CD Short Term,261004.24,Y
2410,Deposit,IBB,Money Market,3371.59,Y
2410,Deposit,NIDDA,Checking,4305.38,Y
2410,Credit,N/A,Credit Card,6462.95,Y
2410,Loan,N/A,Home Loan,294494.87,Y
2410,Loan,N/A,Auto Loan,24085.75,Y
2411,Deposit,IBB,Money Market,14902.12,Y
2411,Deposit,NIDDA,Checking,6041.56,Y
2411,Deposit,IBB,Savings,14976.34,Y
2411,Credit,N/A,Credit Card,901.05,Y
2412,Deposit,IBB,CD Long Term,54654.77,Y
2412,Deposit,NIDDA,Checking,4279.45,Y
2412,Deposit,IBB,Savings,5767.18,Y
2412,Credit,N/A,Credit Card,1961.25,Y
2413,Deposit,IBB,Money Market,9200.89,Y
2413,Deposit,NIDDA,Checking,8352.08,Y
2414,Deposit,IBB,CD Short Term,32193.75,Y
2414,Deposit,IBB,Money Market,3367.48,Y
2414,Deposit,NIDDA,Checking,5711.74,Y
2414,Deposit,IBB,Savings,1116.41,Y
2414,Credit,N/A,Credit Card,2949.01,Y
2414,Loan,N/A,Home Loan,637504.14,Y
2415,Deposit,IBB,CD Long Term,36517.56,Y
2415,Deposit,NIDDA,Checking,1712.77,Y
2415,Deposit,IBB,CD Short Term,8206.76,Y
2415,Deposit,IBB,Money Market,18236.56,Y
2415,Deposit,IBB,Savings,3408.82,Y
2415,Credit,N/A,Credit Card,3794.46,Y
2415,Loan,N/A,Home Loan,126375.46,Y
2415,Loan,N/A,Auto Loan,23781.8,Y
2416,Deposit,IBB,Money Market,3675.12,Y
2416,Deposit,NIDDA,Checking,2569.79,Y
2416,Deposit,IBB,Savings,22684.21,Y
2416,Credit,N/A,Credit Card,1604.19,Y
2417,Deposit,NIDDA,Checking,1742.91,Y
2418,Deposit,IBB,CD Long Term,33890.93,Y
2418,Deposit,IBB,CD Short Term,22201.85,Y
2418,Deposit,NIDDA,Checking,7532.93,Y
2418,Deposit,IBB,Savings,11215.04,Y
2418,Loan,N/A,Home Loan,293048.71,Y
2419,Deposit,IBB,Money Market,5096.58,Y
2419,Deposit,NIDDA,Checking,37542.24,Y
2419,Deposit,IBB,Savings,31387.6,Y
2419,Credit,N/A,Credit Card,1367.96,Y
2420,Deposit,IBB,CD Long Term,10347.1,Y
2420,Deposit,IBB,Money Market,1458.09,Y
2420,Deposit,NIDDA,Checking,5684.01,Y
2420,Deposit,IBB,Savings,5198.26,Y
2420,Loan,N/A,Home Loan,488257.11,Y
2420,Loan,N/A,Auto Loan,23183.43,Y
2421,Deposit,IBB,CD Short Term,36798.26,Y
2421,Deposit,NIDDA,Checking,7637.74,Y
2421,Credit,N/A,Credit Card,5549.88,Y
2421,Loan,N/A,Home Loan,332531.72,Y
2422,Deposit,IBB,CD Short Term,15108.97,Y
2422,Deposit,NIDDA,Checking,3912.15,Y
2423,Deposit,IBB,CD Long Term,5604.31,Y
2423,Deposit,IBB,CD Short Term,42903.23,Y
2423,Deposit,NIDDA,Checking,11496.09,Y
2423,Deposit,IBB,Savings,5552.84,Y
2424,Deposit,IBB,CD Short Term,8855.97,Y
2424,Deposit,NIDDA,Checking,3024.78,Y
2425,Deposit,IBB,CD Short Term,15321.65,Y
2425,Deposit,IBB,Money Market,19900.97,Y
2425,Deposit,NIDDA,Checking,4434.28,Y
2425,Credit,N/A,Credit Card,2037.89,Y
2425,Loan,N/A,Personal Loan,9782.42,Y
2426,Deposit,NIDDA,Checking,4372.04,Y
2426,Deposit,IBB,Savings,5437.65,Y
2426,Loan,N/A,Home Loan,659470.44,Y
2427,Deposit,IBB,CD Short Term,12037.25,Y
2427,Deposit,NIDDA,Checking,4334.11,Y
2427,Deposit,IBB,Savings,6983.36,Y
2427,Credit,N/A,Credit Card,1004.69,Y
2428,Deposit,IBB,CD Short Term,29334.35,Y
2428,Deposit,IBB,Money Market,16460.36,Y
2428,Deposit,NIDDA,Checking,3079.86,Y
2428,Deposit,IBB,Savings,3255.55,Y
2428,Credit,N/A,Credit Card,1370.63,Y
2428,Loan,N/A,Home Loan,409657.63,Y
2429,Deposit,IBB,CD Short Term,15591.79,Y
2429,Deposit,NIDDA,Checking,4382.94,Y
2429,Deposit,IBB,Savings,14023.61,Y
2429,Loan,N/A,Home Loan,158849.37,Y
2430,Deposit,IBB,Money Market,2058.43,Y
2430,Deposit,NIDDA,Checking,14591.13,Y
2430,Deposit,IBB,Savings,2920.95,Y
2430,Credit,N/A,Credit Card,1410.32,Y
2430,Loan,N/A,Home Loan,440008.89,Y
2430,Loan,N/A,Auto Loan,31747.22,Y
2431,Deposit,IBB,CD Short Term,41403.33,Y
2431,Deposit,NIDDA,Checking,4464.6,Y
2431,Loan,N/A,Auto Loan,69276.42,Y
2432,Deposit,IBB,CD Long Term,31811.56,Y
2432,Deposit,IBB,Money Market,16521.75,Y
2432,Deposit,NIDDA,Checking,2089.06,Y
2432,Credit,N/A,Credit Card,7535.89,Y
2432,Loan,N/A,Home Loan,681619.27,Y
2432,Loan,N/A,Auto Loan,35175.59,Y
2433,Deposit,IBB,CD Short Term,19872.0,Y
2433,Deposit,IBB,Money Market,3389.04,Y
2433,Deposit,NIDDA,Checking,2351.58,Y
2433,Deposit,IBB,Savings,4729.1,Y
2433,Credit,N/A,Credit Card,1823.61,Y
2433,Loan,N/A,Home Loan,478115.23,Y
2434,Deposit,NIDDA,Checking,5584.25,Y
2434,Deposit,IBB,Savings,5729.73,Y
2434,Credit,N/A,Credit Card,7167.29,Y
2434,Loan,N/A,Auto Loan,11425.64,Y
2435,Deposit,NIDDA,Checking,1393.6,Y
2435,Deposit,IBB,Savings,26055.09,Y
2435,Credit,N/A,Credit Card,2415.51,Y
2435,Loan,N/A,Home Loan,226978.93,Y
2435,Loan,N/A,Auto Loan,66989.21,Y
2436,Deposit,IBB,CD Short Term,17100.91,Y
2436,Deposit,NIDDA,Checking,10499.68,Y
2436,Deposit,IBB,Savings,16137.65,Y
2436,Credit,N/A,Credit Card,4679.13,Y
2437,Deposit,IBB,CD Short Term,10528.44,Y
2437,Deposit,IBB,Money Market,2654.1,Y
2437,Deposit,NIDDA,Checking,3382.36,Y
2437,Deposit,IBB,Savings,6011.57,Y
2438,Deposit,NIDDA,Checking,4328.75,Y
2438,Deposit,IBB,Savings,5442.72,Y
2439,Deposit,IBB,CD Long Term,179716.65,Y
2439,Deposit,IBB,CD Short Term,31782.84,Y
2439,Deposit,NIDDA,Checking,3206.18,Y
2439,Deposit,IBB,Savings,129638.92,Y
2439,Credit,N/A,Credit Card,8607.15,Y
2440,Deposit,NIDDA,Checking,2541.67,Y
2440,Deposit,IBB,Savings,10092.99,Y
2440,Credit,N/A,Credit Card,1209.78,Y
2441,Deposit,NIDDA,Checking,2051.59,Y
2441,Deposit,IBB,Savings,36433.42,Y
2441,Credit,N/A,Credit Card,1145.57,Y
2441,Loan,N/A,Home Loan,389938.32,Y
2442,Deposit,IBB,CD Long Term,11426.92,Y
2442,Deposit,NIDDA,Checking,3953.46,Y
2442,Deposit,IBB,CD Short Term,30775.16,Y
2442,Deposit,IBB,Money Market,11220.61,Y
2442,Deposit,IBB,Savings,7133.95,Y
2443,Deposit,IBB,Money Market,4767.59,Y
2443,Deposit,NIDDA,Checking,3599.02,Y
2443,Deposit,IBB,Savings,22619.09,Y
2443,Loan,N/A,Personal Loan,49051.95,Y
2444,Deposit,NIDDA,Checking,1622.5,Y
2444,Deposit,IBB,Savings,10150.21,Y
2444,Credit,N/A,Credit Card,2609.49,Y
2444,Loan,N/A,Auto Loan,19355.28,Y
2445,Deposit,IBB,Money Market,47486.75,Y
2445,Deposit,NIDDA,Checking,1324.39,Y
2445,Deposit,IBB,Savings,30264.1,Y
2445,Credit,N/A,Credit Card,8161.6,Y
2446,Deposit,NIDDA,Checking,19660.36,Y
2446,Deposit,IBB,Savings,10412.36,Y
2446,Credit,N/A,Credit Card,4801.62,Y
2447,Deposit,IBB,CD Long Term,100733.9,Y
2447,Deposit,NIDDA,Checking,632.22,Y
2447,Deposit,IBB,Savings,100652.24,Y
2448,Deposit,IBB,CD Long Term,37807.5,Y
2448,Deposit,NIDDA,Checking,60317.03,Y
2448,Deposit,IBB,Savings,14666.11,Y
2449,Deposit,IBB,CD Long Term,30120.46,Y
2449,Deposit,NIDDA,Checking,1906.61,Y
2449,Loan,N/A,Personal Loan,36891.48,Y
2450,Deposit,IBB,CD Short Term,21155.45,Y
2450,Deposit,NIDDA,Checking,1732.41,Y
2450,Deposit,IBB,Savings,2136.3,Y
2450,Loan,N/A,Personal Loan,37393.93,Y
2451,Deposit,IBB,CD Long Term,30287.43,Y
2451,Deposit,IBB,CD Short Term,4368.22,Y
2451,Deposit,IBB,Money Market,42408.07,Y
2451,Deposit,NIDDA,Checking,5505.27,Y
2451,Credit,N/A,Credit Card,1272.74,Y
2451,Loan,N/A,Home Loan,330612.55,Y
2451,Loan,N/A,Auto Loan,32963.66,Y
2452,Deposit,IBB,CD Long Term,7652.15,Y
2452,Deposit,IBB,CD Short Term,30754.94,Y
2452,Deposit,NIDDA,Checking,3966.91,Y
2452,Deposit,IBB,Savings,15563.98,Y
2452,Loan,N/A,Auto Loan,28764.9,Y
2453,Deposit,IBB,CD Short Term,7848.89,Y
2453,Deposit,NIDDA,Checking,2205.15,Y
2453,Credit,N/A,Credit Card,4350.16,Y
2454,Deposit,IBB,CD Long Term,73245.77,Y
2454,Deposit,NIDDA,Checking,6226.96,Y
2454,Deposit,IBB,CD Short Term,127550.74,Y
2454,Deposit,IBB,Money Market,57866.55,Y
2454,Deposit,IBB,Savings,25223.77,Y
2454,Credit,N/A,Credit Card,9417.63,Y
2455,Deposit,IBB,CD Short Term,5996.78,Y
2455,Deposit,NIDDA,Checking,1749.1,Y
2455,Deposit,IBB,Savings,21751.92,Y
2455,Credit,N/A,Credit Card,2674.64,Y
2455,Loan,N/A,Home Loan,751857.19,Y
2455,Loan,N/A,Auto Loan,16402.07,Y
2456,Deposit,IBB,CD Short Term,3045.92,Y
2456,Deposit,NIDDA,Checking,4654.3,Y
2456,Deposit,IBB,Savings,25439.9,Y
2456,Loan,N/A,Personal Loan,12854.59,Y
2457,Deposit,IBB,Money Market,8913.65,Y
2457,Deposit,NIDDA,Checking,11210.14,Y
2457,Deposit,IBB,Savings,4972.02,Y
2457,Loan,N/A,Auto Loan,36353.48,Y
2458,Deposit,NIDDA,Checking,4064.04,Y
2458,Deposit,IBB,Savings,37063.72,Y
2458,Loan,N/A,Home Loan,304211.85,Y
2458,Loan,N/A,Personal Loan,9958.04,Y
2459,Deposit,IBB,CD Short Term,105856.73,Y
2459,Deposit,NIDDA,Checking,1811.85,Y
2459,Credit,N/A,Credit Card,1815.53,Y
2460,Deposit,IBB,CD Short Term,3365.31,Y
2460,Deposit,IBB,Money Market,3081.94,Y
2460,Deposit,NIDDA,Checking,6564.6,Y
2460,Credit,N/A,Credit Card,17138.09,Y
2461,Deposit,IBB,CD Short Term,18472.68,Y
2461,Deposit,NIDDA,Checking,3289.0,Y
2462,Deposit,NIDDA,Checking,4828.11,Y
2462,Deposit,IBB,Savings,9094.69,Y
2462,Credit,N/A,Credit Card,1042.45,Y
2463,Deposit,IBB,CD Long Term,47212.79,Y
2463,Deposit,IBB,Money Market,5094.34,Y
2463,Deposit,NIDDA,Checking,7820.41,Y
2463,Deposit,IBB,Savings,9879.98,Y
2463,Credit,N/A,Credit Card,369.11,Y
2463,Loan,N/A,Home Loan,202938.26,Y
2464,Deposit,NIDDA,Checking,8681.23,Y
2464,Deposit,IBB,Savings,7043.17,Y
2464,Credit,N/A,Credit Card,542.59,Y
2464,Loan,N/A,Home Loan,332445.24,Y
2464,Loan,N/A,Personal Loan,24049.17,Y
2465,Deposit,IBB,CD Long Term,3252.65,Y
2465,Deposit,IBB,Money Market,2150.9,Y
2465,Deposit,NIDDA,Checking,13399.39,Y
2465,Credit,N/A,Credit Card,973.11,Y
2466,Deposit,NIDDA,Checking,7448.37,Y
2466,Deposit,IBB,Savings,35811.46,Y
2467,Deposit,IBB,CD Short Term,40525.6,Y
2467,Deposit,IBB,Money Market,5406.93,Y
2467,Deposit,NIDDA,Checking,9562.09,Y
2467,Deposit,IBB,Savings,10469.89,Y
2467,Loan,N/A,Home Loan,649373.28,Y
2467,Loan,N/A,Auto Loan,33520.97,Y
2468,Deposit,IBB,CD Short Term,12992.96,Y
2468,Deposit,NIDDA,Checking,9887.7,Y
2468,Deposit,IBB,Savings,4249.39,Y
2468,Credit,N/A,Credit Card,1977.11,Y
2468,Loan,N/A,Home Loan,637434.07,Y
2468,Loan,N/A,Personal Loan,28565.69,Y
2469,Deposit,IBB,CD Long Term,9443.28,Y
2469,Deposit,NIDDA,Checking,34293.52,Y
2469,Loan,N/A,Home Loan,327761.27,Y
2470,Deposit,NIDDA,Checking,3161.8,Y
2471,Deposit,IBB,Money Market,22744.68,Y
2471,Deposit,NIDDA,Checking,9788.31,Y
2471,Credit,N/A,Credit Card,4619.0,Y
2471,Loan,N/A,Home Loan,594468.04,Y
2472,Deposit,IBB,CD Long Term,9505.62,Y
2472,Deposit,NIDDA,Checking,4362.39,Y
2472,Credit,N/A,Credit Card,3025.87,Y
2473,Deposit,NIDDA,Checking,1871.8,Y
2473,Deposit,IBB,Savings,41956.86,Y
2473,Loan,N/A,Auto Loan,24793.07,Y
2473,Loan,N/A,Personal Loan,15814.41,Y
2474,Deposit,IBB,CD Long Term,21478.16,Y
2474,Deposit,IBB,Money Market,27952.79,Y
2474,Deposit,NIDDA,Checking,3594.22,Y
2474,Deposit,IBB,Savings,19161.94,Y
2474,Credit,N/A,Credit Card,338.99,Y
2474,Loan,N/A,Auto Loan,17477.1,Y
2475,Deposit,IBB,CD Short Term,25295.28,Y
2475,Deposit,NIDDA,Checking,4124.55,Y
2475,Deposit,IBB,Savings,16959.66,Y
2475,Credit,N/A,Credit Card,917.02,Y
2476,Deposit,IBB,CD Long Term,49202.11,Y
2476,Deposit,IBB,CD Short Term,7107.56,Y
2476,Deposit,NIDDA,Checking,8362.08,Y
2476,Deposit,IBB,Savings,2263.07,Y
2476,Credit,N/A,Credit Card,3147.75,Y
2476,Loan,N/A,Home Loan,990996.24,Y
2476,Loan,N/A,Auto Loan,82069.68,Y
2477,Deposit,NIDDA,Checking,3251.32,Y
2477,Deposit,IBB,Savings,15297.03,Y
2477,Loan,N/A,Home Loan,504541.11,Y
2477,Loan,N/A,Personal Loan,22774.68,Y
2478,Deposit,IBB,CD Short Term,5324.06,Y
2478,Deposit,IBB,Money Market,21413.4,Y
2478,Deposit,NIDDA,Checking,4651.44,Y
2478,Deposit,IBB,Savings,7000.26,Y
2478,Credit,N/A,Credit Card,807.55,Y
2479,Deposit,IBB,CD Short Term,4932.11,Y
2479,Deposit,IBB,Money Market,2271.44,Y
2479,Deposit,NIDDA,Checking,8334.78,Y
2479,Deposit,IBB,Savings,4381.49,Y
2479,Credit,N/A,Credit Card,935.76,Y
2479,Loan,N/A,Personal Loan,38526.89,Y
2480,Deposit,NIDDA,Checking,1748.08,Y
2480,Deposit,IBB,Savings,11902.28,Y
2481,Deposit,NIDDA,Checking,4911.66,Y
2481,Deposit,IBB,Savings,3806.5,Y
2481,Credit,N/A,Credit Card,2934.69,Y
2482,Deposit,NIDDA,Checking,1018.47,Y
2482,Deposit,IBB,Savings,8325.66,Y
2482,Loan,N/A,Auto Loan,38679.74,Y
2483,Deposit,IBB,CD Short Term,10592.82,Y
2483,Deposit,NIDDA,Checking,2800.94,Y
2483,Deposit,IBB,Savings,35526.58,Y
2484,Deposit,IBB,Money Market,5985.44,Y
2484,Deposit,NIDDA,Checking,1861.91,Y
2484,Credit,N/A,Credit Card,2467.37,Y
2485,Deposit,IBB,CD Short Term,4296.33,Y
2485,Deposit,IBB,Money Market,3842.23,Y
2485,Deposit,NIDDA,Checking,6947.76,Y
2485,Deposit,IBB,Savings,6900.87,Y
2486,Deposit,IBB,Money Market,21448.92,Y
2486,Deposit,NIDDA,Checking,6042.89,Y
2486,Deposit,IBB,Savings,5222.66,Y
2486,Loan,N/A,Personal Loan,15194.72,Y
2487,Deposit,IBB,CD Short Term,6212.14,Y
2487,Deposit,IBB,Money Market,3452.82,Y
2487,Deposit,NIDDA,Checking,4706.32,Y
2487,Deposit,IBB,Savings,3210.51,Y
2487,Credit,N/A,Credit Card,6216.5,Y
2488,Deposit,IBB,CD Short Term,26471.67,Y
2488,Deposit,IBB,Money Market,44997.65,Y
2488,Deposit,NIDDA,Checking,2413.58,Y
2488,Deposit,IBB,Savings,4616.52,Y
2488,Credit,N/A,Credit Card,1837.24,Y
2488,Loan,N/A,Auto Loan,12814.11,Y
2489,Deposit,IBB,CD Short Term,8588.58,Y
2489,Deposit,IBB,Money Market,5821.73,Y
2489,Deposit,NIDDA,Checking,18224.94,Y
2489,Deposit,IBB,Savings,4919.89,Y
2489,Loan,N/A,Home Loan,572968.99,Y
2490,Deposit,IBB,Money Market,16263.17,Y
2490,Deposit,NIDDA,Checking,2626.34,Y
2490,Deposit,IBB,Savings,6185.55,Y
2490,Credit,N/A,Credit Card,4482.65,Y
2490,Loan,N/A,Personal Loan,7280.63,Y
2491,Deposit,NIDDA,Checking,2065.56,Y
2492,Deposit,IBB,Money Market,10489.16,Y
2492,Deposit,NIDDA,Checking,8799.46,Y
2492,Deposit,IBB,Savings,4029.08,Y
2492,Credit,N/A,Credit Card,5092.36,Y
2492,Loan,N/A,Auto Loan,41668.28,Y
2493,Deposit,IBB,CD Long Term,14288.56,Y
2493,Deposit,IBB,Money Market,59850.95,Y
2493,Deposit,NIDDA,Checking,33986.31,Y
2493,Credit,N/A,Credit Card,701.47,Y
2493,Loan,N/A,Auto Loan,59129.19,Y
2494,Deposit,IBB,CD Long Term,14267.59,Y
2494,Deposit,NIDDA,Checking,2428.74,Y
2494,Deposit,IBB,Savings,970.02,Y
2494,Loan,N/A,Home Loan,283839.8,Y
2494,Loan,N/A,Personal Loan,18970.6,Y
2495,Deposit,IBB,CD Short Term,29856.72,Y
2495,Deposit,NIDDA,Checking,2949.08,Y
2495,Deposit,IBB,Savings,38522.52,Y
2495,Credit,N/A,Credit Card,2241.59,Y
2495,Loan,N/A,Home Loan,529225.82,Y
2495,Loan,N/A,Auto Loan,56277.27,Y
2495,Loan,N/A,Personal Loan,16978.84,Y
2496,Deposit,IBB,Money Market,1839.18,Y
2496,Deposit,NIDDA,Checking,20274.16,Y
2496,Deposit,IBB,Savings,2423.39,Y
2496,Credit,N/A,Credit Card,7345.82,Y
2496,Loan,N/A,Personal Loan,10583.66,Y
2497,Deposit,IBB,Money Market,11325.7,Y
2497,Deposit,NIDDA,Checking,2095.01,Y
2497,Deposit,IBB,Savings,14130.67,Y
2497,Credit,N/A,Credit Card,1150.71,Y
2497,Loan,N/A,Auto Loan,70608.51,Y
2498,Deposit,IBB,CD Long Term,57886.46,Y
2498,Deposit,IBB,Money Market,64418.14,Y
2498,Deposit,NIDDA,Checking,3275.64,Y
2498,Loan,N/A,Auto Loan,81741.95,Y
2499,Deposit,IBB,CD Short Term,21409.42,Y
2499,Deposit,IBB,Money Market,26822.98,Y
2499,Deposit,NIDDA,Checking,11393.01,Y
2499,Deposit,IBB,Savings,3945.6,Y
2499,Credit,N/A,Credit Card,4572.09,Y
2499,Loan,N/A,Auto Loan,32104.26,Y
2500,Deposit,IBB,CD Short Term,3881.16,Y
2500,Deposit,IBB,Money Market,24812.66,Y
2500,Deposit,NIDDA,Checking,879.22,Y
2500,Deposit,IBB,Savings,37184.72,Y
2500,Loan,N/A,Auto Loan,37891.02,Y
2501,Deposit,IBB,CD Short Term,14065.6,Y
2501,Deposit,IBB,Money Market,7973.32,Y
2501,Deposit,NIDDA,Checking,7570.2,Y
2501,Deposit,IBB,Savings,15507.0,Y
2502,Deposit,IBB,CD Long Term,13118.1,Y
2502,Deposit,NIDDA,Checking,1288.06,Y
2502,Deposit,IBB,CD Short Term,3212.08,Y
2502,Deposit,IBB,Money Market,19483.8,Y
2502,Deposit,IBB,Savings,8920.21,Y
2502,Credit,N/A,Credit Card,272.15,Y
2502,Loan,N/A,Home Loan,386777.82,Y
2502,Loan,N/A,Auto Loan,28096.65,Y
2503,Deposit,IBB,Money Market,13169.63,Y
2503,Deposit,NIDDA,Checking,14937.59,Y
2503,Deposit,IBB,Savings,5587.59,Y
2503,Credit,N/A,Credit Card,1484.02,Y
2504,Deposit,IBB,CD Short Term,23744.05,Y
2504,Deposit,IBB,Money Market,11483.3,Y
2504,Deposit,NIDDA,Checking,6378.75,Y
2504,Credit,N/A,Credit Card,779.22,Y
2505,Deposit,IBB,CD Long Term,43549.7,Y
2505,Deposit,NIDDA,Checking,2849.78,Y
2505,Deposit,IBB,Savings,6054.24,Y
2505,Loan,N/A,Home Loan,666694.26,Y
2506,Deposit,IBB,CD Short Term,10408.33,Y
2506,Deposit,IBB,Money Market,10776.31,Y
2506,Deposit,NIDDA,Checking,989.93,Y
2506,Deposit,IBB,Savings,10025.48,Y
2506,Credit,N/A,Credit Card,734.46,Y
2507,Deposit,IBB,CD Long Term,32512.16,Y
2507,Deposit,IBB,CD Short Term,43566.91,Y
2507,Deposit,NIDDA,Checking,2324.77,Y
2507,Deposit,IBB,Savings,6483.2,Y
2508,Deposit,NIDDA,Checking,1365.2,Y
2508,Deposit,IBB,Savings,8608.91,Y
2508,Credit,N/A,Credit Card,7052.66,Y
2508,Loan,N/A,Personal Loan,39323.08,Y
2509,Deposit,IBB,CD Short Term,2864.22,Y
2509,Deposit,NIDDA,Checking,9091.01,Y
2509,Deposit,IBB,Savings,11226.08,Y
2509,Credit,N/A,Credit Card,2341.06,Y
2510,Deposit,IBB,CD Long Term,72384.75,Y
2510,Deposit,NIDDA,Checking,11512.19,Y
2510,Deposit,IBB,Savings,2835.7,Y
2510,Loan,N/A,Auto Loan,49249.61,Y
2511,Deposit,NIDDA,Checking,29207.77,Y
2511,Deposit,IBB,Savings,28182.11,Y
2511,Credit,N/A,Credit Card,3619.23,Y
2512,Deposit,IBB,CD Short Term,79132.15,Y
2512,Deposit,IBB,Money Market,19124.92,Y
2512,Deposit,NIDDA,Checking,755.01,Y
2512,Deposit,IBB,Savings,3742.69,Y
2512,Credit,N/A,Credit Card,5788.43,Y
2512,Loan,N/A,Auto Loan,64050.85,Y
2512,Loan,N/A,Personal Loan,14312.75,Y
2513,Deposit,NIDDA,Checking,557.31,Y
2514,Deposit,NIDDA,Checking,6963.56,Y
2514,Deposit,IBB,Savings,50384.45,Y
2514,Loan,N/A,Auto Loan,13748.53,Y
2515,Deposit,NIDDA,Checking,5573.57,Y
2515,Credit,N/A,Credit Card,1541.49,Y
2515,Loan,N/A,Personal Loan,10061.75,Y
2516,Deposit,IBB,CD Short Term,36091.62,Y
2516,Deposit,NIDDA,Checking,3423.61,Y
2517,Deposit,IBB,CD Long Term,17064.48,Y
2517,Deposit,IBB,CD Short Term,57958.69,Y
2517,Deposit,NIDDA,Checking,1229.6,Y
2517,Deposit,IBB,Savings,3314.51,Y
2517,Loan,N/A,Auto Loan,24288.26,Y
2518,Deposit,IBB,CD Short Term,9318.45,Y
2518,Deposit,NIDDA,Checking,19754.52,Y
2518,Deposit,IBB,Savings,17531.75,Y
2518,Credit,N/A,Credit Card,1716.91,Y
2518,Loan,N/A,Auto Loan,46781.84,Y
2519,Deposit,NIDDA,Checking,34954.58,Y
2519,Deposit,IBB,Savings,6796.04,Y
2519,Credit,N/A,Credit Card,1876.42,Y
2519,Loan,N/A,Auto Loan,47557.23,Y
2520,Deposit,IBB,CD Long Term,17143.6,Y
2520,Deposit,IBB,CD Short Term,15789.16,Y
2520,Deposit,NIDDA,Checking,9176.85,Y
2520,Credit,N/A,Credit Card,5503.77,Y
2520,Loan,N/A,Auto Loan,41317.03,Y
2521,Deposit,IBB,CD Long Term,10207.33,Y
2521,Deposit,IBB,CD Short Term,14449.27,Y
2521,Deposit,IBB,Money Market,11492.03,Y
2521,Deposit,NIDDA,Checking,8788.69,Y
2521,Credit,N/A,Credit Card,2085.3,Y
2521,Loan,N/A,Home Loan,352929.34,Y
2521,Loan,N/A,Auto Loan,28774.09,Y
2522,Deposit,NIDDA,Checking,4803.19,Y
2522,Deposit,IBB,Savings,4794.17,Y
2523,Deposit,IBB,Money Market,13179.17,Y
2523,Deposit,NIDDA,Checking,4576.26,Y
2523,Credit,N/A,Credit Card,4905.39,Y
2523,Loan,N/A,Auto Loan,40201.23,Y
2524,Deposit,IBB,Money Market,3218.94,Y
2524,Deposit,NIDDA,Checking,11398.52,Y
2524,Deposit,IBB,Savings,2698.82,Y
2524,Credit,N/A,Credit Card,6563.07,Y
2524,Loan,N/A,Home Loan,332989.33,Y
2525,Deposit,IBB,CD Short Term,31539.39,Y
2525,Deposit,NIDDA,Checking,2467.28,Y
2525,Deposit,IBB,Savings,9279.52,Y
2525,Credit,N/A,Credit Card,11427.59,Y
2525,Loan,N/A,Home Loan,359241.77,Y
2525,Loan,N/A,Auto Loan,41439.17,Y
2526,Deposit,IBB,CD Short Term,1088.31,Y
2526,Deposit,NIDDA,Checking,1513.22,Y
2526,Deposit,IBB,Savings,7646.79,Y
2526,Credit,N/A,Credit Card,4602.25,Y
2526,Loan,N/A,Auto Loan,63759.49,Y
2527,Deposit,NIDDA,Checking,9565.24,Y
2527,Credit,N/A,Credit Card,13358.04,Y
2527,Loan,N/A,Home Loan,379051.8,Y
2528,Deposit,IBB,CD Short Term,3203.72,Y
2528,Deposit,IBB,Money Market,5225.86,Y
2528,Deposit,NIDDA,Checking,4102.01,Y
2528,Deposit,IBB,Savings,21008.25,Y
2529,Deposit,NIDDA,Checking,8676.35,Y
2529,Deposit,IBB,Savings,10249.35,Y
2530,Deposit,IBB,CD Long Term,29412.28,Y
2530,Deposit,NIDDA,Checking,7041.01,Y
2530,Deposit,IBB,Savings,6030.13,Y
2530,Credit,N/A,Credit Card,8200.54,Y
2530,Loan,N/A,Home Loan,452588.32,Y
2531,Deposit,IBB,CD Short Term,2399.96,Y
2531,Deposit,NIDDA,Checking,789.01,Y
2531,Credit,N/A,Credit Card,3518.07,Y
2532,Deposit,IBB,CD Long Term,5703.5,Y
2532,Deposit,IBB,Money Market,4591.75,Y
2532,Deposit,NIDDA,Checking,842.25,Y
2532,Credit,N/A,Credit Card,9955.07,Y
2532,Loan,N/A,Home Loan,1328338.63,Y
2532,Loan,N/A,Personal Loan,11843.08,Y
2533,Deposit,IBB,CD Short Term,20945.32,Y
2533,Deposit,NIDDA,Checking,1605.29,Y
2533,Credit,N/A,Credit Card,3974.43,Y
2533,Loan,N/A,Auto Loan,31136.48,Y
2533,Loan,N/A,Personal Loan,12965.04,Y
2534,Deposit,IBB,CD Long Term,12583.86,Y
2534,Deposit,NIDDA,Checking,1550.46,Y
2534,Deposit,IBB,Savings,7813.68,Y
2534,Credit,N/A,Credit Card,3109.41,Y
2534,Loan,N/A,Home Loan,670910.97,Y
2534,Loan,N/A,Auto Loan,17938.83,Y
2535,Deposit,IBB,Money Market,16061.62,Y
2535,Deposit,NIDDA,Checking,1361.84,Y
2535,Deposit,IBB,Savings,8713.16,Y
2535,Credit,N/A,Credit Card,2347.51,Y
2536,Deposit,NIDDA,Checking,41097.79,Y
2536,Deposit,IBB,Savings,25615.72,Y
2536,Loan,N/A,Personal Loan,29720.44,Y
2537,Deposit,IBB,Money Market,14446.71,Y
2537,Deposit,NIDDA,Checking,4387.83,Y
2537,Deposit,IBB,Savings,2982.46,Y
2537,Credit,N/A,Credit Card,3666.61,Y
2537,Loan,N/A,Personal Loan,15648.57,Y
2538,Deposit,IBB,Money Market,2353.97,Y
2538,Deposit,NIDDA,Checking,6796.65,Y
2538,Deposit,IBB,Savings,2946.14,Y
2538,Credit,N/A,Credit Card,328.72,Y
2538,Loan,N/A,Auto Loan,31354.46,Y
2539,Deposit,IBB,CD Short Term,7722.35,Y
2539,Deposit,IBB,Money Market,10916.87,Y
2539,Deposit,NIDDA,Checking,20612.76,Y
2539,Deposit,IBB,Savings,2474.43,Y
2539,Credit,N/A,Credit Card,5499.19,Y
2539,Loan,N/A,Auto Loan,50683.11,Y
2539,Loan,N/A,Personal Loan,4868.14,Y
2540,Deposit,IBB,CD Long Term,12756.12,Y
2540,Deposit,IBB,CD Short Term,34495.84,Y
2540,Deposit,NIDDA,Checking,3004.55,Y
2541,Deposit,IBB,CD Short Term,4748.19,Y
2541,Deposit,NIDDA,Checking,2822.27,Y
2541,Deposit,IBB,Savings,19108.07,Y
2541,Credit,N/A,Credit Card,2638.94,Y
2542,Deposit,NIDDA,Checking,7483.87,Y
2542,Deposit,IBB,Savings,1244.15,Y
2543,Deposit,IBB,Money Market,12600.21,Y
2543,Deposit,NIDDA,Checking,27284.26,Y
2543,Deposit,IBB,Savings,3919.52,Y
2544,Deposit,IBB,Money Market,2011.84,Y
2544,Deposit,NIDDA,Checking,10125.57,Y
2544,Deposit,IBB,Savings,11926.85,Y
2544,Credit,N/A,Credit Card,15096.75,Y
2544,Loan,N/A,Auto Loan,23908.19,Y
2545,Deposit,IBB,CD Short Term,9969.93,Y
2545,Deposit,NIDDA,Checking,24314.74,Y
2545,Deposit,IBB,Savings,3320.55,Y
2546,Deposit,IBB,Money Market,15951.98,Y
2546,Deposit,NIDDA,Checking,1117.56,Y
2546,Deposit,IBB,Savings,6779.61,Y
2547,Deposit,IBB,Money Market,7130.03,Y
2547,Deposit,NIDDA,Checking,12518.9,Y
2547,Deposit,IBB,Savings,46995.96,Y
2547,Loan,N/A,Auto Loan,28381.45,Y
2548,Deposit,IBB,CD Long Term,25035.23,Y
2548,Deposit,NIDDA,Checking,4286.66,Y
2548,Deposit,IBB,Savings,18214.39,Y
2548,Credit,N/A,Credit Card,3078.8,Y
2549,Deposit,IBB,CD Long Term,56893.63,Y
2549,Deposit,NIDDA,Checking,14365.24,Y
2549,Deposit,IBB,Savings,7874.69,Y
2549,Credit,N/A,Credit Card,1468.92,Y
2549,Loan,N/A,Personal Loan,13139.06,Y
2550,Deposit,IBB,CD Short Term,167309.31,Y
2550,Deposit,NIDDA,Checking,2505.19,Y
2550,Deposit,IBB,Savings,863.79,Y
2550,Loan,N/A,Personal Loan,33439.79,Y
2551,Deposit,IBB,CD Long Term,31163.51,Y
2551,Deposit,NIDDA,Checking,6122.48,Y
2551,Credit,N/A,Credit Card,3966.95,Y
2551,Loan,N/A,Auto Loan,33259.25,Y
2552,Deposit,IBB,Money Market,63621.25,Y
2552,Deposit,NIDDA,Checking,7392.54,Y
2552,Deposit,IBB,Savings,11922.17,Y
2552,Credit,N/A,Credit Card,1893.14,Y
2552,Loan,N/A,Auto Loan,46694.06,Y
2553,Deposit,NIDDA,Checking,9175.21,Y
2554,Deposit,IBB,CD Short Term,7295.59,Y
2554,Deposit,NIDDA,Checking,5905.84,Y
2554,Loan,N/A,Personal Loan,24309.89,Y
2555,Deposit,NIDDA,Checking,2598.05,Y
2555,Deposit,IBB,Savings,17187.16,Y
2555,Credit,N/A,Credit Card,2050.24,Y
2555,Loan,N/A,Personal Loan,14943.65,Y
2556,Deposit,IBB,CD Short Term,14587.24,Y
2556,Deposit,NIDDA,Checking,13047.54,Y
2557,Deposit,IBB,Money Market,17984.31,Y
2557,Deposit,NIDDA,Checking,2519.39,Y
2557,Deposit,IBB,Savings,2850.7,Y
2557,Credit,N/A,Credit Card,2337.97,Y
2557,Loan,N/A,Personal Loan,66042.11,Y
2558,Deposit,IBB,CD Short Term,26895.3,Y
2558,Deposit,IBB,Money Market,28187.77,Y
2558,Deposit,NIDDA,Checking,1833.34,Y
2558,Loan,N/A,Home Loan,523906.82,Y
2558,Loan,N/A,Auto Loan,41579.16,Y
2559,Deposit,IBB,CD Long Term,25764.14,Y
2559,Deposit,IBB,CD Short Term,7852.0,Y
2559,Deposit,NIDDA,Checking,9468.92,Y
2559,Deposit,IBB,Savings,16653.73,Y
2559,Credit,N/A,Credit Card,513.96,Y
2559,Loan,N/A,Auto Loan,62937.18,Y
2560,Deposit,NIDDA,Checking,812.18,Y
2560,Deposit,IBB,Savings,11554.63,Y
2560,Credit,N/A,Credit Card,2852.54,Y
2560,Loan,N/A,Home Loan,1163744.27,Y
2561,Deposit,IBB,CD Long Term,14409.39,Y
2561,Deposit,NIDDA,Checking,1050.95,Y
2561,Deposit,IBB,CD Short Term,3659.18,Y
2561,Deposit,IBB,Money Market,24988.01,Y
2561,Deposit,IBB,Savings,548.66,Y
2561,Credit,N/A,Credit Card,896.63,Y
2562,Deposit,IBB,CD Short Term,20875.82,Y
2562,Deposit,IBB,Money Market,15624.92,Y
2562,Deposit,NIDDA,Checking,2587.86,Y
2562,Deposit,IBB,Savings,4327.17,Y
2562,Loan,N/A,Home Loan,366059.45,Y
2562,Loan,N/A,Auto Loan,25603.35,Y
2563,Deposit,IBB,CD Long Term,40415.62,Y
2563,Deposit,NIDDA,Checking,122778.53,Y
2563,Deposit,IBB,Savings,20546.2,Y
2563,Credit,N/A,Credit Card,435.12,Y
2564,Deposit,IBB,CD Long Term,24109.14,Y
2564,Deposit,NIDDA,Checking,6083.35,Y
2564,Deposit,IBB,Savings,7216.86,Y
2564,Credit,N/A,Credit Card,5914.92,Y
2565,Deposit,NIDDA,Checking,4910.17,Y
2565,Deposit,IBB,Savings,19300.26,Y
2566,Deposit,IBB,CD Long Term,142307.54,Y
2566,Deposit,NIDDA,Checking,1471.38,Y
2566,Deposit,IBB,CD Short Term,23367.37,Y
2566,Deposit,IBB,Money Market,37876.9,Y
2566,Deposit,IBB,Savings,14613.88,Y
2566,Credit,N/A,Credit Card,2215.73,Y
2566,Loan,N/A,Auto Loan,55071.95,Y
2567,Deposit,IBB,CD Long Term,2252.39,Y
2567,Deposit,NIDDA,Checking,20144.13,Y
2567,Deposit,IBB,CD Short Term,3894.43,Y
2567,Deposit,IBB,Money Market,16305.74,Y
2567,Deposit,IBB,Savings,4126.98,Y
2567,Loan,N/A,Home Loan,252091.59,Y
2568,Deposit,IBB,CD Long Term,16688.3,Y
2568,Deposit,NIDDA,Checking,2437.71,Y
2568,Deposit,IBB,Savings,9825.66,Y
2569,Deposit,IBB,Money Market,99637.26,Y
2569,Deposit,NIDDA,Checking,11887.74,Y
2569,Deposit,IBB,Savings,10424.63,Y
2569,Credit,N/A,Credit Card,3803.28,Y
2570,Deposit,IBB,CD Long Term,63939.54,Y
2570,Deposit,IBB,CD Short Term,7734.51,Y
2570,Deposit,NIDDA,Checking,4386.05,Y
2570,Deposit,IBB,Savings,8454.62,Y
2571,Deposit,IBB,CD Long Term,13523.75,Y
2571,Deposit,NIDDA,Checking,4373.99,Y
2571,Deposit,IBB,Savings,11597.55,Y
2571,Loan,N/A,Home Loan,372399.92,Y
2571,Loan,N/A,Personal Loan,20939.45,Y
2572,Deposit,NIDDA,Checking,31666.61,Y
2572,Deposit,IBB,Savings,20928.26,Y
2572,Credit,N/A,Credit Card,359.31,Y
2573,Deposit,IBB,CD Short Term,30464.52,Y
2573,Deposit,IBB,Money Market,21450.99,Y
2573,Deposit,NIDDA,Checking,10652.9,Y
2573,Deposit,IBB,Savings,19044.02,Y
2573,Credit,N/A,Credit Card,1909.69,Y
2573,Loan,N/A,Auto Loan,17045.41,Y
2574,Deposit,NIDDA,Checking,24148.26,Y
2574,Deposit,IBB,Savings,5073.77,Y
2574,Credit,N/A,Credit Card,11568.73,Y
2575,Deposit,IBB,CD Long Term,134237.12,Y
2575,Deposit,NIDDA,Checking,10551.51,Y
2575,Deposit,IBB,Savings,3260.86,Y
2575,Credit,N/A,Credit Card,7471.0,Y
2576,Deposit,IBB,CD Short Term,41672.82,Y
2576,Deposit,IBB,Money Market,23659.1,Y
2576,Deposit,NIDDA,Checking,11994.16,Y
2576,Deposit,IBB,Savings,8208.32,Y
2576,Credit,N/A,Credit Card,9816.37,Y
2576,Loan,N/A,Home Loan,458237.86,Y
2577,Deposit,IBB,CD Long Term,3303.07,Y
2577,Deposit,IBB,CD Short Term,30182.32,Y
2577,Deposit,NIDDA,Checking,11796.4,Y
2577,Deposit,IBB,Savings,3291.09,Y
2577,Credit,N/A,Credit Card,1127.75,Y
2577,Loan,N/A,Home Loan,444136.01,Y
2578,Deposit,IBB,CD Short Term,10070.48,Y
2578,Deposit,IBB,Money Market,9763.92,Y
2578,Deposit,NIDDA,Checking,21878.99,Y
2578,Deposit,IBB,Savings,16556.01,Y
2579,Deposit,IBB,Money Market,16969.02,Y
2579,Deposit,NIDDA,Checking,4384.82,Y
2579,Deposit,IBB,Savings,5287.96,Y
2579,Credit,N/A,Credit Card,2277.11,Y
2579,Loan,N/A,Home Loan,1182415.97,Y
2580,Deposit,IBB,CD Short Term,2753.22,Y
2580,Deposit,IBB,Money Market,7319.37,Y
2580,Deposit,NIDDA,Checking,8231.4,Y
2580,Deposit,IBB,Savings,7834.86,Y
2580,Credit,N/A,Credit Card,3643.08,Y
2581,Deposit,IBB,CD Short Term,23179.98,Y
2581,Deposit,NIDDA,Checking,12278.99,Y
2581,Deposit,IBB,Savings,3844.88,Y
2582,Deposit,IBB,CD Short Term,41646.74,Y
2582,Deposit,NIDDA,Checking,1150.34,Y
2582,Deposit,IBB,Savings,3937.17,Y
2582,Loan,N/A,Personal Loan,12721.25,Y
2583,Deposit,IBB,Money Market,11294.65,Y
2583,Deposit,NIDDA,Checking,10264.47,Y
2583,Deposit,IBB,Savings,18093.85,Y
2583,Loan,N/A,Auto Loan,37549.99,Y
2584,Deposit,IBB,CD Short Term,22230.91,Y
2584,Deposit,IBB,Money Market,63546.85,Y
2584,Deposit,NIDDA,Checking,5099.66,Y
2584,Deposit,IBB,Savings,16980.88,Y
2584,Credit,N/A,Credit Card,8431.54,Y
2585,Deposit,IBB,CD Short Term,24163.92,Y
2585,Deposit,NIDDA,Checking,2051.74,Y
2585,Credit,N/A,Credit Card,1862.8,Y
2586,Deposit,NIDDA,Checking,1532.97,Y
2586,Deposit,IBB,Savings,9195.5,Y
2586,Loan,N/A,Home Loan,511235.62,Y
2587,Deposit,IBB,CD Short Term,10972.56,Y
2587,Deposit,NIDDA,Checking,4033.79,Y
2587,Deposit,IBB,Savings,28298.94,Y
2587,Loan,N/A,Auto Loan,23264.4,Y
2588,Deposit,IBB,Money Market,9033.33,Y
2588,Deposit,NIDDA,Checking,2543.77,Y
2588,Deposit,IBB,Savings,21420.79,Y
2588,Loan,N/A,Home Loan,253756.25,Y
2588,Loan,N/A,Auto Loan,52786.39,Y
2589,Deposit,IBB,CD Long Term,10104.71,Y
2589,Deposit,NIDDA,Checking,4800.31,Y
2589,Credit,N/A,Credit Card,3428.49,Y
2590,Deposit,IBB,Money Market,49352.55,Y
2590,Deposit,NIDDA,Checking,3679.77,Y
2591,Deposit,IBB,CD Long Term,16710.89,Y
2591,Deposit,NIDDA,Checking,3780.05,Y
2591,Deposit,IBB,Savings,8230.93,Y
2591,Credit,N/A,Credit Card,5988.11,Y
2592,Deposit,IBB,Money Market,1747.39,Y
2592,Deposit,NIDDA,Checking,825.66,Y
2592,Credit,N/A,Credit Card,7614.67,Y
2593,Deposit,NIDDA,Checking,3152.33,Y
2593,Deposit,IBB,Savings,3455.32,Y
2593,Credit,N/A,Credit Card,2084.61,Y
2593,Loan,N/A,Personal Loan,15667.7,Y
2594,Deposit,IBB,CD Short Term,30014.12,Y
2594,Deposit,NIDDA,Checking,1347.44,Y
2594,Credit,N/A,Credit Card,951.74,Y
2595,Deposit,NIDDA,Checking,9067.27,Y
2595,Loan,N/A,Personal Loan,7581.34,Y
2596,Deposit,IBB,Money Market,1763.56,Y
2596,Deposit,NIDDA,Checking,8142.35,Y
2596,Deposit,IBB,Savings,15388.99,Y
2597,Deposit,NIDDA,Checking,11162.79,Y
2597,Deposit,IBB,Savings,2949.0,Y
2598,Deposit,IBB,CD Short Term,19381.19,Y
2598,Deposit,IBB,Money Market,19102.28,Y
2598,Deposit,NIDDA,Checking,11056.84,Y
2598,Deposit,IBB,Savings,3027.22,Y
2598,Loan,N/A,Home Loan,234493.59,Y
2599,Deposit,IBB,Money Market,10632.18,Y
2599,Deposit,NIDDA,Checking,2250.42,Y
2599,Deposit,IBB,Savings,2864.15,Y
2599,Loan,N/A,Home Loan,594304.55,Y
2600,Deposit,IBB,CD Long Term,24899.43,Y
2600,Deposit,IBB,CD Short Term,15258.46,Y
2600,Deposit,NIDDA,Checking,7082.07,Y
2600,Credit,N/A,Credit Card,619.45,Y
2600,Loan,N/A,Personal Loan,6551.97,Y
2601,Deposit,IBB,CD Long Term,51851.93,Y
2601,Deposit,IBB,Money Market,50743.5,Y
2601,Deposit,NIDDA,Checking,2526.59,Y
2601,Loan,N/A,Home Loan,1043481.18,Y
2602,Deposit,IBB,CD Short Term,56759.06,Y
2602,Deposit,NIDDA,Checking,6208.05,Y
2602,Deposit,IBB,Savings,33933.53,Y
2602,Credit,N/A,Credit Card,2421.2,Y
2602,Loan,N/A,Home Loan,764702.59,Y
2603,Deposit,IBB,CD Short Term,12881.01,Y
2603,Deposit,IBB,Money Market,15444.09,Y
2603,Deposit,NIDDA,Checking,1182.72,Y
2603,Deposit,IBB,Savings,7317.93,Y
2604,Deposit,IBB,CD Short Term,8348.05,Y
2604,Deposit,IBB,Money Market,11550.93,Y
2604,Deposit,NIDDA,Checking,4302.01,Y
2604,Deposit,IBB,Savings,4742.48,Y
2605,Deposit,IBB,CD Long Term,93875.29,Y
2605,Deposit,IBB,Money Market,26512.24,Y
2605,Deposit,NIDDA,Checking,3198.23,Y
2605,Loan,N/A,Home Loan,358142.85,Y
2605,Loan,N/A,Auto Loan,60576.39,Y
2606,Deposit,IBB,CD Long Term,2423.13,Y
2606,Deposit,NIDDA,Checking,2203.28,Y
2606,Deposit,IBB,Savings,13016.29,Y
2606,Credit,N/A,Credit Card,5842.35,Y
2607,Deposit,IBB,Money Market,6191.79,Y
2607,Deposit,NIDDA,Checking,3432.03,Y
2607,Deposit,IBB,Savings,30820.54,Y
2607,Credit,N/A,Credit Card,1202.78,Y
2607,Loan,N/A,Auto Loan,14354.09,Y
2608,Deposit,NIDDA,Checking,2286.09,Y
2608,Deposit,IBB,Savings,18040.67,Y
2608,Credit,N/A,Credit Card,7599.45,Y
2608,Loan,N/A,Auto Loan,36705.73,Y
2609,Deposit,NIDDA,Checking,6721.29,Y
2609,Deposit,IBB,Savings,4093.55,Y
2609,Credit,N/A,Credit Card,6761.94,Y
2609,Loan,N/A,Auto Loan,7773.21,Y
2610,Deposit,NIDDA,Checking,41832.23,Y
2610,Deposit,IBB,Savings,1428.13,Y
2610,Credit,N/A,Credit Card,1988.29,Y
2610,Loan,N/A,Personal Loan,15121.39,Y
2611,Deposit,IBB,CD Short Term,3901.97,Y
2611,Deposit,NIDDA,Checking,2834.22,Y
2611,Deposit,IBB,Savings,2509.67,Y
2612,Deposit,NIDDA,Checking,11593.67,Y
2612,Deposit,IBB,Savings,4197.8,Y
2612,Credit,N/A,Credit Card,7467.12,Y
2613,Deposit,IBB,Money Market,14374.44,Y
2613,Deposit,NIDDA,Checking,4464.87,Y
2613,Deposit,IBB,Savings,13249.29,Y
2613,Credit,N/A,Credit Card,1015.57,Y
2613,Loan,N/A,Home Loan,271272.71,Y
2614,Deposit,IBB,CD Long Term,30473.8,Y
2614,Deposit,NIDDA,Checking,30681.7,Y
2614,Deposit,IBB,Savings,4029.69,Y
2614,Credit,N/A,Credit Card,3019.44,Y
2615,Deposit,IBB,CD Short Term,12027.68,Y
2615,Deposit,NIDDA,Checking,4147.89,Y
2615,Deposit,IBB,Savings,14661.41,Y
2615,Credit,N/A,Credit Card,4576.44,Y
2615,Loan,N/A,Home Loan,334365.77,Y
2615,Loan,N/A,Personal Loan,34660.78,Y
2616,Deposit,IBB,CD Long Term,48042.34,Y
2616,Deposit,IBB,CD Short Term,28169.39,Y
2616,Deposit,NIDDA,Checking,7321.14,Y
2616,Credit,N/A,Credit Card,2074.24,Y
2617,Deposit,NIDDA,Checking,3264.45,Y
2617,Credit,N/A,Credit Card,1184.85,Y
2618,Deposit,IBB,CD Short Term,9377.86,Y
2618,Deposit,IBB,Money Market,8409.4,Y
2618,Deposit,NIDDA,Checking,7797.03,Y
2618,Deposit,IBB,Savings,11944.61,Y
2618,Credit,N/A,Credit Card,2334.12,Y
2618,Loan,N/A,Home Loan,385346.57,Y
2618,Loan,N/A,Auto Loan,41945.48,Y
2619,Deposit,IBB,CD Short Term,36446.64,Y
2619,Deposit,NIDDA,Checking,1953.0,Y
2620,Deposit,IBB,CD Short Term,70709.49,Y
2620,Deposit,IBB,Money Market,21956.38,Y
2620,Deposit,NIDDA,Checking,5079.91,Y
2620,Deposit,IBB,Savings,4653.45,Y
2620,Credit,N/A,Credit Card,885.25,Y
2621,Deposit,IBB,CD Short Term,7622.75,Y
2621,Deposit,IBB,Money Market,11139.12,Y
2621,Deposit,NIDDA,Checking,3716.35,Y
2621,Deposit,IBB,Savings,9531.19,Y
2622,Deposit,IBB,CD Short Term,27961.76,Y
2622,Deposit,IBB,Money Market,10145.62,Y
2622,Deposit,NIDDA,Checking,3317.9,Y
2622,Deposit,IBB,Savings,20641.37,Y
2622,Credit,N/A,Credit Card,1789.57,Y
2622,Loan,N/A,Auto Loan,19046.23,Y
2623,Deposit,IBB,Money Market,14973.79,Y
2623,Deposit,NIDDA,Checking,4319.94,Y
2623,Loan,N/A,Home Loan,248570.41,Y
2623,Loan,N/A,Auto Loan,29911.18,Y
2624,Deposit,IBB,CD Short Term,38796.31,Y
2624,Deposit,IBB,Money Market,15957.24,Y
2624,Deposit,NIDDA,Checking,1177.37,Y
2624,Deposit,IBB,Savings,21259.9,Y
2624,Credit,N/A,Credit Card,1531.96,Y
2624,Loan,N/A,Auto Loan,38326.01,Y
2625,Deposit,IBB,CD Long Term,26469.03,Y
2625,Deposit,NIDDA,Checking,1634.15,Y
2625,Credit,N/A,Credit Card,2983.87,Y
2625,Loan,N/A,Home Loan,313721.26,Y
2626,Deposit,IBB,CD Long Term,2459.75,Y
2626,Deposit,IBB,Money Market,3564.06,Y
2626,Deposit,NIDDA,Checking,1903.44,Y
2626,Deposit,IBB,Savings,1398.61,Y
2627,Deposit,IBB,Money Market,54195.36,Y
2627,Deposit,NIDDA,Checking,4227.54,Y
2627,Credit,N/A,Credit Card,7084.69,Y
2627,Loan,N/A,Personal Loan,7189.26,Y
2628,Deposit,NIDDA,Checking,5110.23,Y
2628,Deposit,IBB,Savings,9266.34,Y
2628,Credit,N/A,Credit Card,554.39,Y
2628,Loan,N/A,Home Loan,449501.49,Y
2628,Loan,N/A,Auto Loan,25778.35,Y
2629,Deposit,IBB,CD Long Term,52501.34,Y
2629,Deposit,NIDDA,Checking,2131.62,Y
2629,Deposit,IBB,CD Short Term,27019.92,Y
2629,Deposit,IBB,Money Market,11542.14,Y
2629,Deposit,IBB,Savings,13686.66,Y
2629,Credit,N/A,Credit Card,3197.53,Y
2629,Loan,N/A,Home Loan,706332.94,Y
2630,Deposit,IBB,Money Market,2504.39,Y
2630,Deposit,NIDDA,Checking,3182.73,Y
2630,Loan,N/A,Home Loan,965694.27,Y
2631,Deposit,IBB,CD Short Term,8201.15,Y
2631,Deposit,NIDDA,Checking,16078.92,Y
2631,Deposit,IBB,Savings,22577.43,Y
2631,Loan,N/A,Personal Loan,6979.69,Y
2632,Deposit,IBB,CD Long Term,45609.35,Y
2632,Deposit,IBB,CD Short Term,32115.37,Y
2632,Deposit,IBB,Money Market,2471.27,Y
2632,Deposit,NIDDA,Checking,14114.88,Y
2632,Credit,N/A,Credit Card,5695.56,Y
2632,Loan,N/A,Home Loan,671398.47,Y
2632,Loan,N/A,Auto Loan,17826.52,Y
2633,Deposit,IBB,CD Short Term,38730.55,Y
2633,Deposit,NIDDA,Checking,4756.99,Y
2633,Deposit,IBB,Savings,3200.4,Y
2634,Deposit,IBB,CD Short Term,9188.21,Y
2634,Deposit,IBB,Money Market,17010.39,Y
2634,Deposit,NIDDA,Checking,1471.04,Y
2634,Deposit,IBB,Savings,6463.54,Y
2635,Deposit,NIDDA,Checking,3680.97,Y
2635,Deposit,IBB,Savings,3886.03,Y
2635,Loan,N/A,Home Loan,494897.7,Y
2636,Deposit,IBB,CD Short Term,57541.58,Y
2636,Deposit,IBB,Money Market,23328.6,Y
2636,Deposit,NIDDA,Checking,1788.62,Y
2636,Deposit,IBB,Savings,28791.19,Y
2636,Credit,N/A,Credit Card,2025.04,Y
2637,Deposit,IBB,CD Short Term,29182.8,Y
2637,Deposit,NIDDA,Checking,1022.24,Y
2637,Deposit,IBB,Savings,5309.06,Y
2637,Loan,N/A,Personal Loan,39214.4,Y
2638,Deposit,IBB,Money Market,2350.65,Y
2638,Deposit,NIDDA,Checking,1782.25,Y
2638,Deposit,IBB,Savings,3862.91,Y
2639,Deposit,IBB,Money Market,3204.7,Y
2639,Deposit,NIDDA,Checking,11330.16,Y
2639,Deposit,IBB,Savings,9434.9,Y
2639,Credit,N/A,Credit Card,1520.42,Y
2639,Loan,N/A,Auto Loan,13093.45,Y
2640,Deposit,IBB,CD Short Term,12954.27,Y
2640,Deposit,NIDDA,Checking,7036.64,Y
2640,Deposit,IBB,Savings,4905.4,Y
2640,Credit,N/A,Credit Card,848.79,Y
2640,Loan,N/A,Auto Loan,95307.19,Y
2640,Loan,N/A,Personal Loan,16470.58,Y
2641,Deposit,NIDDA,Checking,4817.21,Y
2641,Deposit,IBB,Savings,1064.56,Y
2641,Credit,N/A,Credit Card,1427.73,Y
2641,Loan,N/A,Home Loan,424219.31,Y
2642,Deposit,NIDDA,Checking,5164.24,Y
2642,Deposit,IBB,Savings,1041.17,Y
2642,Credit,N/A,Credit Card,3858.21,Y
2642,Loan,N/A,Home Loan,377015.12,Y
2643,Deposit,IBB,CD Long Term,49989.61,Y
2643,Deposit,IBB,Money Market,20934.4,Y
2643,Deposit,NIDDA,Checking,4272.98,Y
2643,Deposit,IBB,Savings,31357.87,Y
2643,Loan,N/A,Home Loan,364563.04,Y
2643,Loan,N/A,Personal Loan,32013.35,Y
2644,Deposit,IBB,CD Short Term,19731.76,Y
2644,Deposit,NIDDA,Checking,8464.53,Y
2644,Credit,N/A,Credit Card,4696.4,Y
2645,Deposit,NIDDA,Checking,29680.51,Y
2645,Loan,N/A,Auto Loan,49501.33,Y
2645,Loan,N/A,Personal Loan,37277.02,Y
2646,Deposit,IBB,CD Short Term,16469.09,Y
2646,Deposit,NIDDA,Checking,6878.83,Y
2646,Deposit,IBB,Savings,9845.26,Y
2646,Credit,N/A,Credit Card,622.24,Y
2646,Loan,N/A,Home Loan,390389.26,Y
2646,Loan,N/A,Auto Loan,34201.17,Y
2647,Deposit,IBB,CD Short Term,5054.17,Y
2647,Deposit,NIDDA,Checking,10625.83,Y
2647,Credit,N/A,Credit Card,4058.06,Y
2647,Loan,N/A,Personal Loan,7619.75,Y
2648,Deposit,IBB,CD Short Term,14050.0,Y
2648,Deposit,NIDDA,Checking,6098.43,Y
2648,Deposit,IBB,Savings,4061.65,Y
2649,Deposit,IBB,CD Short Term,58018.39,Y
2649,Deposit,IBB,Money Market,52960.77,Y
2649,Deposit,NIDDA,Checking,3024.38,Y
2649,Credit,N/A,Credit Card,1744.15,Y
2649,Loan,N/A,Personal Loan,11016.22,Y
2650,Deposit,IBB,Money Market,10789.65,Y
2650,Deposit,NIDDA,Checking,3342.78,Y
2650,Deposit,IBB,Savings,22234.66,Y
2650,Loan,N/A,Personal Loan,12635.54,Y
2651,Deposit,IBB,Money Market,1637.64,Y
2651,Deposit,NIDDA,Checking,14001.43,Y
2651,Deposit,IBB,Savings,5433.39,Y
2652,Deposit,IBB,Money Market,5469.95,Y
2652,Deposit,NIDDA,Checking,8381.36,Y
2652,Deposit,IBB,Savings,4634.76,Y
2652,Credit,N/A,Credit Card,3657.15,Y
2653,Deposit,IBB,CD Short Term,21007.91,Y
2653,Deposit,IBB,Money Market,113959.23,Y
2653,Deposit,NIDDA,Checking,2766.28,Y
2653,Credit,N/A,Credit Card,611.18,Y
2654,Deposit,IBB,Money Market,2280.76,Y
2654,Deposit,NIDDA,Checking,2663.87,Y
2654,Loan,N/A,Auto Loan,45494.88,Y
2654,Loan,N/A,Personal Loan,12489.41,Y
2655,Deposit,IBB,CD Short Term,14530.95,Y
2655,Deposit,IBB,Money Market,27648.61,Y
2655,Deposit,NIDDA,Checking,4439.79,Y
2655,Deposit,IBB,Savings,5250.33,Y
2655,Credit,N/A,Credit Card,783.44,Y
2656,Deposit,IBB,CD Long Term,8776.48,Y
2656,Deposit,IBB,Money Market,2601.01,Y
2656,Deposit,NIDDA,Checking,2295.8,Y
2656,Deposit,IBB,Savings,3185.52,Y
2656,Loan,N/A,Home Loan,317308.12,Y
2656,Loan,N/A,Auto Loan,31394.53,Y
2657,Deposit,NIDDA,Checking,3404.08,Y
2657,Deposit,IBB,Savings,3269.85,Y
2657,Credit,N/A,Credit Card,7498.13,Y
2658,Deposit,IBB,CD Long Term,9370.47,Y
2658,Deposit,NIDDA,Checking,8523.17,Y
2658,Deposit,IBB,Savings,5938.87,Y
2658,Credit,N/A,Credit Card,1074.98,Y
2658,Loan,N/A,Auto Loan,61966.32,Y
2659,Deposit,IBB,CD Long Term,51965.2,Y
2659,Deposit,NIDDA,Checking,16576.7,Y
2659,Deposit,IBB,Savings,7033.15,Y
2660,Deposit,IBB,CD Long Term,4569.79,Y
2660,Deposit,IBB,Money Market,40682.52,Y
2660,Deposit,NIDDA,Checking,1540.78,Y
2660,Deposit,IBB,Savings,5127.1,Y
2661,Deposit,IBB,Money Market,2671.18,Y
2661,Deposit,NIDDA,Checking,7941.95,Y
2661,Loan,N/A,Auto Loan,64445.51,Y
2662,Deposit,IBB,Money Market,11409.88,Y
2662,Deposit,NIDDA,Checking,5525.33,Y
2662,Deposit,IBB,Savings,15755.64,Y
2662,Credit,N/A,Credit Card,1852.8,Y
2662,Loan,N/A,Home Loan,424116.41,Y
2663,Deposit,IBB,Money Market,12671.29,Y
2663,Deposit,NIDDA,Checking,6134.68,Y
2663,Deposit,IBB,Savings,6498.39,Y
2663,Credit,N/A,Credit Card,1335.81,Y
2664,Deposit,IBB,CD Short Term,16131.85,Y
2664,Deposit,NIDDA,Checking,3111.37,Y
2664,Deposit,IBB,Savings,19520.79,Y
2664,Credit,N/A,Credit Card,7262.88,Y
2664,Loan,N/A,Home Loan,326870.31,Y
2664,Loan,N/A,Personal Loan,20711.24,Y
2665,Deposit,IBB,CD Short Term,71209.35,Y
2665,Deposit,IBB,Money Market,21456.56,Y
2665,Deposit,NIDDA,Checking,9391.94,Y
2665,Deposit,IBB,Savings,1671.92,Y
2665,Loan,N/A,Auto Loan,66581.51,Y
2666,Deposit,NIDDA,Checking,5276.57,Y
2666,Deposit,IBB,Savings,9036.12,Y
2666,Credit,N/A,Credit Card,2128.54,Y
2666,Loan,N/A,Auto Loan,38728.64,Y
2667,Deposit,IBB,Money Market,8983.71,Y
2667,Deposit,NIDDA,Checking,16914.2,Y
2668,Deposit,IBB,CD Short Term,66018.18,Y
2668,Deposit,IBB,Money Market,2023.13,Y
2668,Deposit,NIDDA,Checking,4358.78,Y
2668,Credit,N/A,Credit Card,8141.82,Y
2668,Loan,N/A,Personal Loan,4768.38,Y
2669,Deposit,NIDDA,Checking,4121.18,Y
2669,Credit,N/A,Credit Card,2012.19,Y
2669,Loan,N/A,Personal Loan,11386.58,Y
2670,Deposit,NIDDA,Checking,3438.7,Y
2670,Deposit,IBB,Savings,5750.81,Y
2670,Credit,N/A,Credit Card,26421.82,Y
2670,Loan,N/A,Personal Loan,7845.17,Y
2671,Deposit,IBB,CD Long Term,16013.23,Y
2671,Deposit,NIDDA,Checking,4205.61,Y
2671,Deposit,IBB,Savings,2368.9,Y
2672,Deposit,IBB,CD Short Term,11537.38,Y
2672,Deposit,NIDDA,Checking,3379.08,Y
2672,Credit,N/A,Credit Card,2462.72,Y
2673,Deposit,NIDDA,Checking,4419.04,Y
2673,Deposit,IBB,Savings,20478.86,Y
2673,Credit,N/A,Credit Card,3917.77,Y
2674,Deposit,NIDDA,Checking,4257.0,Y
2674,Loan,N/A,Auto Loan,46102.11,Y
2675,Deposit,IBB,CD Long Term,25399.12,Y
2675,Deposit,IBB,CD Short Term,25126.46,Y
2675,Deposit,NIDDA,Checking,13705.58,Y
2675,Deposit,IBB,Savings,1912.23,Y
2675,Loan,N/A,Personal Loan,13009.96,Y
2676,Deposit,IBB,CD Long Term,19766.94,Y
2676,Deposit,NIDDA,Checking,4761.82,Y
2676,Deposit,IBB,CD Short Term,2744.02,Y
2676,Deposit,IBB,Money Market,16254.86,Y
2676,Deposit,IBB,Savings,11270.05,Y
2676,Credit,N/A,Credit Card,3037.32,Y
2676,Loan,N/A,Personal Loan,19534.7,Y
2677,Deposit,IBB,CD Short Term,94358.36,Y
2677,Deposit,IBB,Money Market,90845.38,Y
2677,Deposit,NIDDA,Checking,29630.84,Y
2677,Deposit,IBB,Savings,30553.89,Y
2677,Credit,N/A,Credit Card,4629.22,Y
2677,Loan,N/A,Auto Loan,36805.12,Y
2677,Loan,N/A,Personal Loan,27904.54,Y
2678,Deposit,NIDDA,Checking,6156.81,Y
2678,Deposit,IBB,Savings,5787.75,Y
2678,Credit,N/A,Credit Card,13387.37,Y
2678,Loan,N/A,Personal Loan,53562.38,Y
2679,Deposit,NIDDA,Checking,17895.65,Y
2679,Deposit,IBB,Savings,18459.11,Y
2679,Loan,N/A,Home Loan,294736.69,Y
2680,Deposit,NIDDA,Checking,1918.56,Y
2680,Loan,N/A,Home Loan,390073.22,Y
2681,Deposit,IBB,Money Market,7461.9,Y
2681,Deposit,NIDDA,Checking,3524.53,Y
2681,Deposit,IBB,Savings,9525.23,Y
2681,Credit,N/A,Credit Card,1102.69,Y
2681,Loan,N/A,Auto Loan,23523.8,Y
2682,Deposit,IBB,CD Long Term,66828.17,Y
2682,Deposit,IBB,Money Market,11905.93,Y
2682,Deposit,NIDDA,Checking,6609.91,Y
2682,Deposit,IBB,Savings,6955.62,Y
2682,Credit,N/A,Credit Card,1026.06,Y
2682,Loan,N/A,Home Loan,322585.73,Y
2683,Deposit,NIDDA,Checking,11208.34,Y
2683,Deposit,IBB,Savings,31319.62,Y
2684,Deposit,IBB,CD Long Term,131500.29,Y
2684,Deposit,IBB,CD Short Term,23841.45,Y
2684,Deposit,NIDDA,Checking,2021.69,Y
2684,Deposit,IBB,Savings,14997.36,Y
2685,Deposit,IBB,CD Short Term,73927.69,Y
2685,Deposit,NIDDA,Checking,5119.84,Y
2685,Deposit,IBB,Savings,1813.33,Y
2685,Loan,N/A,Personal Loan,16659.85,Y
2686,Deposit,IBB,CD Long Term,33876.36,Y
2686,Deposit,NIDDA,Checking,2199.92,Y
2686,Deposit,IBB,Savings,805.21,Y
2686,Credit,N/A,Credit Card,2229.58,Y
2686,Loan,N/A,Home Loan,532187.14,Y
2686,Loan,N/A,Auto Loan,15703.26,Y
2687,Deposit,IBB,CD Long Term,5941.9,Y
2687,Deposit,IBB,CD Short Term,37558.44,Y
2687,Deposit,NIDDA,Checking,5089.61,Y
2687,Deposit,IBB,Savings,9031.27,Y
2688,Deposit,IBB,CD Long Term,4917.04,Y
2688,Deposit,IBB,Money Market,2112.21,Y
2688,Deposit,NIDDA,Checking,1269.7,Y
2688,Credit,N/A,Credit Card,2820.02,Y
2689,Deposit,IBB,CD Long Term,18419.45,Y
2689,Deposit,NIDDA,Checking,9009.31,Y
2689,Deposit,IBB,Savings,15787.51,Y
2689,Credit,N/A,Credit Card,6567.01,Y
2690,Deposit,NIDDA,Checking,7611.72,Y
2691,Deposit,IBB,CD Short Term,2778.14,Y
2691,Deposit,IBB,Money Market,12738.59,Y
2691,Deposit,NIDDA,Checking,17136.88,Y
2691,Credit,N/A,Credit Card,990.29,Y
2691,Loan,N/A,Home Loan,661826.27,Y
2692,Deposit,IBB,Money Market,17763.79,Y
2692,Deposit,NIDDA,Checking,7705.98,Y
2692,Credit,N/A,Credit Card,573.81,Y
2693,Deposit,NIDDA,Checking,1264.99,Y
2693,Deposit,IBB,Savings,12192.6,Y
2694,Deposit,NIDDA,Checking,3059.98,Y
2694,Deposit,IBB,Savings,7154.89,Y
2694,Loan,N/A,Auto Loan,69790.32,Y
2695,Deposit,IBB,CD Long Term,7906.67,Y
2695,Deposit,NIDDA,Checking,3499.55,Y
2695,Deposit,IBB,CD Short Term,33360.36,Y
2695,Deposit,IBB,Money Market,8495.69,Y
2695,Deposit,IBB,Savings,991.01,Y
2695,Credit,N/A,Credit Card,709.65,Y
2695,Loan,N/A,Auto Loan,36340.62,Y
2696,Deposit,IBB,CD Long Term,11094.27,Y
2696,Deposit,NIDDA,Checking,927.59,Y
2696,Deposit,IBB,Savings,14433.04,Y
2696,Credit,N/A,Credit Card,2653.2,Y
2696,Loan,N/A,Auto Loan,17260.88,Y
2697,Deposit,IBB,CD Long Term,18256.38,Y
2697,Deposit,IBB,Money Market,9209.18,Y
2697,Deposit,NIDDA,Checking,7409.07,Y
2697,Credit,N/A,Credit Card,2872.23,Y
2698,Deposit,IBB,CD Short Term,8131.46,Y
2698,Deposit,NIDDA,Checking,17452.46,Y
2698,Deposit,IBB,Savings,21804.61,Y
2699,Deposit,IBB,Money Market,4473.38,Y
2699,Deposit,NIDDA,Checking,9640.34,Y
2699,Deposit,IBB,Savings,32663.58,Y
2699,Credit,N/A,Credit Card,1909.43,Y
2700,Deposit,NIDDA,Checking,1036.31,Y
2700,Deposit,IBB,Savings,3642.07,Y
2700,Credit,N/A,Credit Card,5193.02,Y
2700,Loan,N/A,Auto Loan,24406.15,Y
2701,Deposit,NIDDA,Checking,16230.93,Y
2701,Deposit,IBB,Savings,12631.04,Y
2701,Loan,N/A,Auto Loan,21519.76,Y
2702,Deposit,IBB,Money Market,8015.89,Y
2702,Deposit,NIDDA,Checking,3139.19,Y
2702,Deposit,IBB,Savings,69931.95,Y
2702,Credit,N/A,Credit Card,5404.92,Y
2703,Deposit,IBB,CD Short Term,4033.14,Y
2703,Deposit,IBB,Money Market,9625.57,Y
2703,Deposit,NIDDA,Checking,8124.56,Y
2703,Deposit,IBB,Savings,8372.94,Y
2703,Credit,N/A,Credit Card,3780.32,Y
2704,Deposit,IBB,CD Short Term,5395.6,Y
2704,Deposit,IBB,Money Market,27478.69,Y
2704,Deposit,NIDDA,Checking,2264.5,Y
2704,Deposit,IBB,Savings,2065.92,Y
2704,Credit,N/A,Credit Card,1980.54,Y
2705,Deposit,IBB,Money Market,2679.08,Y
2705,Deposit,NIDDA,Checking,5227.75,Y
2705,Deposit,IBB,Savings,7482.07,Y
2705,Loan,N/A,Personal Loan,55604.72,Y
2706,Deposit,IBB,CD Long Term,17498.67,Y
2706,Deposit,NIDDA,Checking,8077.56,Y
2706,Loan,N/A,Personal Loan,30189.34,Y
2707,Deposit,IBB,CD Long Term,3624.98,Y
2707,Deposit,IBB,Money Market,29971.86,Y
2707,Deposit,NIDDA,Checking,11004.29,Y
2707,Deposit,IBB,Savings,139457.2,Y
2707,Credit,N/A,Credit Card,1761.63,Y
2707,Loan,N/A,Home Loan,560433.57,Y
2708,Deposit,IBB,CD Short Term,13046.4,Y
2708,Deposit,NIDDA,Checking,29057.78,Y
2708,Deposit,IBB,Savings,11501.22,Y
2708,Credit,N/A,Credit Card,5600.57,Y
2708,Loan,N/A,Auto Loan,90696.23,Y
2708,Loan,N/A,Personal Loan,29568.66,Y
2709,Deposit,IBB,CD Short Term,10125.41,Y
2709,Deposit,NIDDA,Checking,10040.61,Y
2709,Deposit,IBB,Savings,82554.3,Y
2710,Deposit,IBB,Money Market,7287.06,Y
2710,Deposit,NIDDA,Checking,17512.71,Y
2710,Deposit,IBB,Savings,11008.37,Y
2710,Loan,N/A,Home Loan,257992.21,Y
2711,Deposit,NIDDA,Checking,3137.62,Y
2711,Deposit,IBB,Savings,8464.5,Y
2711,Credit,N/A,Credit Card,4132.97,Y
2711,Loan,N/A,Home Loan,719675.35,Y
2711,Loan,N/A,Personal Loan,38995.26,Y
2712,Deposit,NIDDA,Checking,18799.77,Y
2712,Deposit,IBB,Savings,1689.74,Y
2712,Credit,N/A,Credit Card,394.53,Y
2712,Loan,N/A,Home Loan,384463.63,Y
2712,Loan,N/A,Auto Loan,16568.93,Y
2712,Loan,N/A,Personal Loan,14255.81,Y
2713,Deposit,IBB,CD Short Term,2540.05,Y
2713,Deposit,NIDDA,Checking,4474.28,Y
2713,Deposit,IBB,Savings,3791.8,Y
2714,Deposit,IBB,Money Market,5563.82,Y
2714,Deposit,NIDDA,Checking,8210.54,Y
2714,Deposit,IBB,Savings,10029.53,Y
2714,Loan,N/A,Personal Loan,30697.78,Y
2715,Deposit,IBB,CD Long Term,136711.66,Y
2715,Deposit,NIDDA,Checking,1293.89,Y
2715,Deposit,IBB,Savings,29448.42,Y
2716,Deposit,NIDDA,Checking,1060.51,Y
2716,Deposit,IBB,Savings,11014.89,Y
2716,Credit,N/A,Credit Card,747.62,Y
2716,Loan,N/A,Auto Loan,27097.79,Y
2717,Deposit,NIDDA,Checking,5105.39,Y
2718,Deposit,IBB,CD Short Term,22532.39,Y
2718,Deposit,NIDDA,Checking,6044.06,Y
2718,Credit,N/A,Credit Card,1156.14,Y
2718,Loan,N/A,Auto Loan,50592.36,Y
2719,Deposit,IBB,Money Market,2607.41,Y
2719,Deposit,NIDDA,Checking,8871.3,Y
2719,Loan,N/A,Home Loan,571072.7,Y
2720,Deposit,IBB,CD Long Term,50759.81,Y
2720,Deposit,NIDDA,Checking,3427.94,Y
2720,Loan,N/A,Home Loan,785368.55,Y
2720,Loan,N/A,Personal Loan,10154.77,Y
2721,Deposit,IBB,CD Long Term,104676.05,Y
2721,Deposit,IBB,Money Market,6574.46,Y
2721,Deposit,NIDDA,Checking,8081.88,Y
2721,Deposit,IBB,Savings,119029.35,Y
2722,Deposit,NIDDA,Checking,26883.39,Y
2722,Deposit,IBB,Savings,2622.95,Y
2722,Credit,N/A,Credit Card,348.9,Y
2722,Loan,N/A,Auto Loan,59610.47,Y
2723,Deposit,IBB,Money Market,14357.69,Y
2723,Deposit,NIDDA,Checking,8607.24,Y
2723,Deposit,IBB,Savings,2962.52,Y
2724,Deposit,IBB,Money Market,32613.76,Y
2724,Deposit,NIDDA,Checking,2291.43,Y
2724,Loan,N/A,Home Loan,661928.29,Y
2725,Deposit,IBB,CD Short Term,2491.1,Y
2725,Deposit,IBB,Money Market,15619.04,Y
2725,Deposit,NIDDA,Checking,11964.91,Y
2725,Deposit,IBB,Savings,5187.15,Y
2725,Credit,N/A,Credit Card,4350.56,Y
2725,Loan,N/A,Home Loan,653167.71,Y
2726,Deposit,NIDDA,Checking,4120.17,Y
2726,Deposit,IBB,Savings,12004.44,Y
2727,Deposit,IBB,CD Long Term,12285.04,Y
2727,Deposit,NIDDA,Checking,4859.09,Y
2727,Deposit,IBB,CD Short Term,4466.51,Y
2727,Deposit,IBB,Money Market,24440.04,Y
2727,Deposit,IBB,Savings,24511.34,Y
2727,Credit,N/A,Credit Card,2553.83,Y
2728,Deposit,IBB,Money Market,22536.21,Y
2728,Deposit,NIDDA,Checking,3078.14,Y
2729,Deposit,NIDDA,Checking,14871.87,Y
2729,Deposit,IBB,Savings,4308.15,Y
2729,Loan,N/A,Home Loan,451803.98,Y
2730,Deposit,IBB,CD Short Term,51723.98,Y
2730,Deposit,NIDDA,Checking,2371.92,Y
2730,Deposit,IBB,Savings,7096.0,Y
2730,Credit,N/A,Credit Card,2798.82,Y
2730,Loan,N/A,Auto Loan,70237.84,Y
2731,Deposit,IBB,CD Short Term,47459.34,Y
2731,Deposit,NIDDA,Checking,2585.49,Y
2731,Deposit,IBB,Savings,9713.41,Y
2731,Loan,N/A,Personal Loan,19945.11,Y
2732,Deposit,NIDDA,Checking,6828.14,Y
2732,Deposit,IBB,Savings,11882.3,Y
2732,Loan,N/A,Home Loan,780288.81,Y
2733,Deposit,IBB,CD Long Term,6782.68,Y
2733,Deposit,IBB,Money Market,231567.46,Y
2733,Deposit,NIDDA,Checking,3523.66,Y
2733,Credit,N/A,Credit Card,3470.18,Y
2733,Loan,N/A,Personal Loan,15032.21,Y
2734,Deposit,NIDDA,Checking,3198.41,Y
2734,Credit,N/A,Credit Card,4500.66,Y
2734,Loan,N/A,Home Loan,232335.98,Y
2735,Deposit,IBB,CD Long Term,20053.39,Y
2735,Deposit,IBB,CD Short Term,14613.14,Y
2735,Deposit,NIDDA,Checking,18293.65,Y
2735,Deposit,IBB,Savings,12525.21,Y
2735,Credit,N/A,Credit Card,5875.57,Y
2735,Loan,N/A,Home Loan,169876.68,Y
2736,Deposit,NIDDA,Checking,5116.2,Y
2736,Credit,N/A,Credit Card,537.85,Y
2737,Deposit,IBB,CD Long Term,42578.73,Y
2737,Deposit,NIDDA,Checking,6555.28,Y
2738,Deposit,IBB,Money Market,32122.49,Y
2738,Deposit,NIDDA,Checking,3362.95,Y
2738,Deposit,IBB,Savings,26896.23,Y
2738,Loan,N/A,Auto Loan,165009.29,Y
2738,Loan,N/A,Personal Loan,12357.85,Y
2739,Deposit,IBB,Money Market,162534.0,Y
2739,Deposit,NIDDA,Checking,1025.85,Y
2739,Deposit,IBB,Savings,2468.08,Y
2739,Credit,N/A,Credit Card,2181.91,Y
2740,Deposit,IBB,CD Short Term,11949.17,Y
2740,Deposit,NIDDA,Checking,2553.0,Y
2740,Deposit,IBB,Savings,4069.43,Y
2741,Deposit,IBB,Money Market,10328.02,Y
2741,Deposit,NIDDA,Checking,6726.86,Y
2741,Credit,N/A,Credit Card,1250.72,Y
2742,Deposit,IBB,CD Long Term,8963.83,Y
2742,Deposit,IBB,Money Market,26147.67,Y
2742,Deposit,NIDDA,Checking,4716.54,Y
2742,Deposit,IBB,Savings,23334.3,Y
2742,Credit,N/A,Credit Card,860.61,Y
2743,Deposit,IBB,CD Short Term,11137.76,Y
2743,Deposit,IBB,Money Market,1818.47,Y
2743,Deposit,NIDDA,Checking,6298.73,Y
2743,Deposit,IBB,Savings,2387.23,Y
2743,Credit,N/A,Credit Card,2296.8,Y
2743,Loan,N/A,Auto Loan,20797.24,Y
2744,Deposit,IBB,CD Long Term,155316.26,Y
2744,Deposit,IBB,CD Short Term,47282.03,Y
2744,Deposit,NIDDA,Checking,7910.6,Y
2744,Deposit,IBB,Savings,6349.18,Y
2744,Credit,N/A,Credit Card,1159.26,Y
2744,Loan,N/A,Home Loan,325179.55,Y
2744,Loan,N/A,Personal Loan,11767.96,Y
2745,Deposit,IBB,CD Short Term,13384.61,Y
2745,Deposit,IBB,Money Market,17650.78,Y
2745,Deposit,NIDDA,Checking,1642.38,Y
2745,Deposit,IBB,Savings,25386.71,Y
2745,Credit,N/A,Credit Card,3672.52,Y
2745,Loan,N/A,Auto Loan,17933.66,Y
2745,Loan,N/A,Personal Loan,14930.55,Y
2746,Deposit,IBB,Money Market,54385.82,Y
2746,Deposit,NIDDA,Checking,3362.16,Y
2746,Deposit,IBB,Savings,4047.57,Y
2746,Credit,N/A,Credit Card,1210.34,Y
2747,Deposit,IBB,CD Short Term,15294.14,Y
2747,Deposit,NIDDA,Checking,8840.94,Y
2747,Deposit,IBB,Savings,31890.58,Y
2747,Credit,N/A,Credit Card,580.24,Y
2748,Deposit,NIDDA,Checking,3946.37,Y
2748,Deposit,IBB,Savings,10800.79,Y
2748,Credit,N/A,Credit Card,1270.16,Y
2748,Loan,N/A,Home Loan,402316.49,Y
2748,Loan,N/A,Auto Loan,22329.53,Y
2748,Loan,N/A,Personal Loan,74216.97,Y
2749,Deposit,IBB,Money Market,18488.95,Y
2749,Deposit,NIDDA,Checking,4975.09,Y
2749,Deposit,IBB,Savings,6089.51,Y
2749,Credit,N/A,Credit Card,4460.98,Y
2750,Deposit,IBB,CD Short Term,17858.3,Y
2750,Deposit,NIDDA,Checking,10641.29,Y
2750,Deposit,IBB,Savings,12056.23,Y
2750,Loan,N/A,Home Loan,380982.55,Y
2750,Loan,N/A,Auto Loan,37953.05,Y
2751,Deposit,IBB,CD Short Term,15921.54,Y
2751,Deposit,NIDDA,Checking,3516.39,Y
2751,Credit,N/A,Credit Card,4844.79,Y
2751,Loan,N/A,Auto Loan,40684.23,Y
2752,Deposit,IBB,Money Market,7659.89,Y
2752,Deposit,NIDDA,Checking,3338.57,Y
2752,Credit,N/A,Credit Card,4103.08,Y
2752,Loan,N/A,Home Loan,962431.26,Y
2753,Deposit,IBB,Money Market,13785.0,Y
2753,Deposit,NIDDA,Checking,5326.13,Y
2753,Loan,N/A,Personal Loan,14742.99,Y
2754,Deposit,IBB,CD Short Term,11970.92,Y
2754,Deposit,IBB,Money Market,2722.41,Y
2754,Deposit,NIDDA,Checking,7045.11,Y
2754,Credit,N/A,Credit Card,963.71,Y
2755,Deposit,IBB,CD Long Term,29061.54,Y
2755,Deposit,NIDDA,Checking,8673.01,Y
2755,Deposit,IBB,CD Short Term,3837.91,Y
2755,Deposit,IBB,Money Market,4624.7,Y
2755,Deposit,IBB,Savings,4677.36,Y
2756,Deposit,IBB,CD Long Term,6212.68,Y
2756,Deposit,IBB,Money Market,8348.82,Y
2756,Deposit,NIDDA,Checking,10672.46,Y
2756,Deposit,IBB,Savings,9237.1,Y
2756,Credit,N/A,Credit Card,2409.55,Y
2756,Loan,N/A,Auto Loan,29896.92,Y
2757,Deposit,IBB,Money Market,2053.34,Y
2757,Deposit,NIDDA,Checking,6575.58,Y
2757,Deposit,IBB,Savings,710.09,Y
2757,Credit,N/A,Credit Card,4950.33,Y
2757,Loan,N/A,Home Loan,912857.2,Y
2758,Deposit,IBB,CD Short Term,17133.13,Y
2758,Deposit,IBB,Money Market,13755.7,Y
2758,Deposit,NIDDA,Checking,41086.09,Y
2758,Deposit,IBB,Savings,20801.48,Y
2758,Credit,N/A,Credit Card,1581.27,Y
2758,Loan,N/A,Auto Loan,8238.04,Y
2759,Deposit,IBB,Money Market,5979.88,Y
2759,Deposit,NIDDA,Checking,11203.57,Y
2759,Deposit,IBB,Savings,1922.8,Y
2759,Credit,N/A,Credit Card,1115.41,Y
2760,Deposit,IBB,CD Short Term,15791.55,Y
2760,Deposit,IBB,Money Market,40000.73,Y
2760,Deposit,NIDDA,Checking,7719.44,Y
2760,Deposit,IBB,Savings,1095.24,Y
2761,Deposit,NIDDA,Checking,494.59,Y
2761,Deposit,IBB,Savings,21929.4,Y
2761,Credit,N/A,Credit Card,2280.66,Y
2761,Loan,N/A,Home Loan,173178.06,Y
2762,Deposit,IBB,CD Long Term,17117.35,Y
2762,Deposit,IBB,CD Short Term,64679.46,Y
2762,Deposit,IBB,Money Market,15200.72,Y
2762,Deposit,NIDDA,Checking,6153.43,Y
2762,Credit,N/A,Credit Card,4653.94,Y
2763,Deposit,NIDDA,Checking,9271.63,Y
2763,Deposit,IBB,Savings,11530.25,Y
2763,Loan,N/A,Home Loan,376391.16,Y
2764,Deposit,IBB,CD Short Term,19309.55,Y
2764,Deposit,NIDDA,Checking,10523.84,Y
2764,Deposit,IBB,Savings,5880.53,Y
2764,Credit,N/A,Credit Card,553.76,Y
2764,Loan,N/A,Home Loan,584923.44,Y
2764,Loan,N/A,Auto Loan,121919.31,Y
2765,Deposit,IBB,CD Long Term,10016.05,Y
2765,Deposit,IBB,CD Short Term,11651.77,Y
2765,Deposit,NIDDA,Checking,9955.11,Y
2765,Loan,N/A,Home Loan,337361.56,Y
2765,Loan,N/A,Auto Loan,17989.64,Y
2765,Loan,N/A,Personal Loan,9607.98,Y
2766,Deposit,IBB,CD Long Term,20003.19,Y
2766,Deposit,IBB,Money Market,4141.7,Y
2766,Deposit,NIDDA,Checking,3120.0,Y
2766,Deposit,IBB,Savings,370.93,Y
2766,Loan,N/A,Personal Loan,13979.75,Y
2767,Deposit,IBB,CD Long Term,5371.32,Y
2767,Deposit,NIDDA,Checking,5601.21,Y
2767,Deposit,IBB,CD Short Term,20904.64,Y
2767,Deposit,IBB,Money Market,18615.44,Y
2767,Deposit,IBB,Savings,6734.18,Y
2767,Credit,N/A,Credit Card,3714.13,Y
2767,Loan,N/A,Home Loan,723410.32,Y
2768,Deposit,NIDDA,Checking,6186.67,Y
2768,Deposit,IBB,Savings,4107.06,Y
2768,Credit,N/A,Credit Card,3797.13,Y
2768,Loan,N/A,Auto Loan,25518.14,Y
2769,Deposit,IBB,CD Short Term,31006.25,Y
2769,Deposit,NIDDA,Checking,9415.88,Y
2769,Deposit,IBB,Savings,12424.88,Y
2769,Credit,N/A,Credit Card,13711.53,Y
2769,Loan,N/A,Home Loan,195273.19,Y
2770,Deposit,IBB,Money Market,8986.78,Y
2770,Deposit,NIDDA,Checking,3915.93,Y
2770,Deposit,IBB,Savings,6317.75,Y
2771,Deposit,IBB,CD Long Term,8646.99,Y
2771,Deposit,IBB,Money Market,10816.99,Y
2771,Deposit,NIDDA,Checking,560.68,Y
2771,Deposit,IBB,Savings,4756.72,Y
2771,Credit,N/A,Credit Card,2157.87,Y
2771,Loan,N/A,Home Loan,987508.98,Y
2772,Deposit,IBB,CD Short Term,5763.75,Y
2772,Deposit,NIDDA,Checking,572.95,Y
2772,Deposit,IBB,Savings,20567.65,Y
2772,Credit,N/A,Credit Card,820.0,Y
2772,Loan,N/A,Home Loan,791084.59,Y
2773,Deposit,NIDDA,Checking,2948.61,Y
2773,Deposit,IBB,Savings,6370.17,Y
2773,Credit,N/A,Credit Card,749.22,Y
2773,Loan,N/A,Home Loan,213329.29,Y
2773,Loan,N/A,Personal Loan,12394.74,Y
2774,Deposit,IBB,CD Short Term,39302.73,Y
2774,Deposit,NIDDA,Checking,7322.69,Y
2774,Deposit,IBB,Savings,3556.96,Y
2774,Credit,N/A,Credit Card,967.75,Y
2775,Deposit,IBB,Money Market,6172.15,Y
2775,Deposit,NIDDA,Checking,9286.15,Y
2775,Deposit,IBB,Savings,1973.41,Y
2775,Loan,N/A,Auto Loan,29743.71,Y
2775,Loan,N/A,Personal Loan,14406.95,Y
2776,Deposit,IBB,CD Long Term,54494.02,Y
2776,Deposit,IBB,CD Short Term,12257.58,Y
2776,Deposit,NIDDA,Checking,2466.75,Y
2777,Deposit,IBB,CD Long Term,22971.65,Y
2777,Deposit,IBB,CD Short Term,4903.77,Y
2777,Deposit,NIDDA,Checking,7505.37,Y
2777,Deposit,IBB,Savings,4356.25,Y
2777,Loan,N/A,Auto Loan,31879.28,Y
2777,Loan,N/A,Personal Loan,9863.52,Y
2778,Deposit,IBB,Money Market,60025.16,Y
2778,Deposit,NIDDA,Checking,11297.42,Y
2778,Deposit,IBB,Savings,20614.3,Y
2779,Deposit,NIDDA,Checking,4282.25,Y
2779,Deposit,IBB,Savings,5622.35,Y
2779,Credit,N/A,Credit Card,1793.82,Y
2780,Deposit,IBB,CD Short Term,2421.91,Y
2780,Deposit,NIDDA,Checking,5079.42,Y
2780,Deposit,IBB,Savings,6242.99,Y
2780,Credit,N/A,Credit Card,9238.73,Y
2780,Loan,N/A,Home Loan,542608.25,Y
2781,Deposit,IBB,Money Market,13075.44,Y
2781,Deposit,NIDDA,Checking,16939.47,Y
2781,Deposit,IBB,Savings,18510.93,Y
2781,Loan,N/A,Auto Loan,66543.09,Y
2782,Deposit,IBB,CD Long Term,32329.78,Y
2782,Deposit,NIDDA,Checking,12474.92,Y
2782,Deposit,IBB,CD Short Term,58771.83,Y
2782,Deposit,IBB,Money Market,81026.98,Y
2782,Deposit,IBB,Savings,8014.14,Y
2782,Credit,N/A,Credit Card,4912.63,Y
2783,Deposit,IBB,CD Long Term,34783.8,Y
2783,Deposit,NIDDA,Checking,13043.41,Y
2783,Deposit,IBB,Savings,18353.83,Y
2783,Credit,N/A,Credit Card,8090.45,Y
2784,Deposit,IBB,Money Market,52913.35,Y
2784,Deposit,NIDDA,Checking,6380.58,Y
2784,Deposit,IBB,Savings,3571.81,Y
2784,Credit,N/A,Credit Card,2526.62,Y
2785,Deposit,IBB,CD Short Term,5047.9,Y
2785,Deposit,IBB,Money Market,1963.19,Y
2785,Deposit,NIDDA,Checking,1106.56,Y
2785,Deposit,IBB,Savings,16700.85,Y
2785,Credit,N/A,Credit Card,759.45,Y
2786,Deposit,IBB,Money Market,18056.67,Y
2786,Deposit,NIDDA,Checking,1888.03,Y
2786,Deposit,IBB,Savings,9875.18,Y
2786,Credit,N/A,Credit Card,1920.22,Y
2787,Deposit,NIDDA,Checking,18269.59,Y
2787,Deposit,IBB,Savings,5639.0,Y
2787,Credit,N/A,Credit Card,1563.91,Y
2787,Loan,N/A,Home Loan,146814.96,Y
2788,Deposit,NIDDA,Checking,17114.5,Y
2788,Deposit,IBB,Savings,30158.79,Y
2788,Credit,N/A,Credit Card,1909.21,Y
2788,Loan,N/A,Home Loan,438134.01,Y
2789,Deposit,NIDDA,Checking,29349.09,Y
2789,Loan,N/A,Home Loan,720045.13,Y
2790,Deposit,IBB,CD Long Term,47631.54,Y
2790,Deposit,IBB,Money Market,20809.33,Y
2790,Deposit,NIDDA,Checking,5966.12,Y
2790,Loan,N/A,Home Loan,558678.68,Y
2790,Loan,N/A,Auto Loan,67786.08,Y
2791,Deposit,IBB,CD Short Term,12001.26,Y
2791,Deposit,IBB,Money Market,81791.03,Y
2791,Deposit,NIDDA,Checking,7148.02,Y
2791,Deposit,IBB,Savings,30639.97,Y
2791,Credit,N/A,Credit Card,1381.13,Y
2791,Loan,N/A,Home Loan,601404.42,Y
2792,Deposit,IBB,CD Long Term,11020.52,Y
2792,Deposit,NIDDA,Checking,18476.6,Y
2792,Deposit,IBB,Savings,7677.73,Y
2793,Deposit,NIDDA,Checking,9866.33,Y
2793,Deposit,IBB,Savings,3465.71,Y
2793,Credit,N/A,Credit Card,2133.73,Y
2793,Loan,N/A,Home Loan,318056.29,Y
2794,Deposit,IBB,CD Long Term,15405.25,Y
2794,Deposit,NIDDA,Checking,3182.18,Y
2794,Loan,N/A,Home Loan,733800.89,Y
2794,Loan,N/A,Auto Loan,16662.81,Y
2795,Deposit,IBB,CD Short Term,2093.1,Y
2795,Deposit,NIDDA,Checking,2983.58,Y
2795,Loan,N/A,Home Loan,260275.57,Y
2796,Deposit,NIDDA,Checking,1531.53,Y
2796,Deposit,IBB,Savings,2638.95,Y
2796,Credit,N/A,Credit Card,2019.87,Y
2797,Deposit,IBB,CD Short Term,96789.03,Y
2797,Deposit,NIDDA,Checking,5320.61,Y
2797,Deposit,IBB,Savings,9788.96,Y
2797,Credit,N/A,Credit Card,3589.56,Y
2798,Deposit,NIDDA,Checking,1164.17,Y
2798,Deposit,IBB,Savings,5618.66,Y
2798,Loan,N/A,Home Loan,255881.09,Y
2799,Deposit,IBB,CD Long Term,193126.25,Y
2799,Deposit,IBB,Money Market,5201.92,Y
2799,Deposit,NIDDA,Checking,2154.74,Y
2800,Deposit,IBB,CD Long Term,41247.67,Y
2800,Deposit,IBB,CD Short Term,9385.57,Y
2800,Deposit,NIDDA,Checking,3498.34,Y
2800,Deposit,IBB,Savings,15348.35,Y
2800,Credit,N/A,Credit Card,453.78,Y
2801,Deposit,IBB,CD Short Term,5208.16,Y
2801,Deposit,NIDDA,Checking,11597.65,Y
2801,Deposit,IBB,Savings,756.05,Y
2801,Credit,N/A,Credit Card,11064.1,Y
2801,Loan,N/A,Auto Loan,61125.4,Y
2802,Deposit,IBB,CD Short Term,4616.59,Y
2802,Deposit,NIDDA,Checking,56309.65,Y
2802,Deposit,IBB,Savings,6303.4,Y
2802,Credit,N/A,Credit Card,6918.21,Y
2803,Deposit,IBB,Money Market,6097.61,Y
2803,Deposit,NIDDA,Checking,5197.27,Y
2804,Deposit,IBB,CD Short Term,5888.94,Y
2804,Deposit,IBB,Money Market,13724.7,Y
2804,Deposit,NIDDA,Checking,31575.67,Y
2804,Deposit,IBB,Savings,43468.36,Y
2805,Deposit,IBB,Money Market,20137.06,Y
2805,Deposit,NIDDA,Checking,2626.52,Y
2805,Deposit,IBB,Savings,604.17,Y
2805,Credit,N/A,Credit Card,6174.47,Y
2806,Deposit,IBB,CD Short Term,48000.77,Y
2806,Deposit,NIDDA,Checking,14808.59,Y
2806,Deposit,IBB,Savings,1985.14,Y
2806,Credit,N/A,Credit Card,6493.67,Y
2806,Loan,N/A,Home Loan,378260.87,Y
2807,Deposit,IBB,CD Long Term,26523.88,Y
2807,Deposit,NIDDA,Checking,10946.86,Y
2807,Credit,N/A,Credit Card,6788.79,Y
2808,Deposit,IBB,CD Short Term,12181.66,Y
2808,Deposit,IBB,Money Market,5911.72,Y
2808,Deposit,NIDDA,Checking,2328.05,Y
2808,Deposit,IBB,Savings,12690.98,Y
2808,Credit,N/A,Credit Card,3795.93,Y
2808,Loan,N/A,Home Loan,345316.15,Y
2809,Deposit,IBB,CD Long Term,2812.22,Y
2809,Deposit,NIDDA,Checking,13967.59,Y
2809,Deposit,IBB,CD Short Term,25045.07,Y
2809,Deposit,IBB,Money Market,16933.45,Y
2809,Deposit,IBB,Savings,28093.06,Y
2809,Loan,N/A,Home Loan,237201.67,Y
2810,Deposit,IBB,CD Long Term,49494.66,Y
2810,Deposit,IBB,Money Market,22650.33,Y
2810,Deposit,NIDDA,Checking,6293.23,Y
2810,Deposit,IBB,Savings,2561.54,Y
2810,Credit,N/A,Credit Card,2698.43,Y
2810,Loan,N/A,Auto Loan,29430.79,Y
2810,Loan,N/A,Personal Loan,18217.48,Y
2811,Deposit,NIDDA,Checking,9293.26,Y
2811,Credit,N/A,Credit Card,2267.17,Y
2811,Loan,N/A,Auto Loan,26168.51,Y
2812,Deposit,IBB,Money Market,53733.74,Y
2812,Deposit,NIDDA,Checking,1897.41,Y
2812,Deposit,IBB,Savings,2404.01,Y
2813,Deposit,IBB,CD Short Term,20710.93,Y
2813,Deposit,IBB,Money Market,6281.44,Y
2813,Deposit,NIDDA,Checking,1068.47,Y
2813,Deposit,IBB,Savings,18269.88,Y
2813,Credit,N/A,Credit Card,930.33,Y
2813,Loan,N/A,Home Loan,426469.89,Y
2813,Loan,N/A,Personal Loan,23305.0,Y
2814,Deposit,IBB,CD Long Term,18320.47,Y
2814,Deposit,IBB,CD Short Term,25251.43,Y
2814,Deposit,NIDDA,Checking,2793.55,Y
2814,Credit,N/A,Credit Card,392.7,Y
2814,Loan,N/A,Auto Loan,31915.33,Y
2815,Deposit,IBB,Money Market,2093.18,Y
2815,Deposit,NIDDA,Checking,9052.31,Y
2815,Deposit,IBB,Savings,3091.98,Y
2815,Credit,N/A,Credit Card,986.78,Y
2816,Deposit,IBB,CD Long Term,8154.48,Y
2816,Deposit,NIDDA,Checking,7151.75,Y
2816,Deposit,IBB,Savings,34160.13,Y
2816,Loan,N/A,Personal Loan,29442.79,Y
2817,Deposit,IBB,Money Market,2268.67,Y
2817,Deposit,NIDDA,Checking,758.34,Y
2817,Loan,N/A,Personal Loan,13629.66,Y
2818,Deposit,NIDDA,Checking,3504.26,Y
2818,Credit,N/A,Credit Card,4724.45,Y
2818,Loan,N/A,Home Loan,435074.24,Y
2818,Loan,N/A,Auto Loan,68746.44,Y
2818,Loan,N/A,Personal Loan,11960.63,Y
2819,Deposit,IBB,CD Short Term,15967.1,Y
2819,Deposit,IBB,Money Market,3619.23,Y
2819,Deposit,NIDDA,Checking,6961.47,Y
2819,Deposit,IBB,Savings,44728.45,Y
2819,Credit,N/A,Credit Card,2006.38,Y
2820,Deposit,IBB,CD Long Term,451.92,Y
2820,Deposit,NIDDA,Checking,2176.12,Y
2820,Deposit,IBB,Savings,33466.01,Y
2821,Deposit,IBB,CD Short Term,14535.53,Y
2821,Deposit,NIDDA,Checking,11098.71,Y
2821,Deposit,IBB,Savings,23146.94,Y
2821,Loan,N/A,Home Loan,202122.11,Y
2822,Deposit,IBB,Money Market,31252.29,Y
2822,Deposit,NIDDA,Checking,15020.08,Y
2822,Deposit,IBB,Savings,7863.11,Y
2822,Loan,N/A,Personal Loan,8047.9,Y
2823,Deposit,NIDDA,Checking,17943.63,Y
2823,Deposit,IBB,Savings,3989.21,Y
2823,Credit,N/A,Credit Card,17369.67,Y
2823,Loan,N/A,Home Loan,439974.38,Y
2823,Loan,N/A,Auto Loan,51198.06,Y
2824,Deposit,IBB,CD Short Term,49682.04,Y
2824,Deposit,NIDDA,Checking,1601.39,Y
2824,Deposit,IBB,Savings,43582.11,Y
2824,Credit,N/A,Credit Card,1600.43,Y
2825,Deposit,IBB,CD Short Term,17572.27,Y
2825,Deposit,IBB,Money Market,11323.61,Y
2825,Deposit,NIDDA,Checking,9750.03,Y
2825,Deposit,IBB,Savings,19789.04,Y
2826,Deposit,IBB,CD Short Term,29511.21,Y
2826,Deposit,NIDDA,Checking,3411.57,Y
2826,Deposit,IBB,Savings,48708.24,Y
2826,Loan,N/A,Auto Loan,47681.37,Y
2827,Deposit,IBB,CD Short Term,22854.36,Y
2827,Deposit,NIDDA,Checking,6080.3,Y
2827,Deposit,IBB,Savings,17545.37,Y
2827,Credit,N/A,Credit Card,9748.38,Y
2827,Loan,N/A,Auto Loan,39688.24,Y
2828,Deposit,IBB,CD Short Term,22027.67,Y
2828,Deposit,NIDDA,Checking,2444.33,Y
2828,Deposit,IBB,Savings,6065.03,Y
2828,Credit,N/A,Credit Card,2294.57,Y
2828,Loan,N/A,Home Loan,288772.18,Y
2829,Deposit,NIDDA,Checking,15546.89,Y
2829,Deposit,IBB,Savings,3146.95,Y
2829,Credit,N/A,Credit Card,23394.03,Y
2829,Loan,N/A,Auto Loan,151639.65,Y
2829,Loan,N/A,Personal Loan,32870.62,Y
2830,Deposit,IBB,CD Short Term,1034.97,Y
2830,Deposit,IBB,Money Market,10448.25,Y
2830,Deposit,NIDDA,Checking,19123.0,Y
2830,Deposit,IBB,Savings,17848.39,Y
2830,Loan,N/A,Home Loan,375438.11,Y
2831,Deposit,IBB,CD Long Term,61177.06,Y
2831,Deposit,NIDDA,Checking,1728.99,Y
2831,Deposit,IBB,Savings,969.63,Y
2831,Credit,N/A,Credit Card,2601.69,Y
2832,Deposit,IBB,CD Short Term,38231.61,Y
2832,Deposit,NIDDA,Checking,8519.46,Y
2832,Deposit,IBB,Savings,900.52,Y
2833,Deposit,IBB,Money Market,18078.78,Y
2833,Deposit,NIDDA,Checking,28901.29,Y
2833,Deposit,IBB,Savings,5277.75,Y
2833,Loan,N/A,Auto Loan,33290.14,Y
2834,Deposit,IBB,CD Short Term,80168.47,Y
2834,Deposit,IBB,Money Market,2621.11,Y
2834,Deposit,NIDDA,Checking,4321.73,Y
2834,Credit,N/A,Credit Card,2391.21,Y
2834,Loan,N/A,Home Loan,204274.98,Y
2834,Loan,N/A,Personal Loan,54053.26,Y
2835,Deposit,IBB,CD Short Term,44777.91,Y
2835,Deposit,IBB,Money Market,6786.34,Y
2835,Deposit,NIDDA,Checking,1470.38,Y
2835,Deposit,IBB,Savings,9135.0,Y
2835,Credit,N/A,Credit Card,5348.69,Y
2836,Deposit,IBB,CD Long Term,7287.7,Y
2836,Deposit,IBB,Money Market,7221.87,Y
2836,Deposit,NIDDA,Checking,41197.38,Y
2837,Deposit,IBB,CD Short Term,145856.32,Y
2837,Deposit,IBB,Money Market,11087.79,Y
2837,Deposit,NIDDA,Checking,2092.92,Y
2837,Deposit,IBB,Savings,2096.46,Y
2838,Deposit,IBB,CD Long Term,13515.23,Y
2838,Deposit,NIDDA,Checking,25753.27,Y
2838,Credit,N/A,Credit Card,897.19,Y
2839,Deposit,IBB,CD Long Term,20654.66,Y
2839,Deposit,IBB,Money Market,18738.98,Y
2839,Deposit,NIDDA,Checking,3120.42,Y
2839,Loan,N/A,Home Loan,383942.42,Y
2840,Deposit,IBB,CD Long Term,34405.85,Y
2840,Deposit,IBB,Money Market,7402.04,Y
2840,Deposit,NIDDA,Checking,13072.69,Y
2840,Deposit,IBB,Savings,80395.29,Y
2841,Deposit,NIDDA,Checking,3437.11,Y
2841,Deposit,IBB,Savings,8063.45,Y
2841,Loan,N/A,Personal Loan,23921.77,Y
2842,Deposit,IBB,CD Short Term,55094.9,Y
2842,Deposit,IBB,Money Market,16441.15,Y
2842,Deposit,NIDDA,Checking,7055.81,Y
2842,Deposit,IBB,Savings,3739.57,Y
2843,Deposit,NIDDA,Checking,1719.98,Y
2843,Credit,N/A,Credit Card,3291.45,Y
2843,Loan,N/A,Auto Loan,19145.16,Y
2843,Loan,N/A,Personal Loan,55001.92,Y
2844,Deposit,IBB,CD Short Term,10174.06,Y
2844,Deposit,NIDDA,Checking,653.96,Y
2844,Credit,N/A,Credit Card,2665.9,Y
2844,Loan,N/A,Home Loan,976041.87,Y
2844,Loan,N/A,Auto Loan,64806.58,Y
2845,Deposit,NIDDA,Checking,4742.37,Y
2845,Deposit,IBB,Savings,31687.74,Y
2846,Deposit,IBB,Money Market,12795.5,Y
2846,Deposit,NIDDA,Checking,1008.35,Y
2846,Loan,N/A,Auto Loan,13059.63,Y
2847,Deposit,NIDDA,Checking,15499.41,Y
2847,Deposit,IBB,Savings,5954.57,Y
2848,Deposit,IBB,CD Long Term,22753.18,Y
2848,Deposit,IBB,Money Market,20437.96,Y
2848,Deposit,NIDDA,Checking,4219.31,Y
2848,Deposit,IBB,Savings,13332.49,Y
2848,Loan,N/A,Personal Loan,10522.65,Y
2849,Deposit,NIDDA,Checking,2710.84,Y
2849,Credit,N/A,Credit Card,1452.94,Y
2850,Deposit,IBB,Money Market,4912.58,Y
2850,Deposit,NIDDA,Checking,35525.48,Y
2850,Loan,N/A,Auto Loan,16162.7,Y
2850,Loan,N/A,Personal Loan,13008.42,Y
2851,Deposit,IBB,Money Market,69477.52,Y
2851,Deposit,NIDDA,Checking,5474.41,Y
2851,Deposit,IBB,Savings,5037.62,Y
2851,Credit,N/A,Credit Card,3370.44,Y
2851,Loan,N/A,Auto Loan,19054.13,Y
2852,Deposit,IBB,Money Market,11622.2,Y
2852,Deposit,NIDDA,Checking,2528.38,Y
2852,Deposit,IBB,Savings,14500.97,Y
2852,Credit,N/A,Credit Card,3251.41,Y
2852,Loan,N/A,Home Loan,893508.14,Y
2852,Loan,N/A,Auto Loan,35257.92,Y
2853,Deposit,NIDDA,Checking,7489.4,Y
2853,Credit,N/A,Credit Card,6500.91,Y
2853,Loan,N/A,Personal Loan,32790.23,Y
2854,Deposit,IBB,CD Short Term,5028.04,Y
2854,Deposit,IBB,Money Market,24804.68,Y
2854,Deposit,NIDDA,Checking,3955.64,Y
2854,Deposit,IBB,Savings,9750.85,Y
2854,Loan,N/A,Home Loan,627194.6,Y
2854,Loan,N/A,Auto Loan,27391.22,Y
2854,Loan,N/A,Personal Loan,20430.47,Y
2855,Deposit,NIDDA,Checking,2343.1,Y
2855,Deposit,IBB,Savings,13917.61,Y
2856,Deposit,NIDDA,Checking,6939.66,Y
2856,Deposit,IBB,Savings,2993.75,Y
2856,Credit,N/A,Credit Card,2277.71,Y
2856,Loan,N/A,Home Loan,750268.1,Y
2857,Deposit,IBB,CD Long Term,11111.69,Y
2857,Deposit,IBB,Money Market,5912.96,Y
2857,Deposit,NIDDA,Checking,10846.41,Y
2857,Deposit,IBB,Savings,6143.74,Y
2857,Credit,N/A,Credit Card,3213.46,Y
2857,Loan,N/A,Auto Loan,17021.42,Y
2857,Loan,N/A,Personal Loan,13074.11,Y
2858,Deposit,IBB,CD Long Term,5974.82,Y
2858,Deposit,IBB,CD Short Term,12340.89,Y
2858,Deposit,NIDDA,Checking,858.27,Y
2858,Deposit,IBB,Savings,11944.79,Y
2858,Credit,N/A,Credit Card,6029.67,Y
2858,Loan,N/A,Home Loan,471872.39,Y
2859,Deposit,IBB,CD Short Term,79028.18,Y
2859,Deposit,NIDDA,Checking,8841.09,Y
2859,Deposit,IBB,Savings,7909.48,Y
2859,Credit,N/A,Credit Card,1746.76,Y
2859,Loan,N/A,Auto Loan,42272.08,Y
2860,Deposit,NIDDA,Checking,13508.65,Y
2860,Deposit,IBB,Savings,2529.12,Y
2860,Credit,N/A,Credit Card,2381.47,Y
2860,Loan,N/A,Auto Loan,23492.27,Y
2861,Deposit,IBB,Money Market,16306.74,Y
2861,Deposit,NIDDA,Checking,815.87,Y
2861,Deposit,IBB,Savings,8140.8,Y
2861,Credit,N/A,Credit Card,7527.85,Y
2861,Loan,N/A,Auto Loan,56219.6,Y
2862,Deposit,IBB,CD Short Term,25513.13,Y
2862,Deposit,IBB,Money Market,9617.97,Y
2862,Deposit,NIDDA,Checking,8427.62,Y
2862,Deposit,IBB,Savings,6037.36,Y
2862,Loan,N/A,Auto Loan,46164.48,Y
2862,Loan,N/A,Personal Loan,12425.13,Y
2863,Deposit,IBB,CD Short Term,8592.03,Y
2863,Deposit,NIDDA,Checking,7971.32,Y
2863,Deposit,IBB,Savings,4161.84,Y
2863,Credit,N/A,Credit Card,3378.9,Y
2864,Deposit,IBB,Money Market,17301.37,Y
2864,Deposit,NIDDA,Checking,23929.5,Y
2864,Credit,N/A,Credit Card,4471.27,Y
2865,Deposit,IBB,CD Short Term,16277.13,Y
2865,Deposit,IBB,Money Market,20663.15,Y
2865,Deposit,NIDDA,Checking,27902.89,Y
2865,Deposit,IBB,Savings,27788.65,Y
2865,Credit,N/A,Credit Card,8296.3,Y
2865,Loan,N/A,Auto Loan,30010.81,Y
2866,Deposit,IBB,Money Market,27796.54,Y
2866,Deposit,NIDDA,Checking,3155.24,Y
2866,Deposit,IBB,Savings,18807.65,Y
2867,Deposit,NIDDA,Checking,3569.08,Y
2867,Credit,N/A,Credit Card,2530.85,Y
2867,Loan,N/A,Home Loan,703029.05,Y
2867,Loan,N/A,Personal Loan,17651.5,Y
2868,Deposit,IBB,CD Long Term,28117.19,Y
2868,Deposit,IBB,Money Market,62498.12,Y
2868,Deposit,NIDDA,Checking,4985.26,Y
2868,Deposit,IBB,Savings,39997.5,Y
2868,Credit,N/A,Credit Card,3797.22,Y
2868,Loan,N/A,Personal Loan,9425.05,Y
2869,Deposit,NIDDA,Checking,1626.63,Y
2869,Credit,N/A,Credit Card,12262.73,Y
2869,Loan,N/A,Auto Loan,30574.84,Y
2870,Deposit,IBB,Money Market,4312.33,Y
2870,Deposit,NIDDA,Checking,8526.19,Y
2870,Deposit,IBB,Savings,15436.55,Y
2870,Credit,N/A,Credit Card,2234.74,Y
2870,Loan,N/A,Personal Loan,16239.66,Y
2871,Deposit,NIDDA,Checking,28562.84,Y
2871,Deposit,IBB,Savings,7570.63,Y
2871,Loan,N/A,Auto Loan,32288.42,Y
2872,Deposit,IBB,CD Long Term,41333.8,Y
2872,Deposit,NIDDA,Checking,4362.56,Y
2872,Deposit,IBB,Savings,2526.94,Y
2872,Credit,N/A,Credit Card,525.94,Y
2872,Loan,N/A,Home Loan,767112.32,Y
2872,Loan,N/A,Auto Loan,60110.59,Y
2873,Deposit,IBB,CD Long Term,7305.81,Y
2873,Deposit,NIDDA,Checking,3518.15,Y
2873,Deposit,IBB,Savings,3868.34,Y
2873,Credit,N/A,Credit Card,3480.76,Y
2873,Loan,N/A,Auto Loan,20328.92,Y
2874,Deposit,IBB,CD Short Term,7473.39,Y
2874,Deposit,IBB,Money Market,2841.22,Y
2874,Deposit,NIDDA,Checking,10882.97,Y
2874,Deposit,IBB,Savings,9210.02,Y
2875,Deposit,IBB,CD Long Term,5145.19,Y
2875,Deposit,IBB,CD Short Term,90118.03,Y
2875,Deposit,NIDDA,Checking,29947.12,Y
2875,Deposit,IBB,Savings,4109.25,Y
2875,Loan,N/A,Home Loan,766446.0,Y
2876,Deposit,IBB,CD Short Term,7766.8,Y
2876,Deposit,IBB,Money Market,16366.94,Y
2876,Deposit,NIDDA,Checking,2195.25,Y
2876,Deposit,IBB,Savings,20380.06,Y
2877,Deposit,IBB,CD Long Term,17553.56,Y
2877,Deposit,IBB,CD Short Term,8400.55,Y
2877,Deposit,NIDDA,Checking,2764.47,Y
2877,Deposit,IBB,Savings,17356.13,Y
2877,Credit,N/A,Credit Card,2537.29,Y
2877,Loan,N/A,Personal Loan,142403.33,Y
2878,Deposit,IBB,Money Market,45190.65,Y
2878,Deposit,NIDDA,Checking,3730.7,Y
2878,Deposit,IBB,Savings,2877.32,Y
2878,Credit,N/A,Credit Card,2058.12,Y
2878,Loan,N/A,Home Loan,387426.31,Y
2879,Deposit,IBB,Money Market,10196.39,Y
2879,Deposit,NIDDA,Checking,8210.06,Y
2879,Credit,N/A,Credit Card,1414.06,Y
2879,Loan,N/A,Home Loan,390981.16,Y
2879,Loan,N/A,Auto Loan,19183.71,Y
2880,Deposit,IBB,CD Short Term,49519.29,Y
2880,Deposit,IBB,Money Market,2191.97,Y
2880,Deposit,NIDDA,Checking,8284.95,Y
2880,Deposit,IBB,Savings,5657.28,Y
2880,Credit,N/A,Credit Card,4897.07,Y
2881,Deposit,NIDDA,Checking,8218.85,Y
2881,Deposit,IBB,Savings,34468.58,Y
2881,Credit,N/A,Credit Card,5180.71,Y
2882,Deposit,IBB,CD Long Term,11050.68,Y
2882,Deposit,NIDDA,Checking,10102.52,Y
2883,Deposit,IBB,CD Short Term,3846.94,Y
2883,Deposit,IBB,Money Market,42266.52,Y
2883,Deposit,NIDDA,Checking,1619.48,Y
2883,Deposit,IBB,Savings,4013.74,Y
2883,Credit,N/A,Credit Card,5576.49,Y
2883,Loan,N/A,Home Loan,243430.38,Y
2883,Loan,N/A,Personal Loan,16545.46,Y
2884,Deposit,NIDDA,Checking,9136.07,Y
2884,Deposit,IBB,Savings,2741.4,Y
2885,Deposit,IBB,CD Long Term,68873.95,Y
2885,Deposit,IBB,CD Short Term,28771.63,Y
2885,Deposit,NIDDA,Checking,3836.01,Y
2885,Deposit,IBB,Savings,2703.14,Y
2886,Deposit,NIDDA,Checking,4653.9,Y
2886,Deposit,IBB,Savings,2122.43,Y
2886,Credit,N/A,Credit Card,392.86,Y
2886,Loan,N/A,Home Loan,531561.13,Y
2887,Deposit,IBB,CD Short Term,23965.39,Y
2887,Deposit,NIDDA,Checking,5609.01,Y
2887,Loan,N/A,Auto Loan,20120.08,Y
2888,Deposit,IBB,CD Short Term,16290.55,Y
2888,Deposit,NIDDA,Checking,23675.84,Y
2888,Credit,N/A,Credit Card,1047.33,Y
2888,Loan,N/A,Auto Loan,30536.49,Y
2888,Loan,N/A,Personal Loan,7636.72,Y
2889,Deposit,NIDDA,Checking,1311.92,Y
2890,Deposit,IBB,CD Short Term,13829.83,Y
2890,Deposit,NIDDA,Checking,3540.73,Y
2890,Deposit,IBB,Savings,18897.16,Y
2891,Deposit,IBB,Money Market,25600.81,Y
2891,Deposit,NIDDA,Checking,3372.31,Y
2891,Loan,N/A,Home Loan,783735.6,Y
2892,Deposit,IBB,Money Market,71984.37,Y
2892,Deposit,NIDDA,Checking,4254.82,Y
2892,Deposit,IBB,Savings,13157.96,Y
2892,Credit,N/A,Credit Card,615.53,Y
2893,Deposit,NIDDA,Checking,6649.01,Y
2893,Deposit,IBB,Savings,36003.69,Y
2893,Credit,N/A,Credit Card,1447.18,Y
2893,Loan,N/A,Home Loan,638876.79,Y
2893,Loan,N/A,Auto Loan,27702.51,Y
2894,Deposit,IBB,CD Short Term,18098.19,Y
2894,Deposit,IBB,Money Market,7313.58,Y
2894,Deposit,NIDDA,Checking,7206.54,Y
2894,Credit,N/A,Credit Card,2242.56,Y
2895,Deposit,IBB,CD Long Term,44048.12,Y
2895,Deposit,IBB,Money Market,9749.46,Y
2895,Deposit,NIDDA,Checking,5379.07,Y
2895,Deposit,IBB,Savings,5262.02,Y
2896,Deposit,IBB,Money Market,10794.44,Y
2896,Deposit,NIDDA,Checking,4060.88,Y
2896,Credit,N/A,Credit Card,2042.71,Y
2896,Loan,N/A,Home Loan,627340.36,Y
2896,Loan,N/A,Personal Loan,14789.95,Y
2897,Deposit,NIDDA,Checking,1371.44,Y
2897,Credit,N/A,Credit Card,4507.73,Y
2897,Loan,N/A,Home Loan,637808.86,Y
2898,Deposit,IBB,Money Market,1939.01,Y
2898,Deposit,NIDDA,Checking,2353.35,Y
2898,Credit,N/A,Credit Card,2493.99,Y
2898,Loan,N/A,Home Loan,297352.31,Y
2898,Loan,N/A,Auto Loan,20723.48,Y
2899,Deposit,IBB,CD Long Term,10789.14,Y
2899,Deposit,NIDDA,Checking,1107.87,Y
2899,Deposit,IBB,Savings,4930.32,Y
2899,Loan,N/A,Home Loan,347963.82,Y
2900,Deposit,IBB,CD Short Term,7273.07,Y
2900,Deposit,NIDDA,Checking,7177.38,Y
2900,Deposit,IBB,Savings,7061.2,Y
2900,Loan,N/A,Home Loan,579491.25,Y
2901,Deposit,IBB,CD Short Term,5119.1,Y
2901,Deposit,IBB,Money Market,11901.94,Y
2901,Deposit,NIDDA,Checking,5785.26,Y
2901,Deposit,IBB,Savings,1001.5,Y
2901,Credit,N/A,Credit Card,998.06,Y
2902,Deposit,IBB,CD Short Term,6354.86,Y
2902,Deposit,IBB,Money Market,7919.88,Y
2902,Deposit,NIDDA,Checking,2885.56,Y
2902,Deposit,IBB,Savings,5906.88,Y
2902,Credit,N/A,Credit Card,3993.06,Y
2902,Loan,N/A,Home Loan,441022.7,Y
2902,Loan,N/A,Auto Loan,26978.91,Y
2903,Deposit,IBB,Money Market,6762.73,Y
2903,Deposit,NIDDA,Checking,1178.51,Y
2903,Deposit,IBB,Savings,1391.41,Y
2903,Credit,N/A,Credit Card,699.71,Y
2903,Loan,N/A,Auto Loan,18900.51,Y
2904,Deposit,IBB,CD Long Term,38336.66,Y
2904,Deposit,NIDDA,Checking,11761.63,Y
2904,Deposit,IBB,Savings,1426.83,Y
2905,Deposit,NIDDA,Checking,6516.94,Y
2905,Deposit,IBB,Savings,7804.01,Y
2905,Credit,N/A,Credit Card,2554.12,Y
2905,Loan,N/A,Home Loan,262934.27,Y
2906,Deposit,IBB,CD Long Term,22432.76,Y
2906,Deposit,NIDDA,Checking,26580.48,Y
2906,Deposit,IBB,CD Short Term,2918.29,Y
2906,Deposit,IBB,Money Market,44761.79,Y
2906,Deposit,IBB,Savings,16421.55,Y
2906,Credit,N/A,Credit Card,1903.53,Y
2907,Deposit,IBB,Money Market,4611.58,Y
2907,Deposit,NIDDA,Checking,3876.26,Y
2907,Loan,N/A,Personal Loan,34328.36,Y
2908,Deposit,IBB,Money Market,17563.52,Y
2908,Deposit,NIDDA,Checking,2844.44,Y
2908,Deposit,IBB,Savings,3356.7,Y
2909,Deposit,IBB,CD Short Term,5170.33,Y
2909,Deposit,IBB,Money Market,15471.4,Y
2909,Deposit,NIDDA,Checking,10217.63,Y
2909,Deposit,IBB,Savings,8663.02,Y
2909,Loan,N/A,Auto Loan,43238.32,Y
2910,Deposit,NIDDA,Checking,3423.86,Y
2911,Deposit,IBB,CD Short Term,16157.36,Y
2911,Deposit,NIDDA,Checking,4728.26,Y
2911,Deposit,IBB,Savings,19371.87,Y
2911,Credit,N/A,Credit Card,2581.12,Y
2911,Loan,N/A,Auto Loan,22086.7,Y
2912,Deposit,IBB,CD Short Term,47061.29,Y
2912,Deposit,NIDDA,Checking,8979.84,Y
2912,Deposit,IBB,Savings,46176.12,Y
2912,Credit,N/A,Credit Card,3890.1,Y
2912,Loan,N/A,Personal Loan,43558.92,Y
2913,Deposit,IBB,Money Market,12321.97,Y
2913,Deposit,NIDDA,Checking,366.94,Y
2913,Credit,N/A,Credit Card,972.28,Y
2914,Deposit,IBB,CD Short Term,20984.98,Y
2914,Deposit,NIDDA,Checking,5576.79,Y
2914,Deposit,IBB,Savings,14477.06,Y
2914,Credit,N/A,Credit Card,2868.92,Y
2914,Loan,N/A,Auto Loan,13555.95,Y
2915,Deposit,NIDDA,Checking,1642.36,Y
2915,Deposit,IBB,Savings,3094.56,Y
2916,Deposit,IBB,CD Long Term,63301.66,Y
2916,Deposit,IBB,CD Short Term,64489.95,Y
2916,Deposit,NIDDA,Checking,31433.14,Y
2916,Deposit,IBB,Savings,3249.04,Y
2916,Credit,N/A,Credit Card,1227.65,Y
2916,Loan,N/A,Personal Loan,15481.1,Y
2917,Deposit,IBB,CD Short Term,3409.97,Y
2917,Deposit,NIDDA,Checking,1110.23,Y
2917,Deposit,IBB,Savings,30976.25,Y
2917,Credit,N/A,Credit Card,1672.03,Y
2918,Deposit,NIDDA,Checking,5732.72,Y
2918,Deposit,IBB,Savings,28635.54,Y
2918,Loan,N/A,Personal Loan,17565.14,Y
2919,Deposit,IBB,CD Long Term,18491.36,Y
2919,Deposit,NIDDA,Checking,14686.41,Y
2919,Deposit,IBB,CD Short Term,3213.2,Y
2919,Deposit,IBB,Money Market,4776.67,Y
2919,Deposit,IBB,Savings,47558.2,Y
2919,Loan,N/A,Home Loan,441175.52,Y
2920,Deposit,IBB,Money Market,54064.05,Y
2920,Deposit,NIDDA,Checking,3038.22,Y
2920,Deposit,IBB,Savings,4047.48,Y
2920,Credit,N/A,Credit Card,4142.82,Y
2920,Loan,N/A,Home Loan,393922.14,Y
2920,Loan,N/A,Auto Loan,79508.47,Y
2921,Deposit,IBB,Money Market,15269.03,Y
2921,Deposit,NIDDA,Checking,51446.28,Y
2921,Deposit,IBB,Savings,5233.65,Y
2921,Loan,N/A,Home Loan,589687.38,Y
2921,Loan,N/A,Auto Loan,23188.29,Y
2922,Deposit,IBB,Money Market,17626.48,Y
2922,Deposit,NIDDA,Checking,4529.04,Y
2922,Deposit,IBB,Savings,26723.97,Y
2923,Deposit,NIDDA,Checking,20350.84,Y
2923,Deposit,IBB,Savings,6172.26,Y
2923,Credit,N/A,Credit Card,1547.95,Y
2924,Deposit,IBB,CD Short Term,69300.35,Y
2924,Deposit,NIDDA,Checking,3791.1,Y
2924,Deposit,IBB,Savings,2581.87,Y
2924,Credit,N/A,Credit Card,11098.5,Y
2924,Loan,N/A,Home Loan,535761.32,Y
2925,Deposit,IBB,Money Market,32154.11,Y
2925,Deposit,NIDDA,Checking,7022.73,Y
2925,Loan,N/A,Auto Loan,30547.41,Y
2926,Deposit,IBB,CD Long Term,6881.43,Y
2926,Deposit,IBB,CD Short Term,11989.94,Y
2926,Deposit,NIDDA,Checking,7518.03,Y
2926,Credit,N/A,Credit Card,10946.38,Y
2926,Loan,N/A,Home Loan,298453.61,Y
2927,Deposit,IBB,Money Market,29089.95,Y
2927,Deposit,NIDDA,Checking,5757.77,Y
2928,Deposit,NIDDA,Checking,1712.87,Y
2928,Credit,N/A,Credit Card,1408.19,Y
2928,Loan,N/A,Personal Loan,27519.14,Y
2929,Deposit,IBB,CD Long Term,14535.39,Y
2929,Deposit,NIDDA,Checking,25076.6,Y
2929,Deposit,IBB,Savings,11186.7,Y
2929,Credit,N/A,Credit Card,6680.74,Y
2930,Deposit,IBB,Money Market,5522.29,Y
2930,Deposit,NIDDA,Checking,7797.21,Y
2930,Deposit,IBB,Savings,13674.56,Y
2930,Credit,N/A,Credit Card,4449.28,Y
2930,Loan,N/A,Home Loan,474909.13,Y
2931,Deposit,IBB,CD Long Term,35391.33,Y
2931,Deposit,NIDDA,Checking,7049.55,Y
2931,Deposit,IBB,Savings,9623.53,Y
2931,Credit,N/A,Credit Card,984.43,Y
2932,Deposit,IBB,Money Market,13262.51,Y
2932,Deposit,NIDDA,Checking,4090.56,Y
2932,Deposit,IBB,Savings,2793.15,Y
2933,Deposit,IBB,CD Short Term,12794.93,Y
2933,Deposit,NIDDA,Checking,3143.01,Y
2933,Deposit,IBB,Savings,12928.4,Y
2933,Loan,N/A,Home Loan,268187.42,Y
2934,Deposit,IBB,Money Market,8711.26,Y
2934,Deposit,NIDDA,Checking,38503.94,Y
2934,Deposit,IBB,Savings,9753.94,Y
2934,Credit,N/A,Credit Card,2820.25,Y
2934,Loan,N/A,Auto Loan,25486.38,Y
2935,Deposit,IBB,CD Long Term,36528.95,Y
2935,Deposit,IBB,CD Short Term,11035.88,Y
2935,Deposit,NIDDA,Checking,15781.94,Y
2935,Deposit,IBB,Savings,33383.64,Y
2935,Credit,N/A,Credit Card,386.61,Y
2935,Loan,N/A,Home Loan,523828.93,Y
2935,Loan,N/A,Auto Loan,31054.77,Y
2936,Deposit,IBB,CD Long Term,52635.14,Y
2936,Deposit,NIDDA,Checking,4775.39,Y
2936,Deposit,IBB,Savings,6513.99,Y
2936,Credit,N/A,Credit Card,10666.82,Y
2936,Loan,N/A,Home Loan,591744.1,Y
2937,Deposit,IBB,CD Long Term,15628.34,Y
2937,Deposit,NIDDA,Checking,4938.28,Y
2937,Deposit,IBB,CD Short Term,11049.06,Y
2937,Deposit,IBB,Money Market,10366.72,Y
2937,Deposit,IBB,Savings,8634.47,Y
2937,Credit,N/A,Credit Card,658.86,Y
2937,Loan,N/A,Home Loan,276831.55,Y
2938,Deposit,IBB,CD Short Term,4549.16,Y
2938,Deposit,NIDDA,Checking,2569.56,Y
2938,Credit,N/A,Credit Card,729.43,Y
2938,Loan,N/A,Personal Loan,45211.37,Y
2939,Deposit,IBB,Money Market,36004.58,Y
2939,Deposit,NIDDA,Checking,3181.45,Y
2939,Loan,N/A,Auto Loan,40276.91,Y
2939,Loan,N/A,Personal Loan,16692.41,Y
2940,Deposit,IBB,Money Market,1100.87,Y
2940,Deposit,NIDDA,Checking,603.77,Y
2940,Credit,N/A,Credit Card,14922.45,Y
2940,Loan,N/A,Auto Loan,14239.67,Y
2941,Deposit,IBB,Money Market,27916.08,Y
2941,Deposit,NIDDA,Checking,5265.97,Y
2941,Deposit,IBB,Savings,16828.34,Y
2941,Credit,N/A,Credit Card,2254.35,Y
2941,Loan,N/A,Home Loan,148202.33,Y
2941,Loan,N/A,Auto Loan,20248.17,Y
2942,Deposit,IBB,Money Market,11058.23,Y
2942,Deposit,NIDDA,Checking,2203.24,Y
2942,Deposit,IBB,Savings,12897.53,Y
2942,Credit,N/A,Credit Card,2438.52,Y
2942,Loan,N/A,Personal Loan,36922.68,Y
2943,Deposit,IBB,CD Long Term,16673.16,Y
2943,Deposit,IBB,CD Short Term,93236.35,Y
2943,Deposit,IBB,Money Market,24850.86,Y
2943,Deposit,NIDDA,Checking,1666.32,Y
2944,Deposit,IBB,Money Market,100418.86,Y
2944,Deposit,NIDDA,Checking,6634.55,Y
2944,Deposit,IBB,Savings,3990.8,Y
2944,Loan,N/A,Home Loan,1643979.16,Y
2945,Deposit,IBB,CD Long Term,4869.07,Y
2945,Deposit,IBB,CD Short Term,7001.79,Y
2945,Deposit,NIDDA,Checking,9721.34,Y
2945,Deposit,IBB,Savings,26062.58,Y
2945,Loan,N/A,Auto Loan,68553.06,Y
2946,Deposit,IBB,CD Long Term,15496.64,Y
2946,Deposit,IBB,Money Market,4964.39,Y
2946,Deposit,NIDDA,Checking,4904.44,Y
2946,Deposit,IBB,Savings,31554.28,Y
2947,Deposit,IBB,CD Short Term,50162.41,Y
2947,Deposit,IBB,Money Market,77596.28,Y
2947,Deposit,NIDDA,Checking,2894.2,Y
2947,Credit,N/A,Credit Card,10111.6,Y
2947,Loan,N/A,Home Loan,530494.66,Y
2948,Deposit,IBB,CD Long Term,8556.91,Y
2948,Deposit,IBB,CD Short Term,53986.35,Y
2948,Deposit,NIDDA,Checking,4959.01,Y
2948,Deposit,IBB,Savings,8353.53,Y
2949,Deposit,IBB,CD Long Term,25719.32,Y
2949,Deposit,IBB,Money Market,6440.24,Y
2949,Deposit,NIDDA,Checking,42899.03,Y
2949,Deposit,IBB,Savings,16780.86,Y
2950,Deposit,IBB,CD Short Term,6355.8,Y
2950,Deposit,IBB,Money Market,12485.12,Y
2950,Deposit,NIDDA,Checking,15989.38,Y
2950,Deposit,IBB,Savings,2830.57,Y
2951,Deposit,IBB,CD Long Term,133604.21,Y
2951,Deposit,IBB,Money Market,7863.36,Y
2951,Deposit,NIDDA,Checking,5732.77,Y
2951,Credit,N/A,Credit Card,1052.58,Y
2952,Deposit,IBB,CD Short Term,80294.6,Y
2952,Deposit,NIDDA,Checking,6906.93,Y
2952,Deposit,IBB,Savings,2235.16,Y
2952,Credit,N/A,Credit Card,1306.28,Y
2953,Deposit,IBB,CD Short Term,27311.54,Y
2953,Deposit,IBB,Money Market,3765.25,Y
2953,Deposit,NIDDA,Checking,10954.09,Y
2953,Loan,N/A,Auto Loan,18115.63,Y
2954,Deposit,NIDDA,Checking,2458.62,Y
2954,Deposit,IBB,Savings,8784.84,Y
2954,Credit,N/A,Credit Card,930.33,Y
2954,Loan,N/A,Personal Loan,12397.71,Y
2955,Deposit,IBB,CD Short Term,13609.69,Y
2955,Deposit,IBB,Money Market,1214.75,Y
2955,Deposit,NIDDA,Checking,4680.59,Y
2955,Deposit,IBB,Savings,6392.45,Y
2955,Credit,N/A,Credit Card,987.09,Y
2956,Deposit,NIDDA,Checking,19755.16,Y
2956,Deposit,IBB,Savings,72442.14,Y
2956,Credit,N/A,Credit Card,3752.8,Y
2956,Loan,N/A,Home Loan,356468.75,Y
2957,Deposit,IBB,CD Long Term,16597.75,Y
2957,Deposit,NIDDA,Checking,6336.89,Y
2957,Deposit,IBB,Savings,13287.7,Y
2957,Loan,N/A,Home Loan,472955.24,Y
2958,Deposit,IBB,Money Market,18974.94,Y
2958,Deposit,NIDDA,Checking,1617.18,Y
2959,Deposit,IBB,CD Long Term,41245.54,Y
2959,Deposit,IBB,Money Market,15718.02,Y
2959,Deposit,NIDDA,Checking,4250.06,Y
2959,Deposit,IBB,Savings,45844.91,Y
2960,Deposit,IBB,CD Short Term,37191.47,Y
2960,Deposit,IBB,Money Market,39447.38,Y
2960,Deposit,NIDDA,Checking,3025.78,Y
2960,Deposit,IBB,Savings,21348.91,Y
2960,Credit,N/A,Credit Card,2536.11,Y
2960,Loan,N/A,Home Loan,421279.52,Y
2961,Deposit,NIDDA,Checking,15403.88,Y
2962,Deposit,IBB,CD Long Term,65393.41,Y
2962,Deposit,NIDDA,Checking,9685.3,Y
2962,Deposit,IBB,Savings,2379.35,Y
2962,Loan,N/A,Home Loan,141945.68,Y
2963,Deposit,IBB,CD Short Term,14428.74,Y
2963,Deposit,NIDDA,Checking,4120.41,Y
2964,Deposit,NIDDA,Checking,11752.2,Y
2964,Deposit,IBB,Savings,5414.16,Y
2964,Loan,N/A,Home Loan,527754.96,Y
2964,Loan,N/A,Auto Loan,28966.77,Y
2965,Deposit,IBB,CD Long Term,9730.92,Y
2965,Deposit,IBB,CD Short Term,74264.27,Y
2965,Deposit,NIDDA,Checking,1848.03,Y
2965,Deposit,IBB,Savings,10298.07,Y
2965,Credit,N/A,Credit Card,1157.12,Y
2966,Deposit,NIDDA,Checking,2275.37,Y
2966,Deposit,IBB,Savings,9129.32,Y
2966,Loan,N/A,Auto Loan,25657.16,Y
2967,Deposit,IBB,CD Short Term,7309.35,Y
2967,Deposit,NIDDA,Checking,5209.87,Y
2967,Deposit,IBB,Savings,24895.98,Y
2967,Credit,N/A,Credit Card,14901.7,Y
2968,Deposit,IBB,CD Short Term,1571.94,Y
2968,Deposit,NIDDA,Checking,5965.59,Y
2968,Deposit,IBB,Savings,26106.08,Y
2968,Credit,N/A,Credit Card,5776.57,Y
2969,Deposit,IBB,CD Short Term,8936.47,Y
2969,Deposit,IBB,Money Market,13957.52,Y
2969,Deposit,NIDDA,Checking,7350.53,Y
2969,Deposit,IBB,Savings,18070.31,Y
2969,Loan,N/A,Home Loan,490080.05,Y
2970,Deposit,NIDDA,Checking,8267.65,Y
2970,Deposit,IBB,Savings,41969.14,Y
2970,Credit,N/A,Credit Card,1320.29,Y
2971,Deposit,IBB,CD Short Term,11549.96,Y
2971,Deposit,IBB,Money Market,8728.77,Y
2971,Deposit,NIDDA,Checking,1615.88,Y
2971,Credit,N/A,Credit Card,1514.61,Y
2972,Deposit,NIDDA,Checking,12650.57,Y
2972,Deposit,IBB,Savings,13460.77,Y
2973,Deposit,IBB,CD Long Term,7751.61,Y
2973,Deposit,NIDDA,Checking,5447.33,Y
2973,Deposit,IBB,Savings,3716.94,Y
2973,Credit,N/A,Credit Card,638.84,Y
2973,Loan,N/A,Personal Loan,14038.27,Y
2974,Deposit,NIDDA,Checking,6024.48,Y
2974,Deposit,IBB,Savings,1728.83,Y
2974,Credit,N/A,Credit Card,523.94,Y
2975,Deposit,NIDDA,Checking,12854.5,Y
2975,Deposit,IBB,Savings,17030.33,Y
2975,Credit,N/A,Credit Card,1655.08,Y
2976,Deposit,IBB,CD Short Term,4985.59,Y
2976,Deposit,NIDDA,Checking,10979.2,Y
2976,Deposit,IBB,Savings,1434.06,Y
2976,Credit,N/A,Credit Card,2594.3,Y
2976,Loan,N/A,Auto Loan,34184.64,Y
2977,Deposit,IBB,Money Market,4476.77,Y
2977,Deposit,NIDDA,Checking,26761.7,Y
2977,Deposit,IBB,Savings,11489.13,Y
2977,Loan,N/A,Auto Loan,24089.9,Y
2978,Deposit,IBB,CD Short Term,6615.77,Y
2978,Deposit,IBB,Money Market,4579.06,Y
2978,Deposit,NIDDA,Checking,3450.41,Y
2978,Deposit,IBB,Savings,5719.7,Y
2978,Credit,N/A,Credit Card,2857.03,Y
2979,Deposit,IBB,CD Short Term,9830.8,Y
2979,Deposit,IBB,Money Market,7315.88,Y
2979,Deposit,NIDDA,Checking,2470.17,Y
2979,Deposit,IBB,Savings,27926.38,Y
2980,Deposit,IBB,Money Market,9415.79,Y
2980,Deposit,NIDDA,Checking,11846.41,Y
2980,Deposit,IBB,Savings,11499.2,Y
2980,Loan,N/A,Auto Loan,38664.25,Y
2981,Deposit,IBB,CD Long Term,13093.3,Y
2981,Deposit,IBB,Money Market,11207.14,Y
2981,Deposit,NIDDA,Checking,14065.82,Y
2982,Deposit,IBB,CD Long Term,16547.69,Y
2982,Deposit,NIDDA,Checking,5837.75,Y
2982,Deposit,IBB,CD Short Term,13471.84,Y
2982,Deposit,IBB,Money Market,12204.15,Y
2982,Deposit,IBB,Savings,4176.24,Y
2982,Loan,N/A,Personal Loan,10739.02,Y
2983,Deposit,NIDDA,Checking,2290.95,Y
2983,Deposit,IBB,Savings,2009.45,Y
2983,Credit,N/A,Credit Card,8013.71,Y
2984,Deposit,NIDDA,Checking,849.08,Y
2984,Deposit,IBB,Savings,2445.62,Y
2984,Credit,N/A,Credit Card,1947.21,Y
2985,Deposit,IBB,CD Long Term,21457.71,Y
2985,Deposit,IBB,Money Market,13792.32,Y
2985,Deposit,NIDDA,Checking,7458.6,Y
2985,Credit,N/A,Credit Card,1817.15,Y
2985,Loan,N/A,Home Loan,401586.67,Y
2986,Deposit,IBB,Money Market,12133.2,Y
2986,Deposit,NIDDA,Checking,534.69,Y
2986,Deposit,IBB,Savings,5709.83,Y
2987,Deposit,NIDDA,Checking,3338.21,Y
2987,Deposit,IBB,Savings,13268.2,Y
2988,Deposit,IBB,CD Short Term,8173.79,Y
2988,Deposit,IBB,Money Market,2629.56,Y
2988,Deposit,NIDDA,Checking,10525.28,Y
2988,Deposit,IBB,Savings,11301.02,Y
2988,Credit,N/A,Credit Card,2654.94,Y
2988,Loan,N/A,Home Loan,499005.43,Y
2989,Deposit,IBB,CD Short Term,45382.01,Y
2989,Deposit,IBB,Money Market,12253.56,Y
2989,Deposit,NIDDA,Checking,4206.26,Y
2989,Deposit,IBB,Savings,7177.06,Y
2989,Loan,N/A,Auto Loan,41694.88,Y
2990,Deposit,IBB,CD Short Term,26338.1,Y
2990,Deposit,IBB,Money Market,8802.28,Y
2990,Deposit,NIDDA,Checking,2816.59,Y
2990,Deposit,IBB,Savings,6930.69,Y
2990,Credit,N/A,Credit Card,6683.96,Y
2991,Deposit,NIDDA,Checking,7357.24,Y
2991,Deposit,IBB,Savings,6626.64,Y
2991,Credit,N/A,Credit Card,1308.99,Y
2991,Loan,N/A,Home Loan,258611.41,Y
2992,Deposit,NIDDA,Checking,3555.82,Y
2992,Deposit,IBB,Savings,29244.83,Y
2993,Deposit,IBB,CD Long Term,195809.72,Y
2993,Deposit,IBB,Money Market,4173.58,Y
2993,Deposit,NIDDA,Checking,3405.74,Y
2993,Deposit,IBB,Savings,28254.67,Y
2993,Credit,N/A,Credit Card,3071.67,Y
2994,Deposit,NIDDA,Checking,1560.0,Y
2994,Deposit,IBB,Savings,2861.77,Y
2994,Loan,N/A,Auto Loan,37542.51,Y
2995,Deposit,IBB,CD Short Term,8375.53,Y
2995,Deposit,NIDDA,Checking,13943.73,Y
2995,Deposit,IBB,Savings,4397.86,Y
2995,Loan,N/A,Home Loan,470655.16,Y
2996,Deposit,IBB,CD Long Term,266116.96,Y
2996,Deposit,IBB,CD Short Term,4341.27,Y
2996,Deposit,NIDDA,Checking,11381.96,Y
2996,Deposit,IBB,Savings,19119.74,Y
2996,Loan,N/A,Home Loan,455077.52,Y
2997,Deposit,IBB,Money Market,7063.92,Y
2997,Deposit,NIDDA,Checking,13051.7,Y
2997,Loan,N/A,Auto Loan,45384.07,Y
2997,Loan,N/A,Personal Loan,13830.17,Y
2998,Deposit,NIDDA,Checking,6700.85,Y
2998,Deposit,IBB,Savings,5344.54,Y
2998,Loan,N/A,Personal Loan,7321.05,Y
2999,Deposit,IBB,CD Short Term,86713.16,Y
2999,Deposit,NIDDA,Checking,2874.94,Y
2999,Deposit,IBB,Savings,2628.51,Y
2999,Credit,N/A,Credit Card,11982.74,Y
2999,Loan,N/A,Personal Loan,14966.88,Y
3000,Deposit,NIDDA,Checking,12393.64,Y
3000,Deposit,IBB,Savings,1974.92,Y
3000,Credit,N/A,Credit Card,1129.56,Y
3001,Deposit,IBB,CD Long Term,1360.51,Y
3001,Deposit,IBB,Money Market,34394.88,Y
3001,Deposit,NIDDA,Checking,1885.16,Y
3001,Loan,N/A,Home Loan,399078.07,Y
3001,Loan,N/A,Auto Loan,30051.37,Y
3001,Loan,N/A,Personal Loan,10012.74,Y
3002,Deposit,NIDDA,Checking,4637.96,Y
3002,Deposit,IBB,Savings,4620.94,Y
3002,Credit,N/A,Credit Card,4596.78,Y
3002,Loan,N/A,Auto Loan,26132.04,Y
3002,Loan,N/A,Personal Loan,69979.51,Y
3003,Deposit,NIDDA,Checking,12638.23,Y
3003,Deposit,IBB,Savings,25549.93,Y
3003,Credit,N/A,Credit Card,55428.39,Y
3003,Loan,N/A,Home Loan,467580.25,Y
3004,Deposit,IBB,CD Long Term,11269.2,Y
3004,Deposit,NIDDA,Checking,1878.5,Y
3004,Deposit,IBB,CD Short Term,8070.09,Y
3004,Deposit,IBB,Money Market,8658.35,Y
3004,Deposit,IBB,Savings,3525.1,Y
3004,Credit,N/A,Credit Card,1197.64,Y
3004,Loan,N/A,Home Loan,323604.79,Y
3005,Deposit,NIDDA,Checking,9646.41,Y
3005,Deposit,IBB,Savings,9808.86,Y
3006,Deposit,IBB,CD Short Term,19664.92,Y
3006,Deposit,IBB,Money Market,47845.64,Y
3006,Deposit,NIDDA,Checking,11702.46,Y
3006,Deposit,IBB,Savings,1829.97,Y
3006,Credit,N/A,Credit Card,378.76,Y
3007,Deposit,IBB,CD Long Term,15017.43,Y
3007,Deposit,NIDDA,Checking,14441.95,Y
3007,Credit,N/A,Credit Card,3371.34,Y
3007,Loan,N/A,Auto Loan,20267.53,Y
3008,Deposit,NIDDA,Checking,12695.14,Y
3008,Deposit,IBB,Savings,19288.42,Y
3008,Credit,N/A,Credit Card,2469.62,Y
3008,Loan,N/A,Auto Loan,43694.59,Y
3009,Deposit,IBB,CD Long Term,25560.74,Y
3009,Deposit,NIDDA,Checking,15468.7,Y
3009,Deposit,IBB,CD Short Term,39362.12,Y
3009,Deposit,IBB,Money Market,49143.87,Y
3009,Deposit,IBB,Savings,28717.36,Y
3009,Credit,N/A,Credit Card,481.55,Y
3009,Loan,N/A,Home Loan,320935.24,Y
3010,Deposit,NIDDA,Checking,21130.19,Y
3010,Deposit,IBB,Savings,5863.57,Y
3011,Deposit,NIDDA,Checking,1281.16,Y
3011,Deposit,IBB,Savings,1804.36,Y
3012,Deposit,IBB,CD Long Term,11764.4,Y
3012,Deposit,IBB,Money Market,19777.47,Y
3012,Deposit,NIDDA,Checking,3834.52,Y
3012,Deposit,IBB,Savings,13921.87,Y
3012,Credit,N/A,Credit Card,985.32,Y
3012,Loan,N/A,Home Loan,494077.15,Y
3012,Loan,N/A,Auto Loan,29103.45,Y
3013,Deposit,IBB,Money Market,12839.06,Y
3013,Deposit,NIDDA,Checking,13559.75,Y
3013,Credit,N/A,Credit Card,1276.94,Y
3013,Loan,N/A,Auto Loan,39610.4,Y
3014,Deposit,IBB,CD Long Term,61592.53,Y
3014,Deposit,IBB,Money Market,6263.82,Y
3014,Deposit,NIDDA,Checking,41305.61,Y
3014,Credit,N/A,Credit Card,3886.16,Y
3014,Loan,N/A,Home Loan,452996.54,Y
3015,Deposit,IBB,CD Short Term,15594.07,Y
3015,Deposit,IBB,Money Market,2369.55,Y
3015,Deposit,NIDDA,Checking,1273.28,Y
3015,Deposit,IBB,Savings,2317.22,Y
3015,Loan,N/A,Home Loan,334161.34,Y
3016,Deposit,IBB,CD Long Term,28741.44,Y
3016,Deposit,IBB,CD Short Term,36850.99,Y
3016,Deposit,NIDDA,Checking,5608.57,Y
3016,Deposit,IBB,Savings,31518.14,Y
3016,Loan,N/A,Auto Loan,14958.62,Y
3017,Deposit,NIDDA,Checking,3963.2,Y
3017,Deposit,IBB,Savings,19473.41,Y
3017,Credit,N/A,Credit Card,10196.25,Y
3017,Loan,N/A,Home Loan,682581.51,Y
3018,Deposit,IBB,CD Short Term,40567.39,Y
3018,Deposit,IBB,Money Market,7044.48,Y
3018,Deposit,NIDDA,Checking,10397.24,Y
3018,Deposit,IBB,Savings,3993.67,Y
3018,Loan,N/A,Auto Loan,21112.52,Y
3019,Deposit,IBB,CD Short Term,26695.91,Y
3019,Deposit,NIDDA,Checking,970.01,Y
3019,Deposit,IBB,Savings,11762.25,Y
3019,Loan,N/A,Personal Loan,17144.42,Y
3020,Deposit,IBB,CD Short Term,41738.89,Y
3020,Deposit,NIDDA,Checking,2703.19,Y
3020,Deposit,IBB,Savings,2622.29,Y
3021,Deposit,IBB,CD Long Term,12630.17,Y
3021,Deposit,NIDDA,Checking,4010.05,Y
3021,Deposit,IBB,CD Short Term,15846.15,Y
3021,Deposit,IBB,Money Market,27023.29,Y
3021,Deposit,IBB,Savings,1943.88,Y
3021,Credit,N/A,Credit Card,1271.38,Y
3022,Deposit,NIDDA,Checking,7519.25,Y
3022,Credit,N/A,Credit Card,6516.84,Y
3022,Loan,N/A,Home Loan,385713.17,Y
3022,Loan,N/A,Auto Loan,44510.61,Y
3023,Deposit,IBB,Money Market,8638.86,Y
3023,Deposit,NIDDA,Checking,3776.98,Y
3023,Loan,N/A,Home Loan,473305.73,Y
3024,Deposit,IBB,Money Market,45296.61,Y
3024,Deposit,NIDDA,Checking,674.7,Y
3024,Deposit,IBB,Savings,2160.83,Y
3024,Credit,N/A,Credit Card,2308.92,Y
3024,Loan,N/A,Home Loan,316279.34,Y
3025,Deposit,IBB,CD Long Term,33140.82,Y
3025,Deposit,NIDDA,Checking,13729.02,Y
3025,Loan,N/A,Home Loan,285947.68,Y
3026,Deposit,IBB,Money Market,5069.32,Y
3026,Deposit,NIDDA,Checking,3930.03,Y
3026,Credit,N/A,Credit Card,15729.31,Y
3027,Deposit,IBB,CD Short Term,5738.96,Y
3027,Deposit,IBB,Money Market,6539.66,Y
3027,Deposit,NIDDA,Checking,4684.68,Y
3027,Deposit,IBB,Savings,9969.02,Y
3027,Credit,N/A,Credit Card,1623.61,Y
3027,Loan,N/A,Home Loan,412289.95,Y
3028,Deposit,NIDDA,Checking,18446.29,Y
3028,Deposit,IBB,Savings,2761.42,Y
3029,Deposit,NIDDA,Checking,1596.32,Y
3030,Deposit,IBB,Money Market,5868.74,Y
3030,Deposit,NIDDA,Checking,13996.43,Y
3030,Deposit,IBB,Savings,8826.5,Y
3030,Loan,N/A,Auto Loan,36865.66,Y
3031,Deposit,IBB,CD Short Term,8607.45,Y
3031,Deposit,NIDDA,Checking,51883.87,Y
3031,Credit,N/A,Credit Card,1523.65,Y
3031,Loan,N/A,Personal Loan,22394.3,Y
3032,Deposit,IBB,CD Long Term,8690.92,Y
3032,Deposit,IBB,Money Market,13813.06,Y
3032,Deposit,NIDDA,Checking,9136.98,Y
3032,Deposit,IBB,Savings,5693.28,Y
3032,Credit,N/A,Credit Card,1158.85,Y
3033,Deposit,NIDDA,Checking,4720.26,Y
3033,Deposit,IBB,Savings,11255.89,Y
3033,Credit,N/A,Credit Card,1967.85,Y
3034,Deposit,IBB,CD Short Term,2714.34,Y
3034,Deposit,NIDDA,Checking,6557.98,Y
3034,Deposit,IBB,Savings,7722.98,Y
3034,Loan,N/A,Home Loan,453156.45,Y
3035,Deposit,IBB,CD Long Term,23179.53,Y
3035,Deposit,IBB,CD Short Term,29431.65,Y
3035,Deposit,NIDDA,Checking,11304.87,Y
3035,Credit,N/A,Credit Card,2636.37,Y
3035,Loan,N/A,Home Loan,467436.81,Y
3036,Deposit,NIDDA,Checking,4981.92,Y
3036,Loan,N/A,Home Loan,638240.26,Y
3036,Loan,N/A,Auto Loan,31607.46,Y
3037,Deposit,IBB,CD Short Term,9333.7,Y
3037,Deposit,NIDDA,Checking,1883.95,Y
3037,Credit,N/A,Credit Card,1024.62,Y
3038,Deposit,IBB,Money Market,68195.35,Y
3038,Deposit,NIDDA,Checking,3939.64,Y
3038,Deposit,IBB,Savings,7057.1,Y
3038,Credit,N/A,Credit Card,5062.31,Y
3038,Loan,N/A,Auto Loan,13512.91,Y
3039,Deposit,NIDDA,Checking,9954.42,Y
3039,Deposit,IBB,Savings,7060.08,Y
3039,Loan,N/A,Home Loan,487114.16,Y
3039,Loan,N/A,Personal Loan,32546.59,Y
3040,Deposit,IBB,CD Short Term,80598.0,Y
3040,Deposit,NIDDA,Checking,12527.63,Y
3040,Deposit,IBB,Savings,18513.41,Y
3040,Credit,N/A,Credit Card,1271.3,Y
3040,Loan,N/A,Home Loan,893439.6,Y
3040,Loan,N/A,Auto Loan,40995.66,Y
3041,Deposit,IBB,CD Short Term,28134.75,Y
3041,Deposit,IBB,Money Market,7842.12,Y
3041,Deposit,NIDDA,Checking,8519.67,Y
3041,Deposit,IBB,Savings,6312.91,Y
3041,Credit,N/A,Credit Card,2195.83,Y
3041,Loan,N/A,Home Loan,453718.52,Y
3041,Loan,N/A,Auto Loan,49573.1,Y
3042,Deposit,IBB,CD Long Term,10865.95,Y
3042,Deposit,NIDDA,Checking,5953.5,Y
3042,Deposit,IBB,Savings,2608.26,Y
3042,Credit,N/A,Credit Card,10648.47,Y
3042,Loan,N/A,Home Loan,231262.9,Y
3043,Deposit,IBB,Money Market,5568.72,Y
3043,Deposit,NIDDA,Checking,11533.14,Y
3043,Deposit,IBB,Savings,6963.8,Y
3044,Deposit,IBB,Money Market,5939.91,Y
3044,Deposit,NIDDA,Checking,4924.26,Y
3044,Credit,N/A,Credit Card,2028.0,Y
3045,Deposit,IBB,CD Short Term,22453.26,Y
3045,Deposit,NIDDA,Checking,513.6,Y
3045,Deposit,IBB,Savings,1977.71,Y
3045,Loan,N/A,Home Loan,339440.07,Y
3046,Deposit,IBB,Money Market,4150.05,Y
3046,Deposit,NIDDA,Checking,4966.38,Y
3046,Credit,N/A,Credit Card,1320.25,Y
3047,Deposit,NIDDA,Checking,6308.98,Y
3047,Deposit,IBB,Savings,5097.31,Y
3047,Credit,N/A,Credit Card,928.89,Y
3048,Deposit,NIDDA,Checking,3971.19,Y
3048,Deposit,IBB,Savings,6003.12,Y
3048,Credit,N/A,Credit Card,3359.54,Y
3049,Deposit,IBB,CD Short Term,17973.33,Y
3049,Deposit,IBB,Money Market,12286.91,Y
3049,Deposit,NIDDA,Checking,3012.99,Y
3049,Deposit,IBB,Savings,4486.31,Y
3050,Deposit,IBB,CD Long Term,2166.65,Y
3050,Deposit,IBB,CD Short Term,7088.86,Y
3050,Deposit,NIDDA,Checking,11474.24,Y
3050,Deposit,IBB,Savings,19941.89,Y
3050,Credit,N/A,Credit Card,1965.53,Y
3050,Loan,N/A,Home Loan,258702.81,Y
3051,Deposit,NIDDA,Checking,6233.16,Y
3051,Deposit,IBB,Savings,49061.24,Y
3051,Loan,N/A,Auto Loan,43728.94,Y
3052,Deposit,IBB,CD Short Term,26397.65,Y
3052,Deposit,IBB,Money Market,20529.97,Y
3052,Deposit,NIDDA,Checking,2007.5,Y
3052,Deposit,IBB,Savings,13562.59,Y
3052,Credit,N/A,Credit Card,1361.66,Y
3053,Deposit,IBB,CD Short Term,112979.26,Y
3053,Deposit,NIDDA,Checking,3234.75,Y
3053,Deposit,IBB,Savings,17119.91,Y
3053,Credit,N/A,Credit Card,2529.36,Y
3053,Loan,N/A,Auto Loan,29914.73,Y
3054,Deposit,IBB,CD Short Term,20395.88,Y
3054,Deposit,IBB,Money Market,84025.67,Y
3054,Deposit,NIDDA,Checking,25181.32,Y
3054,Loan,N/A,Personal Loan,23415.17,Y
3055,Deposit,NIDDA,Checking,5972.01,Y
3055,Deposit,IBB,Savings,9678.31,Y
3055,Loan,N/A,Home Loan,666424.77,Y
3055,Loan,N/A,Auto Loan,32300.44,Y
3056,Deposit,IBB,CD Short Term,5625.27,Y
3056,Deposit,NIDDA,Checking,40528.55,Y
3056,Deposit,IBB,Savings,34433.85,Y
3056,Loan,N/A,Home Loan,729712.03,Y
3056,Loan,N/A,Auto Loan,30711.5,Y
3057,Deposit,IBB,CD Long Term,13339.27,Y
3057,Deposit,NIDDA,Checking,4588.7,Y
3057,Deposit,IBB,CD Short Term,6764.16,Y
3057,Deposit,IBB,Money Market,22287.5,Y
3057,Deposit,IBB,Savings,21163.12,Y
3057,Loan,N/A,Home Loan,160180.31,Y
3058,Deposit,IBB,CD Long Term,22360.37,Y
3058,Deposit,NIDDA,Checking,15803.77,Y
3058,Deposit,IBB,CD Short Term,31366.67,Y
3058,Deposit,IBB,Money Market,8097.31,Y
3058,Deposit,IBB,Savings,3518.47,Y
3058,Loan,N/A,Home Loan,163699.51,Y
3059,Deposit,IBB,CD Short Term,13123.51,Y
3059,Deposit,IBB,Money Market,1976.16,Y
3059,Deposit,NIDDA,Checking,4104.34,Y
3059,Deposit,IBB,Savings,18599.72,Y
3059,Loan,N/A,Home Loan,515891.31,Y
3060,Deposit,IBB,CD Short Term,23354.86,Y
3060,Deposit,NIDDA,Checking,7414.71,Y
3060,Deposit,IBB,Savings,3545.01,Y
3060,Credit,N/A,Credit Card,2859.44,Y
3061,Deposit,NIDDA,Checking,17519.29,Y
3061,Loan,N/A,Auto Loan,74824.14,Y
3062,Deposit,NIDDA,Checking,1294.37,Y
3062,Deposit,IBB,Savings,4971.67,Y
3062,Credit,N/A,Credit Card,1796.48,Y
3063,Deposit,IBB,CD Long Term,6058.04,Y
3063,Deposit,NIDDA,Checking,7640.93,Y
3063,Deposit,IBB,CD Short Term,24334.35,Y
3063,Deposit,IBB,Money Market,4831.87,Y
3063,Deposit,IBB,Savings,11003.03,Y
3063,Loan,N/A,Personal Loan,7812.9,Y
3064,Deposit,IBB,CD Short Term,9589.16,Y
3064,Deposit,IBB,Money Market,5975.34,Y
3064,Deposit,NIDDA,Checking,6321.17,Y
3064,Credit,N/A,Credit Card,3872.63,Y
3064,Loan,N/A,Auto Loan,38639.41,Y
3065,Deposit,NIDDA,Checking,16349.77,Y
3065,Deposit,IBB,Savings,21195.88,Y
3065,Loan,N/A,Auto Loan,28060.08,Y
3065,Loan,N/A,Personal Loan,8479.48,Y
3066,Deposit,IBB,CD Short Term,3626.93,Y
3066,Deposit,NIDDA,Checking,3615.88,Y
3066,Loan,N/A,Personal Loan,17160.92,Y
3067,Deposit,IBB,Money Market,13165.19,Y
3067,Deposit,NIDDA,Checking,5016.71,Y
3067,Loan,N/A,Auto Loan,31915.29,Y
3068,Deposit,IBB,CD Short Term,4117.78,Y
3068,Deposit,NIDDA,Checking,7831.34,Y
3068,Deposit,IBB,Savings,7896.57,Y
3069,Deposit,NIDDA,Checking,37752.98,Y
3069,Deposit,IBB,Savings,15748.71,Y
3069,Credit,N/A,Credit Card,7169.72,Y
3070,Deposit,NIDDA,Checking,7022.07,Y
3070,Deposit,IBB,Savings,20136.05,Y
3071,Deposit,IBB,CD Long Term,40566.25,Y
3071,Deposit,NIDDA,Checking,9207.36,Y
3071,Deposit,IBB,CD Short Term,15912.8,Y
3071,Deposit,IBB,Money Market,12489.69,Y
3071,Deposit,IBB,Savings,5000.85,Y
3071,Credit,N/A,Credit Card,465.23,Y
3071,Loan,N/A,Auto Loan,55332.64,Y
3072,Deposit,IBB,CD Short Term,20010.44,Y
3072,Deposit,IBB,Money Market,16056.98,Y
3072,Deposit,NIDDA,Checking,87954.9,Y
3072,Deposit,IBB,Savings,11637.76,Y
3072,Loan,N/A,Auto Loan,66093.95,Y
3073,Deposit,IBB,CD Long Term,4871.19,Y
3073,Deposit,IBB,Money Market,3748.87,Y
3073,Deposit,NIDDA,Checking,3409.57,Y
3073,Deposit,IBB,Savings,18032.35,Y
3073,Credit,N/A,Credit Card,4587.94,Y
3074,Deposit,IBB,Money Market,8097.34,Y
3074,Deposit,NIDDA,Checking,8765.57,Y
3074,Deposit,IBB,Savings,29797.3,Y
3074,Loan,N/A,Auto Loan,84804.19,Y
3074,Loan,N/A,Personal Loan,11221.78,Y
3075,Deposit,IBB,CD Long Term,52515.03,Y
3075,Deposit,NIDDA,Checking,1457.23,Y
3075,Deposit,IBB,Savings,3566.77,Y
3075,Credit,N/A,Credit Card,1273.75,Y
3076,Deposit,IBB,Money Market,11484.78,Y
3076,Deposit,NIDDA,Checking,26467.95,Y
3076,Deposit,IBB,Savings,19098.08,Y
3077,Deposit,IBB,CD Short Term,6326.58,Y
3077,Deposit,IBB,Money Market,8739.77,Y
3077,Deposit,NIDDA,Checking,3020.28,Y
3077,Loan,N/A,Home Loan,560035.46,Y
3078,Deposit,IBB,CD Short Term,9529.13,Y
3078,Deposit,NIDDA,Checking,26177.63,Y
3078,Deposit,IBB,Savings,4931.29,Y
3079,Deposit,IBB,Money Market,5038.95,Y
3079,Deposit,NIDDA,Checking,1671.78,Y
3079,Deposit,IBB,Savings,5629.21,Y
3079,Loan,N/A,Auto Loan,20501.56,Y
3079,Loan,N/A,Personal Loan,11461.27,Y
3080,Deposit,IBB,CD Long Term,12012.25,Y
3080,Deposit,IBB,CD Short Term,13821.73,Y
3080,Deposit,NIDDA,Checking,6551.48,Y
3080,Deposit,IBB,Savings,27821.43,Y
3080,Credit,N/A,Credit Card,6458.68,Y
3081,Deposit,IBB,CD Short Term,33671.79,Y
3081,Deposit,NIDDA,Checking,4719.31,Y
3081,Deposit,IBB,Savings,20332.84,Y
3081,Credit,N/A,Credit Card,1472.02,Y
3081,Loan,N/A,Auto Loan,48299.03,Y
3081,Loan,N/A,Personal Loan,32124.53,Y
3082,Deposit,IBB,CD Short Term,5916.35,Y
3082,Deposit,IBB,Money Market,34234.17,Y
3082,Deposit,NIDDA,Checking,4523.05,Y
3082,Deposit,IBB,Savings,12049.96,Y
3082,Credit,N/A,Credit Card,2231.06,Y
3082,Loan,N/A,Home Loan,496438.88,Y
3083,Deposit,NIDDA,Checking,4724.57,Y
3083,Deposit,IBB,Savings,4734.68,Y
3083,Credit,N/A,Credit Card,6557.6,Y
3083,Loan,N/A,Auto Loan,33763.11,Y
3084,Deposit,NIDDA,Checking,6688.33,Y
3084,Credit,N/A,Credit Card,1603.81,Y
3084,Loan,N/A,Auto Loan,72019.48,Y
3085,Deposit,IBB,Money Market,48326.42,Y
3085,Deposit,NIDDA,Checking,3554.41,Y
3085,Loan,N/A,Home Loan,536994.31,Y
3085,Loan,N/A,Personal Loan,15157.81,Y
3086,Deposit,IBB,CD Short Term,7210.78,Y
3086,Deposit,IBB,Money Market,1336.79,Y
3086,Deposit,NIDDA,Checking,10619.11,Y
3086,Deposit,IBB,Savings,7641.52,Y
3087,Deposit,IBB,CD Long Term,6868.44,Y
3087,Deposit,IBB,CD Short Term,7088.28,Y
3087,Deposit,NIDDA,Checking,7339.64,Y
3087,Credit,N/A,Credit Card,3276.71,Y
3088,Deposit,NIDDA,Checking,23691.78,Y
3089,Deposit,IBB,CD Short Term,11685.71,Y
3089,Deposit,IBB,Money Market,2644.52,Y
3089,Deposit,NIDDA,Checking,6489.84,Y
3089,Deposit,IBB,Savings,1596.21,Y
3089,Loan,N/A,Home Loan,436070.67,Y
3090,Deposit,IBB,CD Long Term,38714.5,Y
3090,Deposit,IBB,Money Market,49627.24,Y
3090,Deposit,NIDDA,Checking,2519.19,Y
3090,Deposit,IBB,Savings,5333.13,Y
3090,Credit,N/A,Credit Card,6300.96,Y
3090,Loan,N/A,Auto Loan,20389.27,Y
3091,Deposit,IBB,CD Short Term,51770.76,Y
3091,Deposit,NIDDA,Checking,3404.26,Y
3091,Deposit,IBB,Savings,25407.86,Y
3091,Loan,N/A,Auto Loan,46986.47,Y
3092,Deposit,IBB,Money Market,58100.06,Y
3092,Deposit,NIDDA,Checking,5621.35,Y
3092,Deposit,IBB,Savings,7385.51,Y
3093,Deposit,NIDDA,Checking,1490.02,Y
3093,Deposit,IBB,Savings,4590.42,Y
3093,Credit,N/A,Credit Card,1263.97,Y
3094,Deposit,IBB,CD Short Term,2582.27,Y
3094,Deposit,NIDDA,Checking,3889.42,Y
3094,Deposit,IBB,Savings,6833.97,Y
3094,Credit,N/A,Credit Card,5395.79,Y
3094,Loan,N/A,Home Loan,807919.72,Y
3094,Loan,N/A,Personal Loan,31369.25,Y
3095,Deposit,IBB,CD Short Term,21142.22,Y
3095,Deposit,IBB,Money Market,72718.4,Y
3095,Deposit,NIDDA,Checking,5182.14,Y
3095,Deposit,IBB,Savings,4691.73,Y
3095,Credit,N/A,Credit Card,2040.7,Y
3095,Loan,N/A,Personal Loan,17636.73,Y
3096,Deposit,IBB,Money Market,4633.51,Y
3096,Deposit,NIDDA,Checking,2965.92,Y
3096,Deposit,IBB,Savings,7915.55,Y
3096,Credit,N/A,Credit Card,3278.49,Y
3097,Deposit,IBB,CD Long Term,21149.64,Y
3097,Deposit,IBB,CD Short Term,27990.69,Y
3097,Deposit,NIDDA,Checking,11585.01,Y
3097,Deposit,IBB,Savings,683.54,Y
3097,Credit,N/A,Credit Card,3201.0,Y
3097,Loan,N/A,Home Loan,324803.41,Y
3098,Deposit,IBB,Money Market,7931.96,Y
3098,Deposit,NIDDA,Checking,7071.24,Y
3098,Deposit,IBB,Savings,2660.07,Y
3098,Credit,N/A,Credit Card,676.75,Y
3098,Loan,N/A,Auto Loan,25353.45,Y
3099,Deposit,NIDDA,Checking,12510.58,Y
3099,Deposit,IBB,Savings,5397.84,Y
3100,Deposit,IBB,CD Short Term,3899.31,Y
3100,Deposit,IBB,Money Market,19022.28,Y
3100,Deposit,NIDDA,Checking,6456.94,Y
3100,Deposit,IBB,Savings,5367.73,Y
3100,Credit,N/A,Credit Card,3250.1,Y
3101,Deposit,IBB,CD Long Term,64608.83,Y
3101,Deposit,IBB,CD Short Term,23373.72,Y
3101,Deposit,NIDDA,Checking,1862.69,Y
3101,Deposit,IBB,Savings,7731.07,Y
3101,Loan,N/A,Home Loan,290145.65,Y
3102,Deposit,IBB,Money Market,4848.73,Y
3102,Deposit,NIDDA,Checking,8590.34,Y
3102,Deposit,IBB,Savings,19731.09,Y
3102,Loan,N/A,Home Loan,862836.25,Y
3102,Loan,N/A,Auto Loan,60296.84,Y
3103,Deposit,IBB,Money Market,1207.41,Y
3103,Deposit,NIDDA,Checking,10247.29,Y
3103,Deposit,IBB,Savings,16632.61,Y
3103,Credit,N/A,Credit Card,576.93,Y
3103,Loan,N/A,Personal Loan,12115.8,Y
3104,Deposit,IBB,CD Short Term,61289.54,Y
3104,Deposit,NIDDA,Checking,7654.21,Y
3105,Deposit,NIDDA,Checking,5115.43,Y
3105,Deposit,IBB,Savings,2795.29,Y
3105,Credit,N/A,Credit Card,1564.67,Y
3106,Deposit,NIDDA,Checking,5143.49,Y
3106,Deposit,IBB,Savings,9521.7,Y
3106,Loan,N/A,Home Loan,281014.17,Y
3107,Deposit,NIDDA,Checking,9949.05,Y
3107,Deposit,IBB,Savings,10053.58,Y
3107,Credit,N/A,Credit Card,713.62,Y
3107,Loan,N/A,Home Loan,256202.21,Y
3108,Deposit,IBB,CD Short Term,13119.85,Y
3108,Deposit,NIDDA,Checking,6930.48,Y
3108,Deposit,IBB,Savings,1318.93,Y
3108,Loan,N/A,Home Loan,668102.77,Y
3109,Deposit,IBB,CD Short Term,88749.47,Y
3109,Deposit,IBB,Money Market,42545.2,Y
3109,Deposit,NIDDA,Checking,2164.7,Y
3109,Loan,N/A,Auto Loan,41320.23,Y
3110,Deposit,IBB,CD Short Term,16838.05,Y
3110,Deposit,NIDDA,Checking,22184.48,Y
3110,Deposit,IBB,Savings,13520.46,Y
3110,Credit,N/A,Credit Card,3013.8,Y
3111,Deposit,NIDDA,Checking,3104.73,Y
3111,Credit,N/A,Credit Card,3474.87,Y
3111,Loan,N/A,Auto Loan,21499.09,Y
3111,Loan,N/A,Personal Loan,12635.46,Y
3112,Deposit,IBB,Money Market,2898.35,Y
3112,Deposit,NIDDA,Checking,7173.33,Y
3112,Deposit,IBB,Savings,17552.52,Y
3113,Deposit,IBB,CD Short Term,61551.0,Y
3113,Deposit,IBB,Money Market,14351.48,Y
3113,Deposit,NIDDA,Checking,15435.91,Y
3113,Deposit,IBB,Savings,4636.36,Y
3113,Credit,N/A,Credit Card,2180.59,Y
3113,Loan,N/A,Auto Loan,26088.17,Y
3114,Deposit,IBB,CD Long Term,6810.84,Y
3114,Deposit,NIDDA,Checking,14037.94,Y
3114,Deposit,IBB,CD Short Term,11093.94,Y
3114,Deposit,IBB,Money Market,13368.6,Y
3114,Deposit,IBB,Savings,31484.63,Y
3115,Deposit,IBB,CD Long Term,66446.84,Y
3115,Deposit,NIDDA,Checking,5723.04,Y
3115,Deposit,IBB,Savings,6063.55,Y
3115,Credit,N/A,Credit Card,597.85,Y
3116,Deposit,IBB,Money Market,92552.91,Y
3116,Deposit,NIDDA,Checking,1887.29,Y
3116,Deposit,IBB,Savings,31037.1,Y
3116,Credit,N/A,Credit Card,894.23,Y
3116,Loan,N/A,Home Loan,500014.8,Y
3117,Deposit,IBB,Money Market,6907.54,Y
3117,Deposit,NIDDA,Checking,2489.28,Y
3117,Credit,N/A,Credit Card,941.25,Y
3118,Deposit,NIDDA,Checking,8693.93,Y
3118,Deposit,IBB,Savings,4311.98,Y
3118,Credit,N/A,Credit Card,4791.98,Y
3119,Deposit,IBB,CD Short Term,4386.42,Y
3119,Deposit,NIDDA,Checking,12005.11,Y
3119,Deposit,IBB,Savings,9534.37,Y
3119,Loan,N/A,Auto Loan,60769.41,Y
3119,Loan,N/A,Personal Loan,17968.89,Y
3120,Deposit,IBB,CD Long Term,34089.47,Y
3120,Deposit,IBB,Money Market,5831.6,Y
3120,Deposit,NIDDA,Checking,1514.48,Y
3120,Deposit,IBB,Savings,9890.26,Y
3120,Credit,N/A,Credit Card,10935.4,Y
3121,Deposit,IBB,Money Market,7351.54,Y
3121,Deposit,NIDDA,Checking,5125.95,Y
3121,Deposit,IBB,Savings,6381.9,Y
3121,Loan,N/A,Home Loan,238749.82,Y
3121,Loan,N/A,Auto Loan,36875.65,Y
3122,Deposit,NIDDA,Checking,6751.95,Y
3122,Deposit,IBB,Savings,20615.15,Y
3123,Deposit,IBB,CD Long Term,11693.05,Y
3123,Deposit,NIDDA,Checking,2508.79,Y
3123,Deposit,IBB,Savings,38812.34,Y
3123,Credit,N/A,Credit Card,7881.14,Y
3123,Loan,N/A,Personal Loan,36810.44,Y
3124,Deposit,IBB,Money Market,8621.6,Y
3124,Deposit,NIDDA,Checking,1891.97,Y
3124,Loan,N/A,Auto Loan,52159.37,Y
3125,Deposit,IBB,CD Short Term,26480.33,Y
3125,Deposit,IBB,Money Market,9974.89,Y
3125,Deposit,NIDDA,Checking,17598.47,Y
3125,Deposit,IBB,Savings,14413.34,Y
3125,Loan,N/A,Personal Loan,19178.66,Y
3126,Deposit,IBB,Money Market,8982.09,Y
3126,Deposit,NIDDA,Checking,1153.96,Y
3126,Deposit,IBB,Savings,5352.01,Y
3126,Loan,N/A,Home Loan,303974.9,Y
3127,Deposit,IBB,CD Long Term,10893.91,Y
3127,Deposit,IBB,CD Short Term,15022.63,Y
3127,Deposit,NIDDA,Checking,1919.12,Y
3127,Loan,N/A,Home Loan,257730.4,Y
3127,Loan,N/A,Auto Loan,50970.69,Y
3128,Deposit,NIDDA,Checking,12134.48,Y
3128,Deposit,IBB,Savings,21413.25,Y
3128,Credit,N/A,Credit Card,3573.46,Y
3129,Deposit,IBB,Money Market,7897.09,Y
3129,Deposit,NIDDA,Checking,8732.0,Y
3129,Deposit,IBB,Savings,3094.03,Y
3129,Credit,N/A,Credit Card,3609.62,Y
3130,Deposit,IBB,CD Long Term,13128.79,Y
3130,Deposit,IBB,Money Market,65931.34,Y
3130,Deposit,NIDDA,Checking,2495.05,Y
3130,Credit,N/A,Credit Card,4312.69,Y
3131,Deposit,IBB,CD Short Term,139108.29,Y
3131,Deposit,IBB,Money Market,12055.0,Y
3131,Deposit,NIDDA,Checking,900.95,Y
3131,Deposit,IBB,Savings,13475.09,Y
3131,Credit,N/A,Credit Card,817.28,Y
3132,Deposit,IBB,Money Market,10998.94,Y
3132,Deposit,NIDDA,Checking,25512.07,Y
3132,Credit,N/A,Credit Card,2641.27,Y
3133,Deposit,NIDDA,Checking,20908.22,Y
3133,Credit,N/A,Credit Card,2100.58,Y
3134,Deposit,NIDDA,Checking,1224.11,Y
3134,Credit,N/A,Credit Card,4576.4,Y
3134,Loan,N/A,Home Loan,837869.91,Y
3134,Loan,N/A,Personal Loan,10037.69,Y
3135,Deposit,IBB,CD Long Term,29545.81,Y
3135,Deposit,IBB,CD Short Term,26905.87,Y
3135,Deposit,NIDDA,Checking,14546.0,Y
3135,Deposit,IBB,Savings,14446.78,Y
3135,Credit,N/A,Credit Card,2604.52,Y
3136,Deposit,IBB,CD Long Term,28706.59,Y
3136,Deposit,NIDDA,Checking,1106.6,Y
3136,Deposit,IBB,Savings,668.96,Y
3136,Credit,N/A,Credit Card,5339.04,Y
3136,Loan,N/A,Auto Loan,58683.11,Y
3137,Deposit,IBB,Money Market,9541.09,Y
3137,Deposit,NIDDA,Checking,3956.76,Y
3137,Loan,N/A,Personal Loan,14276.12,Y
3138,Deposit,NIDDA,Checking,20866.68,Y
3138,Deposit,IBB,Savings,53843.18,Y
3138,Credit,N/A,Credit Card,2116.79,Y
3139,Deposit,IBB,CD Short Term,167510.72,Y
3139,Deposit,IBB,Money Market,13868.1,Y
3139,Deposit,NIDDA,Checking,17965.45,Y
3139,Deposit,IBB,Savings,12939.26,Y
3139,Loan,N/A,Personal Loan,17412.03,Y
3140,Deposit,IBB,Money Market,22185.81,Y
3140,Deposit,NIDDA,Checking,2637.59,Y
3141,Deposit,IBB,CD Long Term,9494.38,Y
3141,Deposit,IBB,Money Market,13685.17,Y
3141,Deposit,NIDDA,Checking,3596.76,Y
3141,Credit,N/A,Credit Card,1194.61,Y
3141,Loan,N/A,Home Loan,681520.08,Y
3142,Deposit,IBB,Money Market,1968.95,Y
3142,Deposit,NIDDA,Checking,9191.73,Y
3142,Deposit,IBB,Savings,5915.53,Y
3142,Credit,N/A,Credit Card,1132.07,Y
3143,Deposit,IBB,CD Short Term,8261.35,Y
3143,Deposit,IBB,Money Market,11724.17,Y
3143,Deposit,NIDDA,Checking,9021.69,Y
3143,Deposit,IBB,Savings,6777.01,Y
3143,Loan,N/A,Auto Loan,19714.56,Y
3144,Deposit,IBB,Money Market,39816.06,Y
3144,Deposit,NIDDA,Checking,2421.94,Y
3144,Deposit,IBB,Savings,6953.12,Y
3144,Credit,N/A,Credit Card,2434.18,Y
3144,Loan,N/A,Home Loan,778532.26,Y
3145,Deposit,NIDDA,Checking,11477.47,Y
3145,Deposit,IBB,Savings,9744.96,Y
3145,Loan,N/A,Auto Loan,10634.81,Y
3145,Loan,N/A,Personal Loan,10756.93,Y
3146,Deposit,NIDDA,Checking,62542.83,Y
3146,Credit,N/A,Credit Card,1313.3,Y
3147,Deposit,NIDDA,Checking,14013.85,Y
3147,Deposit,IBB,Savings,8118.7,Y
3147,Loan,N/A,Home Loan,850455.51,Y
3147,Loan,N/A,Auto Loan,38802.33,Y
3148,Deposit,IBB,CD Short Term,71725.75,Y
3148,Deposit,NIDDA,Checking,7986.2,Y
3148,Deposit,IBB,Savings,2127.18,Y
3149,Deposit,NIDDA,Checking,1296.51,Y
3149,Deposit,IBB,Savings,3409.94,Y
3150,Deposit,NIDDA,Checking,4665.11,Y
3150,Loan,N/A,Home Loan,312899.68,Y
3150,Loan,N/A,Auto Loan,21634.22,Y
3151,Deposit,NIDDA,Checking,9374.27,Y
3151,Credit,N/A,Credit Card,2636.27,Y
3151,Loan,N/A,Auto Loan,66271.58,Y
3152,Deposit,NIDDA,Checking,7843.18,Y
3152,Credit,N/A,Credit Card,3225.51,Y
3152,Loan,N/A,Auto Loan,15584.17,Y
3153,Deposit,IBB,CD Long Term,5018.57,Y
3153,Deposit,IBB,Money Market,14152.4,Y
3153,Deposit,NIDDA,Checking,3054.89,Y
3153,Deposit,IBB,Savings,1246.46,Y
3153,Loan,N/A,Home Loan,554589.51,Y
3154,Deposit,IBB,CD Short Term,18751.82,Y
3154,Deposit,NIDDA,Checking,14662.19,Y
3154,Deposit,IBB,Savings,8500.16,Y
3154,Credit,N/A,Credit Card,4629.38,Y
3154,Loan,N/A,Home Loan,849636.92,Y
3154,Loan,N/A,Auto Loan,27288.51,Y
3155,Deposit,NIDDA,Checking,9785.67,Y
3155,Loan,N/A,Home Loan,383888.98,Y
3155,Loan,N/A,Personal Loan,12625.91,Y
3156,Deposit,IBB,CD Short Term,3655.93,Y
3156,Deposit,IBB,Money Market,6873.87,Y
3156,Deposit,NIDDA,Checking,5448.25,Y
3156,Deposit,IBB,Savings,5102.44,Y
3156,Credit,N/A,Credit Card,2242.68,Y
3157,Deposit,IBB,CD Short Term,2763.52,Y
3157,Deposit,NIDDA,Checking,2613.97,Y
3157,Deposit,IBB,Savings,2642.69,Y
3157,Credit,N/A,Credit Card,3329.0,Y
3157,Loan,N/A,Home Loan,723235.11,Y
3158,Deposit,IBB,CD Long Term,5002.1,Y
3158,Deposit,NIDDA,Checking,4734.03,Y
3158,Deposit,IBB,CD Short Term,5170.48,Y
3158,Deposit,IBB,Money Market,6412.2,Y
3158,Deposit,IBB,Savings,7094.53,Y
3158,Credit,N/A,Credit Card,2875.42,Y
3158,Loan,N/A,Home Loan,369483.65,Y
3159,Deposit,IBB,Money Market,3294.33,Y
3159,Deposit,NIDDA,Checking,3870.54,Y
3159,Credit,N/A,Credit Card,3796.87,Y
3160,Deposit,IBB,CD Short Term,14505.2,Y
3160,Deposit,IBB,Money Market,14107.37,Y
3160,Deposit,NIDDA,Checking,8222.36,Y
3160,Deposit,IBB,Savings,5528.61,Y
3160,Loan,N/A,Auto Loan,53582.38,Y
3161,Deposit,IBB,Money Market,3452.65,Y
3161,Deposit,NIDDA,Checking,17419.33,Y
3162,Deposit,IBB,Money Market,4049.49,Y
3162,Deposit,NIDDA,Checking,1781.69,Y
3162,Credit,N/A,Credit Card,2144.15,Y
3163,Deposit,IBB,CD Long Term,46150.06,Y
3163,Deposit,IBB,Money Market,12564.22,Y
3163,Deposit,NIDDA,Checking,5289.68,Y
3163,Deposit,IBB,Savings,7213.84,Y
3164,Deposit,NIDDA,Checking,35129.55,Y
3164,Deposit,IBB,Savings,6424.67,Y
3164,Credit,N/A,Credit Card,2056.13,Y
3164,Loan,N/A,Auto Loan,47136.4,Y
3164,Loan,N/A,Personal Loan,13329.29,Y
3165,Deposit,IBB,CD Long Term,16281.16,Y
3165,Deposit,NIDDA,Checking,5105.6,Y
3165,Deposit,IBB,Savings,14608.94,Y
3165,Credit,N/A,Credit Card,1673.4,Y
3166,Deposit,IBB,CD Short Term,7515.31,Y
3166,Deposit,IBB,Money Market,2793.15,Y
3166,Deposit,NIDDA,Checking,37328.54,Y
3166,Credit,N/A,Credit Card,957.09,Y
3166,Loan,N/A,Home Loan,180532.16,Y
3167,Deposit,IBB,Money Market,3314.23,Y
3167,Deposit,NIDDA,Checking,35660.19,Y
3167,Deposit,IBB,Savings,2495.84,Y
3167,Credit,N/A,Credit Card,3585.67,Y
3167,Loan,N/A,Home Loan,600302.05,Y
3168,Deposit,IBB,CD Long Term,21281.84,Y
3168,Deposit,IBB,Money Market,15107.73,Y
3168,Deposit,NIDDA,Checking,3356.49,Y
3168,Deposit,IBB,Savings,57511.91,Y
3168,Credit,N/A,Credit Card,1457.18,Y
3169,Deposit,IBB,CD Short Term,8549.52,Y
3169,Deposit,NIDDA,Checking,17134.9,Y
3169,Loan,N/A,Personal Loan,15104.19,Y
3170,Deposit,IBB,CD Short Term,1387.17,Y
3170,Deposit,IBB,Money Market,6719.19,Y
3170,Deposit,NIDDA,Checking,15770.19,Y
3170,Credit,N/A,Credit Card,635.5,Y
3170,Loan,N/A,Home Loan,802776.35,Y
3171,Deposit,IBB,CD Short Term,18998.42,Y
3171,Deposit,IBB,Money Market,27694.07,Y
3171,Deposit,NIDDA,Checking,4075.19,Y
3171,Deposit,IBB,Savings,5628.32,Y
3171,Credit,N/A,Credit Card,3571.06,Y
3171,Loan,N/A,Home Loan,639490.41,Y
3172,Deposit,IBB,CD Long Term,15903.81,Y
3172,Deposit,NIDDA,Checking,10736.99,Y
3172,Deposit,IBB,Savings,8081.98,Y
3173,Deposit,IBB,Money Market,23590.92,Y
3173,Deposit,NIDDA,Checking,1813.74,Y
3174,Deposit,IBB,CD Long Term,18879.98,Y
3174,Deposit,IBB,CD Short Term,22826.39,Y
3174,Deposit,NIDDA,Checking,4046.88,Y
3174,Loan,N/A,Home Loan,364458.29,Y
3175,Deposit,IBB,CD Long Term,32957.24,Y
3175,Deposit,IBB,Money Market,14583.61,Y
3175,Deposit,NIDDA,Checking,11384.74,Y
3175,Deposit,IBB,Savings,9378.09,Y
3176,Deposit,IBB,CD Long Term,21922.9,Y
3176,Deposit,IBB,CD Short Term,6757.97,Y
3176,Deposit,IBB,Money Market,48706.96,Y
3176,Deposit,NIDDA,Checking,28064.15,Y
3176,Loan,N/A,Home Loan,499399.83,Y
3177,Deposit,IBB,CD Long Term,18084.23,Y
3177,Deposit,IBB,CD Short Term,30082.96,Y
3177,Deposit,IBB,Money Market,40291.24,Y
3177,Deposit,NIDDA,Checking,5454.4,Y
3178,Deposit,IBB,Money Market,10978.25,Y
3178,Deposit,NIDDA,Checking,5162.65,Y
3178,Loan,N/A,Auto Loan,42320.96,Y
3178,Loan,N/A,Personal Loan,15980.25,Y
3179,Deposit,IBB,CD Short Term,18066.38,Y
3179,Deposit,NIDDA,Checking,6537.91,Y
3179,Deposit,IBB,Savings,8433.44,Y
3179,Loan,N/A,Home Loan,449787.69,Y
3180,Deposit,IBB,CD Short Term,3356.32,Y
3180,Deposit,NIDDA,Checking,3311.78,Y
3180,Deposit,IBB,Savings,23310.79,Y
3181,Deposit,IBB,Money Market,21259.47,Y
3181,Deposit,NIDDA,Checking,11380.15,Y
3181,Deposit,IBB,Savings,12763.86,Y
3182,Deposit,NIDDA,Checking,5449.94,Y
3182,Credit,N/A,Credit Card,2884.83,Y
3182,Loan,N/A,Auto Loan,81003.98,Y
3182,Loan,N/A,Personal Loan,5225.02,Y
3183,Deposit,IBB,CD Long Term,10398.17,Y
3183,Deposit,NIDDA,Checking,1721.63,Y
3183,Deposit,IBB,CD Short Term,39935.43,Y
3183,Deposit,IBB,Money Market,7917.57,Y
3183,Deposit,IBB,Savings,15547.61,Y
3183,Credit,N/A,Credit Card,2844.87,Y
3184,Deposit,IBB,CD Short Term,8859.9,Y
3184,Deposit,IBB,Money Market,6228.13,Y
3184,Deposit,NIDDA,Checking,2717.64,Y
3184,Deposit,IBB,Savings,11701.33,Y
3184,Credit,N/A,Credit Card,1584.2,Y
3184,Loan,N/A,Auto Loan,39432.85,Y
3185,Deposit,IBB,CD Short Term,22110.72,Y
3185,Deposit,NIDDA,Checking,11121.85,Y
3185,Deposit,IBB,Savings,5445.51,Y
3185,Credit,N/A,Credit Card,3370.63,Y
3186,Deposit,IBB,CD Long Term,9180.82,Y
3186,Deposit,IBB,CD Short Term,12489.98,Y
3186,Deposit,IBB,Money Market,1417.43,Y
3186,Deposit,NIDDA,Checking,5622.55,Y
3186,Credit,N/A,Credit Card,2529.59,Y
3186,Loan,N/A,Home Loan,300204.37,Y
3187,Deposit,NIDDA,Checking,10384.78,Y
3187,Deposit,IBB,Savings,12079.55,Y
3187,Credit,N/A,Credit Card,3805.57,Y
3188,Deposit,NIDDA,Checking,8775.18,Y
3188,Deposit,IBB,Savings,1402.05,Y
3188,Loan,N/A,Auto Loan,40020.12,Y
3189,Deposit,IBB,CD Short Term,9377.88,Y
3189,Deposit,IBB,Money Market,2587.08,Y
3189,Deposit,NIDDA,Checking,11725.34,Y
3189,Deposit,IBB,Savings,4708.09,Y
3189,Credit,N/A,Credit Card,4748.51,Y
3189,Loan,N/A,Home Loan,358064.96,Y
3190,Deposit,IBB,Money Market,15619.49,Y
3190,Deposit,NIDDA,Checking,421.94,Y
3190,Loan,N/A,Home Loan,422339.3,Y
3191,Deposit,IBB,CD Long Term,11202.65,Y
3191,Deposit,IBB,CD Short Term,1857.8,Y
3191,Deposit,IBB,Money Market,5797.11,Y
3191,Deposit,NIDDA,Checking,3718.55,Y
3191,Loan,N/A,Home Loan,582664.5,Y
3192,Deposit,IBB,Money Market,4701.5,Y
3192,Deposit,NIDDA,Checking,7428.56,Y
3192,Deposit,IBB,Savings,4836.21,Y
3193,Deposit,IBB,Money Market,44776.99,Y
3193,Deposit,NIDDA,Checking,4660.12,Y
3193,Deposit,IBB,Savings,9647.55,Y
3193,Credit,N/A,Credit Card,982.33,Y
3194,Deposit,IBB,Money Market,20628.55,Y
3194,Deposit,NIDDA,Checking,1490.28,Y
3194,Deposit,IBB,Savings,9112.55,Y
3194,Credit,N/A,Credit Card,665.87,Y
3194,Loan,N/A,Auto Loan,15361.53,Y
3194,Loan,N/A,Personal Loan,14147.1,Y
3195,Deposit,IBB,CD Short Term,43639.68,Y
3195,Deposit,IBB,Money Market,27779.97,Y
3195,Deposit,NIDDA,Checking,2672.09,Y
3195,Deposit,IBB,Savings,37693.69,Y
3195,Credit,N/A,Credit Card,7939.37,Y
3196,Deposit,NIDDA,Checking,18205.31,Y
3196,Deposit,IBB,Savings,5144.99,Y
3196,Credit,N/A,Credit Card,9660.27,Y
3196,Loan,N/A,Home Loan,396853.01,Y
3197,Deposit,IBB,Money Market,17845.19,Y
3197,Deposit,NIDDA,Checking,3292.68,Y
3197,Deposit,IBB,Savings,23054.64,Y
3197,Credit,N/A,Credit Card,1290.07,Y
3197,Loan,N/A,Auto Loan,52734.62,Y
3197,Loan,N/A,Personal Loan,13365.87,Y
3198,Deposit,NIDDA,Checking,15692.46,Y
3198,Deposit,IBB,Savings,12070.67,Y
3199,Deposit,IBB,CD Long Term,9289.06,Y
3199,Deposit,NIDDA,Checking,12862.94,Y
3199,Loan,N/A,Home Loan,513420.39,Y
3200,Deposit,IBB,Money Market,23423.83,Y
3200,Deposit,NIDDA,Checking,5331.38,Y
3200,Deposit,IBB,Savings,5049.92,Y
3200,Loan,N/A,Auto Loan,23987.64,Y
3201,Deposit,NIDDA,Checking,17183.85,Y
3201,Deposit,IBB,Savings,7760.53,Y
3202,Deposit,NIDDA,Checking,11486.05,Y
3202,Deposit,IBB,Savings,4245.79,Y
3202,Credit,N/A,Credit Card,1373.3,Y
3203,Deposit,IBB,CD Short Term,12967.68,Y
3203,Deposit,NIDDA,Checking,17623.8,Y
3203,Deposit,IBB,Savings,3860.78,Y
3203,Credit,N/A,Credit Card,2620.85,Y
3204,Deposit,NIDDA,Checking,4536.53,Y
3204,Deposit,IBB,Savings,3514.91,Y
3204,Loan,N/A,Home Loan,456711.46,Y
3205,Deposit,IBB,CD Long Term,10333.78,Y
3205,Deposit,IBB,CD Short Term,4895.68,Y
3205,Deposit,NIDDA,Checking,4978.8,Y
3205,Deposit,IBB,Savings,2375.48,Y
3205,Credit,N/A,Credit Card,371.75,Y
3205,Loan,N/A,Home Loan,572859.09,Y
3206,Deposit,NIDDA,Checking,7407.82,Y
3206,Deposit,IBB,Savings,20883.5,Y
3207,Deposit,NIDDA,Checking,6797.99,Y
3207,Deposit,IBB,Savings,24115.83,Y
3207,Loan,N/A,Auto Loan,24537.32,Y
3207,Loan,N/A,Personal Loan,13073.38,Y
3208,Deposit,IBB,Money Market,7832.85,Y
3208,Deposit,NIDDA,Checking,2523.65,Y
3208,Deposit,IBB,Savings,16906.52,Y
3208,Credit,N/A,Credit Card,1626.7,Y
3209,Deposit,IBB,CD Long Term,10658.72,Y
3209,Deposit,IBB,Money Market,25240.47,Y
3209,Deposit,NIDDA,Checking,6258.09,Y
3209,Credit,N/A,Credit Card,7063.41,Y
3209,Loan,N/A,Home Loan,289691.28,Y
3209,Loan,N/A,Auto Loan,24412.82,Y
3210,Deposit,NIDDA,Checking,1960.76,Y
3210,Deposit,IBB,Savings,6924.84,Y
3210,Credit,N/A,Credit Card,1675.4,Y
3210,Loan,N/A,Home Loan,391644.22,Y
3210,Loan,N/A,Personal Loan,20314.93,Y
3211,Deposit,NIDDA,Checking,6484.35,Y
3211,Deposit,IBB,Savings,9694.47,Y
3212,Deposit,NIDDA,Checking,5841.9,Y
3212,Deposit,IBB,Savings,16426.38,Y
3212,Credit,N/A,Credit Card,4978.88,Y
3212,Loan,N/A,Personal Loan,35363.04,Y
3213,Deposit,IBB,Money Market,3966.09,Y
3213,Deposit,NIDDA,Checking,5260.38,Y
3213,Deposit,IBB,Savings,7251.18,Y
3213,Loan,N/A,Personal Loan,40115.18,Y
3214,Deposit,IBB,Money Market,1927.32,Y
3214,Deposit,NIDDA,Checking,5225.11,Y
3214,Deposit,IBB,Savings,7215.44,Y
3214,Credit,N/A,Credit Card,1474.54,Y
3215,Deposit,IBB,CD Short Term,20956.66,Y
3215,Deposit,NIDDA,Checking,25490.1,Y
3215,Deposit,IBB,Savings,9715.59,Y
3215,Credit,N/A,Credit Card,1217.73,Y
3215,Loan,N/A,Auto Loan,45791.13,Y
3216,Deposit,IBB,Money Market,22306.2,Y
3216,Deposit,NIDDA,Checking,7305.14,Y
3216,Deposit,IBB,Savings,10950.17,Y
3216,Loan,N/A,Home Loan,487355.46,Y
3217,Deposit,IBB,CD Short Term,8116.01,Y
3217,Deposit,IBB,Money Market,4221.2,Y
3217,Deposit,NIDDA,Checking,11205.58,Y
3217,Deposit,IBB,Savings,1528.86,Y
3217,Credit,N/A,Credit Card,2820.71,Y
3217,Loan,N/A,Personal Loan,18937.74,Y
3218,Deposit,IBB,CD Short Term,14321.89,Y
3218,Deposit,NIDDA,Checking,8346.09,Y
3218,Deposit,IBB,Savings,4943.53,Y
3219,Deposit,IBB,CD Long Term,26422.97,Y
3219,Deposit,IBB,CD Short Term,4380.8,Y
3219,Deposit,NIDDA,Checking,5694.94,Y
3219,Deposit,IBB,Savings,5656.26,Y
3219,Credit,N/A,Credit Card,1298.92,Y
3220,Deposit,IBB,CD Short Term,37405.78,Y
3220,Deposit,NIDDA,Checking,5491.33,Y
3220,Deposit,IBB,Savings,2827.68,Y
3221,Deposit,IBB,Money Market,2579.72,Y
3221,Deposit,NIDDA,Checking,3829.75,Y
3221,Credit,N/A,Credit Card,3870.43,Y
3222,Deposit,IBB,CD Long Term,6818.57,Y
3222,Deposit,IBB,CD Short Term,14092.85,Y
3222,Deposit,NIDDA,Checking,4207.67,Y
3222,Deposit,IBB,Savings,3463.01,Y
3222,Credit,N/A,Credit Card,6367.38,Y
3222,Loan,N/A,Home Loan,311253.87,Y
3223,Deposit,IBB,Money Market,29535.93,Y
3223,Deposit,NIDDA,Checking,8676.54,Y
3223,Deposit,IBB,Savings,4088.2,Y
3223,Loan,N/A,Home Loan,586249.22,Y
3224,Deposit,IBB,CD Long Term,16980.08,Y
3224,Deposit,IBB,CD Short Term,2582.94,Y
3224,Deposit,NIDDA,Checking,4601.01,Y
3224,Deposit,IBB,Savings,9947.75,Y
3224,Credit,N/A,Credit Card,1120.01,Y
3224,Loan,N/A,Home Loan,481200.66,Y
3225,Deposit,IBB,CD Long Term,3092.92,Y
3225,Deposit,NIDDA,Checking,2880.97,Y
3225,Deposit,IBB,Savings,39752.77,Y
3225,Credit,N/A,Credit Card,8501.37,Y
3225,Loan,N/A,Auto Loan,31083.87,Y
3226,Deposit,IBB,CD Short Term,13825.52,Y
3226,Deposit,NIDDA,Checking,1474.8,Y
3226,Deposit,IBB,Savings,1736.04,Y
3226,Credit,N/A,Credit Card,4090.15,Y
3227,Deposit,NIDDA,Checking,11683.44,Y
3227,Loan,N/A,Home Loan,461189.76,Y
3227,Loan,N/A,Auto Loan,63310.67,Y
3228,Deposit,IBB,CD Short Term,6070.48,Y
3228,Deposit,IBB,Money Market,82970.79,Y
3228,Deposit,NIDDA,Checking,2462.61,Y
3228,Deposit,IBB,Savings,2542.62,Y
3228,Credit,N/A,Credit Card,1344.32,Y
3228,Loan,N/A,Auto Loan,23095.72,Y
3228,Loan,N/A,Personal Loan,32918.13,Y
3229,Deposit,NIDDA,Checking,2575.81,Y
3229,Deposit,IBB,Savings,25093.11,Y
3229,Credit,N/A,Credit Card,1617.07,Y
3230,Deposit,NIDDA,Checking,591.2,Y
3230,Deposit,IBB,Savings,2682.72,Y
3230,Credit,N/A,Credit Card,1046.46,Y
3231,Deposit,IBB,Money Market,34576.72,Y
3231,Deposit,NIDDA,Checking,1628.66,Y
3231,Credit,N/A,Credit Card,3644.5,Y
3231,Loan,N/A,Auto Loan,19911.22,Y
3232,Deposit,IBB,CD Long Term,10584.88,Y
3232,Deposit,IBB,Money Market,1942.66,Y
3232,Deposit,NIDDA,Checking,4641.11,Y
3232,Deposit,IBB,Savings,4993.43,Y
3232,Loan,N/A,Personal Loan,12594.86,Y
3233,Deposit,IBB,CD Long Term,68274.5,Y
3233,Deposit,IBB,CD Short Term,65290.01,Y
3233,Deposit,NIDDA,Checking,5857.91,Y
3233,Credit,N/A,Credit Card,8597.15,Y
3234,Deposit,IBB,CD Long Term,19001.07,Y
3234,Deposit,IBB,Money Market,8456.01,Y
3234,Deposit,NIDDA,Checking,4667.65,Y
3234,Deposit,IBB,Savings,4469.48,Y
3234,Credit,N/A,Credit Card,1151.72,Y
3235,Deposit,IBB,CD Long Term,22913.9,Y
3235,Deposit,IBB,Money Market,42343.57,Y
3235,Deposit,NIDDA,Checking,6989.07,Y
3235,Deposit,IBB,Savings,5221.26,Y
3236,Deposit,IBB,Money Market,70815.3,Y
3236,Deposit,NIDDA,Checking,14873.81,Y
3236,Deposit,IBB,Savings,28829.7,Y
3236,Credit,N/A,Credit Card,4760.82,Y
3237,Deposit,IBB,CD Long Term,5313.7,Y
3237,Deposit,IBB,CD Short Term,30197.08,Y
3237,Deposit,NIDDA,Checking,24648.57,Y
3237,Deposit,IBB,Savings,3941.99,Y
3237,Credit,N/A,Credit Card,5960.98,Y
3237,Loan,N/A,Home Loan,458978.51,Y
3237,Loan,N/A,Personal Loan,8359.39,Y
3238,Deposit,NIDDA,Checking,3402.12,Y
3238,Deposit,IBB,Savings,8934.11,Y
3238,Credit,N/A,Credit Card,336.88,Y
3239,Deposit,NIDDA,Checking,3206.1,Y
3239,Deposit,IBB,Savings,10437.67,Y
3239,Credit,N/A,Credit Card,2725.2,Y
3240,Deposit,IBB,CD Short Term,1071.45,Y
3240,Deposit,NIDDA,Checking,1035.15,Y
3241,Deposit,NIDDA,Checking,5768.59,Y
3241,Deposit,IBB,Savings,6284.93,Y
3241,Loan,N/A,Auto Loan,18178.83,Y
3242,Deposit,NIDDA,Checking,3151.21,Y
3242,Deposit,IBB,Savings,51084.06,Y
3242,Credit,N/A,Credit Card,5699.18,Y
3243,Deposit,IBB,CD Short Term,10973.08,Y
3243,Deposit,NIDDA,Checking,12323.5,Y
3243,Loan,N/A,Auto Loan,27146.02,Y
3244,Deposit,IBB,CD Long Term,20364.77,Y
3244,Deposit,IBB,Money Market,9271.85,Y
3244,Deposit,NIDDA,Checking,11788.27,Y
3244,Deposit,IBB,Savings,5491.4,Y
3244,Loan,N/A,Home Loan,222489.58,Y
3245,Deposit,IBB,CD Short Term,25503.18,Y
3245,Deposit,IBB,Money Market,3187.83,Y
3245,Deposit,NIDDA,Checking,6747.3,Y
3245,Deposit,IBB,Savings,6353.88,Y
3245,Credit,N/A,Credit Card,13059.11,Y
3246,Deposit,IBB,CD Long Term,12034.32,Y
3246,Deposit,NIDDA,Checking,2936.21,Y
3246,Deposit,IBB,Savings,32700.84,Y
3246,Credit,N/A,Credit Card,6649.78,Y
3246,Loan,N/A,Auto Loan,26579.43,Y
3246,Loan,N/A,Personal Loan,11064.68,Y
3247,Deposit,NIDDA,Checking,6801.76,Y
3247,Credit,N/A,Credit Card,3871.31,Y
3247,Loan,N/A,Home Loan,480003.37,Y
3247,Loan,N/A,Auto Loan,37369.72,Y
3247,Loan,N/A,Personal Loan,27293.81,Y
3248,Deposit,IBB,CD Short Term,7421.92,Y
3248,Deposit,NIDDA,Checking,7436.01,Y
3248,Deposit,IBB,Savings,27818.53,Y
3248,Loan,N/A,Home Loan,340919.71,Y
3249,Deposit,NIDDA,Checking,7005.29,Y
3249,Deposit,IBB,Savings,5291.45,Y
3249,Credit,N/A,Credit Card,5377.59,Y
3249,Loan,N/A,Auto Loan,50515.93,Y
3249,Loan,N/A,Personal Loan,7450.23,Y
3250,Deposit,IBB,Money Market,28608.04,Y
3250,Deposit,NIDDA,Checking,6787.67,Y
3250,Deposit,IBB,Savings,14338.49,Y
3250,Credit,N/A,Credit Card,5923.73,Y
3251,Deposit,NIDDA,Checking,1226.52,Y
3251,Deposit,IBB,Savings,6607.01,Y
3252,Deposit,IBB,CD Long Term,11732.5,Y
3252,Deposit,IBB,Money Market,5589.59,Y
3252,Deposit,NIDDA,Checking,7625.59,Y
3252,Deposit,IBB,Savings,1032.06,Y
3253,Deposit,NIDDA,Checking,2541.42,Y
3253,Deposit,IBB,Savings,1703.0,Y
3253,Credit,N/A,Credit Card,576.14,Y
3253,Loan,N/A,Personal Loan,7574.83,Y
3254,Deposit,IBB,CD Long Term,22880.01,Y
3254,Deposit,NIDDA,Checking,10536.03,Y
3254,Deposit,IBB,Savings,5906.62,Y
3254,Loan,N/A,Home Loan,506325.41,Y
3255,Deposit,NIDDA,Checking,17162.14,Y
3255,Deposit,IBB,Savings,3519.76,Y
3256,Deposit,IBB,CD Short Term,6364.07,Y
3256,Deposit,NIDDA,Checking,3133.36,Y
3256,Deposit,IBB,Savings,9336.69,Y
3256,Loan,N/A,Personal Loan,25869.67,Y
3257,Deposit,IBB,CD Short Term,92484.83,Y
3257,Deposit,IBB,Money Market,11262.24,Y
3257,Deposit,NIDDA,Checking,2159.57,Y
3257,Credit,N/A,Credit Card,2037.2,Y
3258,Deposit,IBB,CD Short Term,32575.16,Y
3258,Deposit,IBB,Money Market,6519.63,Y
3258,Deposit,NIDDA,Checking,3172.52,Y
3258,Deposit,IBB,Savings,4354.58,Y
3258,Credit,N/A,Credit Card,2810.19,Y
3258,Loan,N/A,Home Loan,603918.5,Y
3258,Loan,N/A,Auto Loan,34855.31,Y
3259,Deposit,IBB,Money Market,3727.55,Y
3259,Deposit,NIDDA,Checking,8149.27,Y
3259,Credit,N/A,Credit Card,9052.61,Y
3260,Deposit,IBB,CD Long Term,14626.57,Y
3260,Deposit,IBB,Money Market,8957.7,Y
3260,Deposit,NIDDA,Checking,1766.6,Y
3260,Loan,N/A,Personal Loan,17110.29,Y
3261,Deposit,IBB,CD Short Term,65193.64,Y
3261,Deposit,NIDDA,Checking,9477.46,Y
3261,Deposit,IBB,Savings,2014.4,Y
3261,Credit,N/A,Credit Card,2045.46,Y
3261,Loan,N/A,Home Loan,350889.61,Y
3262,Deposit,IBB,CD Long Term,69347.65,Y
3262,Deposit,NIDDA,Checking,20450.55,Y
3262,Deposit,IBB,Savings,23109.67,Y
3262,Credit,N/A,Credit Card,4040.19,Y
3263,Deposit,NIDDA,Checking,7025.1,Y
3263,Deposit,IBB,Savings,14843.49,Y
3263,Loan,N/A,Home Loan,1038368.49,Y
3263,Loan,N/A,Auto Loan,49747.57,Y
3264,Deposit,IBB,CD Long Term,21529.42,Y
3264,Deposit,NIDDA,Checking,4036.84,Y
3264,Deposit,IBB,CD Short Term,3248.29,Y
3264,Deposit,IBB,Money Market,4671.86,Y
3264,Deposit,IBB,Savings,11554.83,Y
3265,Deposit,IBB,CD Short Term,49842.97,Y
3265,Deposit,NIDDA,Checking,5671.3,Y
3265,Deposit,IBB,Savings,7626.7,Y
3265,Credit,N/A,Credit Card,6882.55,Y
3266,Deposit,IBB,CD Long Term,66249.99,Y
3266,Deposit,IBB,Money Market,22765.27,Y
3266,Deposit,NIDDA,Checking,4060.41,Y
3266,Deposit,IBB,Savings,6967.44,Y
3266,Loan,N/A,Personal Loan,28263.53,Y
3267,Deposit,IBB,CD Short Term,103709.27,Y
3267,Deposit,NIDDA,Checking,9725.48,Y
3267,Deposit,IBB,Savings,27311.15,Y
3267,Credit,N/A,Credit Card,1666.13,Y
3267,Loan,N/A,Home Loan,311822.86,Y
3268,Deposit,NIDDA,Checking,6284.02,Y
3268,Deposit,IBB,Savings,33930.46,Y
3268,Credit,N/A,Credit Card,2106.29,Y
3268,Loan,N/A,Personal Loan,13090.0,Y
3269,Deposit,IBB,CD Short Term,22389.08,Y
3269,Deposit,NIDDA,Checking,3259.01,Y
3269,Credit,N/A,Credit Card,2173.31,Y
3269,Loan,N/A,Auto Loan,25078.34,Y
3270,Deposit,IBB,CD Short Term,95960.4,Y
3270,Deposit,IBB,Money Market,28848.39,Y
3270,Deposit,NIDDA,Checking,6944.97,Y
3270,Deposit,IBB,Savings,1345.14,Y
3270,Credit,N/A,Credit Card,866.12,Y
3271,Deposit,IBB,CD Long Term,41340.84,Y
3271,Deposit,NIDDA,Checking,21074.52,Y
3271,Loan,N/A,Personal Loan,6999.35,Y
3272,Deposit,NIDDA,Checking,3338.18,Y
3272,Deposit,IBB,Savings,6844.51,Y
3272,Loan,N/A,Home Loan,354563.81,Y
3273,Deposit,IBB,CD Short Term,10200.39,Y
3273,Deposit,NIDDA,Checking,7672.22,Y
3273,Credit,N/A,Credit Card,4134.7,Y
3273,Loan,N/A,Home Loan,562441.85,Y
3274,Deposit,IBB,CD Long Term,13026.1,Y
3274,Deposit,IBB,Money Market,19071.1,Y
3274,Deposit,NIDDA,Checking,6880.48,Y
3274,Deposit,IBB,Savings,2601.25,Y
3274,Loan,N/A,Home Loan,549174.43,Y
3275,Deposit,IBB,CD Short Term,8076.88,Y
3275,Deposit,IBB,Money Market,14102.23,Y
3275,Deposit,NIDDA,Checking,11410.93,Y
3275,Credit,N/A,Credit Card,2812.35,Y
3275,Loan,N/A,Home Loan,488293.73,Y
3275,Loan,N/A,Personal Loan,12946.96,Y
3276,Deposit,IBB,CD Short Term,9433.66,Y
3276,Deposit,IBB,Money Market,1186.2,Y
3276,Deposit,NIDDA,Checking,4948.14,Y
3276,Deposit,IBB,Savings,11990.98,Y
3276,Credit,N/A,Credit Card,5843.1,Y
3277,Deposit,IBB,CD Short Term,4884.66,Y
3277,Deposit,NIDDA,Checking,5663.88,Y
3277,Deposit,IBB,Savings,5431.8,Y
3277,Credit,N/A,Credit Card,936.75,Y
3278,Deposit,IBB,CD Short Term,349.15,Y
3278,Deposit,IBB,Money Market,17508.42,Y
3278,Deposit,NIDDA,Checking,2780.37,Y
3278,Credit,N/A,Credit Card,1966.42,Y
3278,Loan,N/A,Personal Loan,11485.82,Y
3279,Deposit,NIDDA,Checking,4065.06,Y
3279,Deposit,IBB,Savings,19925.02,Y
3279,Loan,N/A,Home Loan,360162.14,Y
3280,Deposit,IBB,CD Long Term,71328.14,Y
3280,Deposit,IBB,Money Market,7753.9,Y
3280,Deposit,NIDDA,Checking,4599.96,Y
3280,Deposit,IBB,Savings,51121.02,Y
3280,Credit,N/A,Credit Card,2925.06,Y
3281,Deposit,NIDDA,Checking,38835.19,Y
3281,Deposit,IBB,Savings,35345.63,Y
3281,Credit,N/A,Credit Card,2155.75,Y
3281,Loan,N/A,Home Loan,379093.1,Y
3282,Deposit,NIDDA,Checking,4320.08,Y
3283,Deposit,IBB,Money Market,14596.91,Y
3283,Deposit,NIDDA,Checking,4173.07,Y
3283,Deposit,IBB,Savings,2058.98,Y
3283,Loan,N/A,Home Loan,332622.51,Y
3283,Loan,N/A,Auto Loan,25607.05,Y
3284,Deposit,IBB,Money Market,13727.28,Y
3284,Deposit,NIDDA,Checking,3600.42,Y
3284,Deposit,IBB,Savings,3571.12,Y
3284,Credit,N/A,Credit Card,3441.77,Y
3284,Loan,N/A,Personal Loan,12887.83,Y
3285,Deposit,IBB,CD Long Term,25056.06,Y
3285,Deposit,NIDDA,Checking,9840.78,Y
3285,Deposit,IBB,Savings,5300.78,Y
3285,Loan,N/A,Home Loan,449539.56,Y
3286,Deposit,IBB,CD Short Term,20475.28,Y
3286,Deposit,IBB,Money Market,2571.23,Y
3286,Deposit,NIDDA,Checking,16463.6,Y
3286,Deposit,IBB,Savings,3178.35,Y
3286,Credit,N/A,Credit Card,6199.31,Y
3287,Deposit,IBB,CD Short Term,3350.8,Y
3287,Deposit,NIDDA,Checking,3513.47,Y
3287,Deposit,IBB,Savings,3542.22,Y
3287,Loan,N/A,Auto Loan,42397.31,Y
3288,Deposit,IBB,CD Long Term,19120.82,Y
3288,Deposit,IBB,Money Market,12419.64,Y
3288,Deposit,NIDDA,Checking,4998.28,Y
3288,Deposit,IBB,Savings,14181.71,Y
3289,Deposit,IBB,CD Long Term,40737.04,Y
3289,Deposit,IBB,Money Market,35394.05,Y
3289,Deposit,NIDDA,Checking,10100.35,Y
3289,Deposit,IBB,Savings,2348.33,Y
3289,Credit,N/A,Credit Card,2073.96,Y
3290,Deposit,IBB,CD Short Term,7671.22,Y
3290,Deposit,NIDDA,Checking,10466.53,Y
3290,Deposit,IBB,Savings,1568.42,Y
3290,Credit,N/A,Credit Card,1978.91,Y
3290,Loan,N/A,Home Loan,814073.05,Y
3291,Deposit,NIDDA,Checking,4169.03,Y
3291,Deposit,IBB,Savings,4303.26,Y
3291,Credit,N/A,Credit Card,1768.68,Y
3292,Deposit,NIDDA,Checking,6129.62,Y
3292,Deposit,IBB,Savings,16484.5,Y
3292,Credit,N/A,Credit Card,764.45,Y
3292,Loan,N/A,Auto Loan,45583.05,Y
3293,Deposit,NIDDA,Checking,4810.25,Y
3293,Credit,N/A,Credit Card,2310.71,Y
3293,Loan,N/A,Home Loan,155053.34,Y
3294,Deposit,IBB,CD Short Term,22559.27,Y
3294,Deposit,NIDDA,Checking,3838.33,Y
3294,Deposit,IBB,Savings,7696.22,Y
3295,Deposit,IBB,CD Long Term,23372.01,Y
3295,Deposit,NIDDA,Checking,1887.32,Y
3295,Deposit,IBB,Savings,24608.49,Y
3295,Credit,N/A,Credit Card,2639.95,Y
3296,Deposit,IBB,CD Short Term,5099.94,Y
3296,Deposit,IBB,Money Market,32134.3,Y
3296,Deposit,NIDDA,Checking,11322.97,Y
3296,Deposit,IBB,Savings,4550.51,Y
3296,Credit,N/A,Credit Card,7123.94,Y
3296,Loan,N/A,Home Loan,720178.01,Y
3296,Loan,N/A,Personal Loan,16527.84,Y
3297,Deposit,IBB,CD Long Term,64140.74,Y
3297,Deposit,IBB,CD Short Term,24429.16,Y
3297,Deposit,IBB,Money Market,3964.06,Y
3297,Deposit,NIDDA,Checking,4313.46,Y
3297,Credit,N/A,Credit Card,4524.99,Y
3297,Loan,N/A,Auto Loan,38078.5,Y
3298,Deposit,IBB,CD Short Term,28053.32,Y
3298,Deposit,NIDDA,Checking,15288.79,Y
3298,Deposit,IBB,Savings,2433.22,Y
3298,Credit,N/A,Credit Card,2877.1,Y
3299,Deposit,IBB,CD Short Term,4389.18,Y
3299,Deposit,NIDDA,Checking,3912.41,Y
3299,Credit,N/A,Credit Card,2417.78,Y
3300,Deposit,IBB,CD Long Term,27418.75,Y
3300,Deposit,IBB,Money Market,8366.24,Y
3300,Deposit,NIDDA,Checking,4340.98,Y
3300,Deposit,IBB,Savings,9100.52,Y
3300,Credit,N/A,Credit Card,8359.92,Y
3300,Loan,N/A,Auto Loan,39846.08,Y
3301,Deposit,NIDDA,Checking,3395.31,Y
3301,Deposit,IBB,Savings,2110.04,Y
3301,Credit,N/A,Credit Card,1055.98,Y
3302,Deposit,IBB,CD Long Term,44503.46,Y
3302,Deposit,NIDDA,Checking,10699.83,Y
3302,Credit,N/A,Credit Card,5037.94,Y
3302,Loan,N/A,Home Loan,413769.85,Y
3302,Loan,N/A,Auto Loan,59004.67,Y
3303,Deposit,IBB,CD Long Term,65107.35,Y
3303,Deposit,IBB,CD Short Term,70707.76,Y
3303,Deposit,NIDDA,Checking,4013.78,Y
3303,Deposit,IBB,Savings,13532.87,Y
3303,Credit,N/A,Credit Card,307.09,Y
3303,Loan,N/A,Personal Loan,8546.2,Y
3304,Deposit,IBB,CD Long Term,137599.29,Y
3304,Deposit,IBB,Money Market,19705.16,Y
3304,Deposit,NIDDA,Checking,36684.71,Y
3304,Deposit,IBB,Savings,5701.96,Y
3304,Loan,N/A,Home Loan,248390.19,Y
3305,Deposit,IBB,CD Short Term,61265.45,Y
3305,Deposit,NIDDA,Checking,11628.12,Y
3305,Deposit,IBB,Savings,38688.71,Y
3305,Loan,N/A,Personal Loan,10210.46,Y
3306,Deposit,NIDDA,Checking,33340.73,Y
3306,Deposit,IBB,Savings,7942.52,Y
3307,Deposit,IBB,Money Market,10599.59,Y
3307,Deposit,NIDDA,Checking,1734.69,Y
3307,Deposit,IBB,Savings,20129.99,Y
3307,Credit,N/A,Credit Card,869.91,Y
3307,Loan,N/A,Auto Loan,37943.83,Y
3308,Deposit,NIDDA,Checking,11534.87,Y
3308,Deposit,IBB,Savings,1694.6,Y
3308,Loan,N/A,Auto Loan,63569.99,Y
3309,Deposit,IBB,CD Long Term,24779.25,Y
3309,Deposit,IBB,CD Short Term,111011.38,Y
3309,Deposit,IBB,Money Market,21266.74,Y
3309,Deposit,NIDDA,Checking,62770.48,Y
3309,Loan,N/A,Auto Loan,41486.29,Y
3310,Deposit,IBB,CD Long Term,76779.38,Y
3310,Deposit,NIDDA,Checking,14489.82,Y
3310,Deposit,IBB,Savings,3775.6,Y
3310,Credit,N/A,Credit Card,4222.72,Y
3311,Deposit,NIDDA,Checking,2647.9,Y
3311,Credit,N/A,Credit Card,2110.34,Y
3311,Loan,N/A,Home Loan,678542.44,Y
3312,Deposit,NIDDA,Checking,9596.15,Y
3312,Deposit,IBB,Savings,2335.36,Y
3312,Credit,N/A,Credit Card,1535.59,Y
3312,Loan,N/A,Auto Loan,26880.69,Y
3313,Deposit,IBB,CD Short Term,3719.0,Y
3313,Deposit,NIDDA,Checking,9781.53,Y
3313,Deposit,IBB,Savings,5017.05,Y
3313,Loan,N/A,Auto Loan,23847.93,Y
3314,Deposit,IBB,CD Short Term,9484.42,Y
3314,Deposit,NIDDA,Checking,1539.65,Y
3314,Deposit,IBB,Savings,5824.15,Y
3314,Credit,N/A,Credit Card,2312.8,Y
3315,Deposit,IBB,Money Market,8122.66,Y
3315,Deposit,NIDDA,Checking,11741.59,Y
3315,Deposit,IBB,Savings,811.69,Y
3316,Deposit,IBB,CD Long Term,13389.11,Y
3316,Deposit,IBB,CD Short Term,7515.7,Y
3316,Deposit,NIDDA,Checking,4296.13,Y
3316,Deposit,IBB,Savings,12624.73,Y
3316,Credit,N/A,Credit Card,9021.92,Y
3316,Loan,N/A,Home Loan,424877.26,Y
3317,Deposit,NIDDA,Checking,8910.65,Y
3317,Deposit,IBB,Savings,2743.46,Y
3317,Credit,N/A,Credit Card,5660.02,Y
3317,Loan,N/A,Personal Loan,15344.59,Y
3318,Deposit,NIDDA,Checking,2786.84,Y
3318,Deposit,IBB,Savings,13352.33,Y
3318,Credit,N/A,Credit Card,3132.01,Y
3319,Deposit,NIDDA,Checking,3342.47,Y
3319,Deposit,IBB,Savings,17332.13,Y
3319,Credit,N/A,Credit Card,10813.0,Y
3319,Loan,N/A,Auto Loan,92857.49,Y
3320,Deposit,NIDDA,Checking,18093.05,Y
3320,Credit,N/A,Credit Card,1706.09,Y
3320,Loan,N/A,Home Loan,430188.37,Y
3321,Deposit,IBB,Money Market,5297.26,Y
3321,Deposit,NIDDA,Checking,4215.25,Y
3322,Deposit,IBB,CD Short Term,2732.98,Y
3322,Deposit,IBB,Money Market,2136.3,Y
3322,Deposit,NIDDA,Checking,3172.53,Y
3322,Deposit,IBB,Savings,26030.67,Y
3322,Credit,N/A,Credit Card,4428.39,Y
3323,Deposit,IBB,CD Short Term,5161.27,Y
3323,Deposit,IBB,Money Market,8370.44,Y
3323,Deposit,NIDDA,Checking,3238.04,Y
3323,Deposit,IBB,Savings,11878.63,Y
3323,Credit,N/A,Credit Card,698.01,Y
3323,Loan,N/A,Auto Loan,15316.83,Y
3324,Deposit,NIDDA,Checking,23112.42,Y
3324,Deposit,IBB,Savings,3927.69,Y
3325,Deposit,NIDDA,Checking,1113.03,Y
3325,Deposit,IBB,Savings,2994.98,Y
3325,Loan,N/A,Personal Loan,13410.56,Y
3326,Deposit,IBB,CD Long Term,6024.09,Y
3326,Deposit,NIDDA,Checking,26526.88,Y
3326,Deposit,IBB,Savings,5756.51,Y
3326,Credit,N/A,Credit Card,722.2,Y
3326,Loan,N/A,Home Loan,575910.24,Y
3327,Deposit,IBB,Money Market,6652.73,Y
3327,Deposit,NIDDA,Checking,9380.57,Y
3327,Deposit,IBB,Savings,42206.29,Y
3328,Deposit,IBB,CD Long Term,8489.58,Y
3328,Deposit,NIDDA,Checking,23276.34,Y
3328,Deposit,IBB,Savings,15080.29,Y
3329,Deposit,NIDDA,Checking,1632.13,Y
3329,Deposit,IBB,Savings,5873.97,Y
3329,Credit,N/A,Credit Card,4763.88,Y
3329,Loan,N/A,Home Loan,324325.3,Y
3329,Loan,N/A,Auto Loan,44633.24,Y
3330,Deposit,IBB,CD Short Term,9174.12,Y
3330,Deposit,NIDDA,Checking,8817.86,Y
3330,Deposit,IBB,Savings,5931.92,Y
3330,Credit,N/A,Credit Card,912.0,Y
3330,Loan,N/A,Auto Loan,11631.43,Y
3331,Deposit,IBB,CD Long Term,2071.45,Y
3331,Deposit,IBB,Money Market,7515.05,Y
3331,Deposit,NIDDA,Checking,17453.38,Y
3331,Credit,N/A,Credit Card,3117.19,Y
3332,Deposit,NIDDA,Checking,25835.46,Y
3333,Deposit,IBB,CD Long Term,13675.44,Y
3333,Deposit,IBB,Money Market,10426.62,Y
3333,Deposit,NIDDA,Checking,8330.22,Y
3333,Deposit,IBB,Savings,2026.39,Y
3333,Loan,N/A,Auto Loan,61840.93,Y
3334,Deposit,IBB,CD Long Term,7890.6,Y
3334,Deposit,NIDDA,Checking,7631.7,Y
3334,Credit,N/A,Credit Card,1274.16,Y
3334,Loan,N/A,Auto Loan,18440.43,Y
3335,Deposit,NIDDA,Checking,923.97,Y
3335,Credit,N/A,Credit Card,3610.98,Y
3335,Loan,N/A,Home Loan,163759.4,Y
3335,Loan,N/A,Auto Loan,58280.2,Y
3336,Deposit,IBB,Money Market,8473.23,Y
3336,Deposit,NIDDA,Checking,6726.63,Y
3336,Deposit,IBB,Savings,3091.7,Y
3337,Deposit,IBB,CD Long Term,37439.39,Y
3337,Deposit,IBB,Money Market,53801.87,Y
3337,Deposit,NIDDA,Checking,7127.92,Y
3337,Deposit,IBB,Savings,2662.36,Y
3337,Credit,N/A,Credit Card,845.2,Y
3337,Loan,N/A,Auto Loan,31728.76,Y
3338,Deposit,IBB,CD Short Term,32033.54,Y
3338,Deposit,IBB,Money Market,2708.08,Y
3338,Deposit,NIDDA,Checking,17958.3,Y
3338,Deposit,IBB,Savings,16007.7,Y
3338,Credit,N/A,Credit Card,2961.66,Y
3338,Loan,N/A,Auto Loan,60902.14,Y
3339,Deposit,IBB,CD Short Term,29994.79,Y
3339,Deposit,NIDDA,Checking,4205.3,Y
3339,Deposit,IBB,Savings,22893.39,Y
3339,Credit,N/A,Credit Card,434.99,Y
3339,Loan,N/A,Home Loan,770682.1,Y
3340,Deposit,IBB,CD Short Term,5622.63,Y
3340,Deposit,NIDDA,Checking,6348.13,Y
3340,Credit,N/A,Credit Card,4529.31,Y
3341,Deposit,IBB,CD Long Term,15955.13,Y
3341,Deposit,IBB,CD Short Term,18556.94,Y
3341,Deposit,NIDDA,Checking,5635.37,Y
3341,Deposit,IBB,Savings,5836.04,Y
3341,Credit,N/A,Credit Card,1062.54,Y
3341,Loan,N/A,Personal Loan,11891.99,Y
3342,Deposit,NIDDA,Checking,21037.62,Y
3342,Deposit,IBB,Savings,16792.04,Y
3342,Loan,N/A,Home Loan,1011909.02,Y
3342,Loan,N/A,Auto Loan,18985.48,Y
3343,Deposit,IBB,CD Short Term,37014.93,Y
3343,Deposit,NIDDA,Checking,4703.98,Y
3343,Deposit,IBB,Savings,13366.79,Y
3343,Credit,N/A,Credit Card,2980.34,Y
3343,Loan,N/A,Home Loan,370294.84,Y
3343,Loan,N/A,Personal Loan,20774.55,Y
3344,Deposit,NIDDA,Checking,27200.27,Y
3344,Deposit,IBB,Savings,18115.76,Y
3344,Credit,N/A,Credit Card,1464.0,Y
3344,Loan,N/A,Home Loan,680012.72,Y
3344,Loan,N/A,Auto Loan,36182.39,Y
3345,Deposit,NIDDA,Checking,11430.61,Y
3345,Deposit,IBB,Savings,19793.5,Y
3345,Credit,N/A,Credit Card,10465.45,Y
3345,Loan,N/A,Home Loan,282962.33,Y
3346,Deposit,IBB,CD Long Term,14413.65,Y
3346,Deposit,NIDDA,Checking,1738.37,Y
3346,Deposit,IBB,Savings,5322.54,Y
3346,Credit,N/A,Credit Card,8703.01,Y
3346,Loan,N/A,Auto Loan,31300.9,Y
3347,Deposit,IBB,Money Market,33820.85,Y
3347,Deposit,NIDDA,Checking,2849.11,Y
3347,Deposit,IBB,Savings,2728.37,Y
3347,Credit,N/A,Credit Card,3274.05,Y
3347,Loan,N/A,Auto Loan,16980.35,Y
3348,Deposit,IBB,Money Market,10598.08,Y
3348,Deposit,NIDDA,Checking,5544.5,Y
3348,Credit,N/A,Credit Card,5334.97,Y
3348,Loan,N/A,Home Loan,343112.89,Y
3348,Loan,N/A,Auto Loan,27644.82,Y
3349,Deposit,IBB,CD Long Term,33440.55,Y
3349,Deposit,NIDDA,Checking,11570.13,Y
3349,Credit,N/A,Credit Card,3142.66,Y
3350,Deposit,NIDDA,Checking,29216.01,Y
3350,Deposit,IBB,Savings,16346.59,Y
3350,Credit,N/A,Credit Card,3296.82,Y
3350,Loan,N/A,Home Loan,354202.59,Y
3351,Deposit,IBB,CD Long Term,26122.17,Y
3351,Deposit,NIDDA,Checking,2902.52,Y
3351,Deposit,IBB,Savings,22957.72,Y
3351,Credit,N/A,Credit Card,7477.89,Y
3351,Loan,N/A,Home Loan,302289.67,Y
3352,Deposit,NIDDA,Checking,13284.96,Y
3352,Deposit,IBB,Savings,5682.44,Y
3352,Credit,N/A,Credit Card,1739.3,Y
3352,Loan,N/A,Auto Loan,41438.49,Y
3353,Deposit,IBB,CD Long Term,131329.34,Y
3353,Deposit,IBB,Money Market,55763.49,Y
3353,Deposit,NIDDA,Checking,2356.48,Y
3353,Deposit,IBB,Savings,10461.65,Y
3353,Loan,N/A,Home Loan,304119.92,Y
3353,Loan,N/A,Auto Loan,78146.85,Y
3354,Deposit,IBB,CD Short Term,8772.06,Y
3354,Deposit,NIDDA,Checking,7577.23,Y
3354,Credit,N/A,Credit Card,3318.12,Y
3354,Loan,N/A,Home Loan,276656.99,Y
3354,Loan,N/A,Auto Loan,40775.71,Y
3355,Deposit,IBB,Money Market,4479.71,Y
3355,Deposit,NIDDA,Checking,13385.54,Y
3355,Deposit,IBB,Savings,1842.24,Y
3355,Credit,N/A,Credit Card,2299.36,Y
3355,Loan,N/A,Personal Loan,13089.01,Y
3356,Deposit,NIDDA,Checking,1442.32,Y
3356,Deposit,IBB,Savings,23217.84,Y
3356,Credit,N/A,Credit Card,359.19,Y
3357,Deposit,IBB,CD Long Term,19430.06,Y
3357,Deposit,NIDDA,Checking,9036.84,Y
3357,Deposit,IBB,Savings,12313.65,Y
3357,Loan,N/A,Auto Loan,21732.53,Y
3358,Deposit,NIDDA,Checking,1179.17,Y
3358,Credit,N/A,Credit Card,3674.82,Y
3358,Loan,N/A,Auto Loan,25134.67,Y
3359,Deposit,IBB,CD Long Term,9543.81,Y
3359,Deposit,NIDDA,Checking,6928.45,Y
3359,Deposit,IBB,Savings,22703.61,Y
3360,Deposit,IBB,CD Long Term,31006.28,Y
3360,Deposit,NIDDA,Checking,3646.11,Y
3360,Deposit,IBB,CD Short Term,13385.6,Y
3360,Deposit,IBB,Money Market,4968.46,Y
3360,Deposit,IBB,Savings,5428.46,Y
3361,Deposit,NIDDA,Checking,1978.54,Y
3361,Deposit,IBB,Savings,1788.35,Y
3361,Credit,N/A,Credit Card,2835.84,Y
3361,Loan,N/A,Home Loan,690276.96,Y
3362,Deposit,IBB,CD Short Term,11283.95,Y
3362,Deposit,IBB,Money Market,2675.71,Y
3362,Deposit,NIDDA,Checking,4666.28,Y
3362,Credit,N/A,Credit Card,559.53,Y
3363,Deposit,IBB,CD Short Term,4904.86,Y
3363,Deposit,IBB,Money Market,1403.05,Y
3363,Deposit,NIDDA,Checking,949.5,Y
3363,Deposit,IBB,Savings,3892.09,Y
3363,Credit,N/A,Credit Card,7578.42,Y
3363,Loan,N/A,Home Loan,423572.42,Y
3364,Deposit,IBB,Money Market,49304.43,Y
3364,Deposit,NIDDA,Checking,2354.18,Y
3364,Deposit,IBB,Savings,9554.43,Y
3364,Credit,N/A,Credit Card,1694.82,Y
3364,Loan,N/A,Home Loan,360384.71,Y
3365,Deposit,IBB,CD Long Term,6175.77,Y
3365,Deposit,IBB,Money Market,1770.23,Y
3365,Deposit,NIDDA,Checking,29173.53,Y
3365,Deposit,IBB,Savings,30992.8,Y
3365,Credit,N/A,Credit Card,863.45,Y
3365,Loan,N/A,Auto Loan,30751.29,Y
3366,Deposit,NIDDA,Checking,7586.98,Y
3366,Deposit,IBB,Savings,41045.44,Y
3367,Deposit,NIDDA,Checking,5238.03,Y
3367,Deposit,IBB,Savings,1475.36,Y
3367,Loan,N/A,Auto Loan,111340.53,Y
3368,Deposit,IBB,Money Market,25157.26,Y
3368,Deposit,NIDDA,Checking,5536.56,Y
3368,Deposit,IBB,Savings,39369.1,Y
3368,Loan,N/A,Auto Loan,8026.22,Y
3369,Deposit,IBB,CD Short Term,28709.46,Y
3369,Deposit,NIDDA,Checking,12334.77,Y
3369,Deposit,IBB,Savings,4295.66,Y
3369,Loan,N/A,Personal Loan,16700.29,Y
3370,Deposit,IBB,CD Long Term,5534.88,Y
3370,Deposit,NIDDA,Checking,1666.24,Y
3370,Deposit,IBB,Savings,20132.1,Y
3370,Credit,N/A,Credit Card,5280.59,Y
3370,Loan,N/A,Auto Loan,18883.18,Y
3371,Deposit,IBB,CD Long Term,47750.66,Y
3371,Deposit,IBB,Money Market,10872.44,Y
3371,Deposit,NIDDA,Checking,10668.53,Y
3371,Deposit,IBB,Savings,5582.52,Y
3371,Loan,N/A,Home Loan,498905.73,Y
3372,Deposit,NIDDA,Checking,2624.03,Y
3372,Deposit,IBB,Savings,3921.53,Y
3372,Credit,N/A,Credit Card,1074.68,Y
3372,Loan,N/A,Home Loan,687442.72,Y
3373,Deposit,IBB,CD Short Term,10623.41,Y
3373,Deposit,NIDDA,Checking,12448.15,Y
3373,Deposit,IBB,Savings,9006.68,Y
3374,Deposit,IBB,CD Short Term,62615.53,Y
3374,Deposit,NIDDA,Checking,1432.69,Y
3374,Deposit,IBB,Savings,3199.62,Y
3375,Deposit,IBB,CD Long Term,5156.93,Y
3375,Deposit,IBB,CD Short Term,10909.59,Y
3375,Deposit,NIDDA,Checking,10463.17,Y
3375,Deposit,IBB,Savings,17896.56,Y
3375,Credit,N/A,Credit Card,1872.31,Y
3376,Deposit,IBB,CD Short Term,12809.26,Y
3376,Deposit,NIDDA,Checking,1677.92,Y
3376,Deposit,IBB,Savings,25449.76,Y
3377,Deposit,IBB,CD Long Term,14742.07,Y
3377,Deposit,IBB,Money Market,9437.3,Y
3377,Deposit,NIDDA,Checking,2030.07,Y
3377,Deposit,IBB,Savings,34847.48,Y
3378,Deposit,IBB,Money Market,29994.12,Y
3378,Deposit,NIDDA,Checking,4195.58,Y
3378,Deposit,IBB,Savings,13925.24,Y
3378,Credit,N/A,Credit Card,8275.09,Y
3379,Deposit,NIDDA,Checking,1044.38,Y
3379,Deposit,IBB,Savings,32136.75,Y
3379,Credit,N/A,Credit Card,2605.0,Y
3380,Deposit,IBB,CD Short Term,9152.74,Y
3380,Deposit,IBB,Money Market,83800.12,Y
3380,Deposit,NIDDA,Checking,12975.56,Y
3381,Deposit,IBB,CD Short Term,19449.57,Y
3381,Deposit,NIDDA,Checking,2798.3,Y
3381,Deposit,IBB,Savings,3739.9,Y
3381,Loan,N/A,Home Loan,532421.47,Y
3382,Deposit,NIDDA,Checking,4412.08,Y
3382,Deposit,IBB,Savings,20718.61,Y
3383,Deposit,IBB,CD Short Term,3205.84,Y
3383,Deposit,IBB,Money Market,18512.59,Y
3383,Deposit,NIDDA,Checking,3326.96,Y
3383,Credit,N/A,Credit Card,1552.77,Y
3384,Deposit,IBB,CD Short Term,26992.34,Y
3384,Deposit,NIDDA,Checking,22927.25,Y
3384,Deposit,IBB,Savings,63459.59,Y
3384,Loan,N/A,Personal Loan,10951.32,Y
3385,Deposit,IBB,CD Long Term,24589.29,Y
3385,Deposit,IBB,CD Short Term,17846.02,Y
3385,Deposit,NIDDA,Checking,7014.31,Y
3385,Deposit,IBB,Savings,4963.84,Y
3385,Credit,N/A,Credit Card,4289.13,Y
3386,Deposit,IBB,CD Long Term,9054.3,Y
3386,Deposit,IBB,CD Short Term,12470.39,Y
3386,Deposit,NIDDA,Checking,46438.17,Y
3386,Deposit,IBB,Savings,9590.15,Y
3386,Loan,N/A,Auto Loan,74188.07,Y
3387,Deposit,IBB,CD Long Term,52331.58,Y
3387,Deposit,IBB,Money Market,17197.63,Y
3387,Deposit,NIDDA,Checking,8348.76,Y
3387,Credit,N/A,Credit Card,3637.68,Y
3388,Deposit,IBB,CD Short Term,9696.34,Y
3388,Deposit,NIDDA,Checking,37507.53,Y
3388,Deposit,IBB,Savings,14272.41,Y
3388,Loan,N/A,Home Loan,804593.98,Y
3389,Deposit,IBB,Money Market,4440.9,Y
3389,Deposit,NIDDA,Checking,4494.53,Y
3389,Deposit,IBB,Savings,10441.75,Y
3389,Credit,N/A,Credit Card,1131.36,Y
3390,Deposit,IBB,CD Long Term,4727.44,Y
3390,Deposit,NIDDA,Checking,1644.93,Y
3390,Credit,N/A,Credit Card,1319.71,Y
3390,Loan,N/A,Auto Loan,32796.83,Y
3391,Deposit,NIDDA,Checking,14256.29,Y
3391,Deposit,IBB,Savings,6765.94,Y
3391,Credit,N/A,Credit Card,1101.48,Y
3392,Deposit,IBB,CD Short Term,9081.63,Y
3392,Deposit,NIDDA,Checking,13456.81,Y
3392,Deposit,IBB,Savings,5871.18,Y
3393,Deposit,IBB,Money Market,16135.64,Y
3393,Deposit,NIDDA,Checking,14147.87,Y
3393,Deposit,IBB,Savings,13295.63,Y
3393,Credit,N/A,Credit Card,2546.74,Y
3393,Loan,N/A,Auto Loan,25407.43,Y
3394,Deposit,IBB,CD Long Term,34295.97,Y
3394,Deposit,NIDDA,Checking,10156.9,Y
3394,Deposit,IBB,Savings,9861.07,Y
3394,Credit,N/A,Credit Card,2861.6,Y
3394,Loan,N/A,Home Loan,373612.95,Y
3394,Loan,N/A,Auto Loan,67328.74,Y
3395,Deposit,IBB,CD Short Term,4398.21,Y
3395,Deposit,NIDDA,Checking,8070.77,Y
3395,Deposit,IBB,Savings,17034.73,Y
3395,Loan,N/A,Home Loan,463057.76,Y
3396,Deposit,IBB,CD Long Term,2749.87,Y
3396,Deposit,IBB,Money Market,72729.0,Y
3396,Deposit,NIDDA,Checking,16137.85,Y
3396,Deposit,IBB,Savings,7857.36,Y
3396,Loan,N/A,Personal Loan,26556.45,Y
3397,Deposit,IBB,CD Short Term,2958.03,Y
3397,Deposit,NIDDA,Checking,3884.58,Y
3397,Deposit,IBB,Savings,12308.5,Y
3397,Credit,N/A,Credit Card,2681.52,Y
3397,Loan,N/A,Personal Loan,8826.65,Y
3398,Deposit,IBB,CD Long Term,39048.19,Y
3398,Deposit,NIDDA,Checking,10315.0,Y
3398,Credit,N/A,Credit Card,5362.35,Y
3398,Loan,N/A,Home Loan,238175.03,Y
3399,Deposit,IBB,CD Short Term,17980.71,Y
3399,Deposit,IBB,Money Market,8642.35,Y
3399,Deposit,NIDDA,Checking,3481.82,Y
3399,Deposit,IBB,Savings,27196.81,Y
3399,Loan,N/A,Auto Loan,24902.72,Y
3399,Loan,N/A,Personal Loan,41550.52,Y
3400,Deposit,IBB,Money Market,7421.24,Y
3400,Deposit,NIDDA,Checking,23157.7,Y
3400,Deposit,IBB,Savings,1872.8,Y
3400,Credit,N/A,Credit Card,1222.88,Y
3401,Deposit,IBB,CD Long Term,10903.42,Y
3401,Deposit,IBB,Money Market,30707.25,Y
3401,Deposit,NIDDA,Checking,3869.22,Y
3401,Deposit,IBB,Savings,1128.63,Y
3401,Credit,N/A,Credit Card,3881.66,Y
3401,Loan,N/A,Home Loan,338399.04,Y
3402,Deposit,IBB,Money Market,40779.73,Y
3402,Deposit,NIDDA,Checking,12136.15,Y
3402,Deposit,IBB,Savings,40010.35,Y
3402,Loan,N/A,Auto Loan,69903.55,Y
3403,Deposit,NIDDA,Checking,2844.23,Y
3403,Deposit,IBB,Savings,18423.34,Y
3403,Loan,N/A,Home Loan,316139.27,Y
3404,Deposit,IBB,Money Market,2822.53,Y
3404,Deposit,NIDDA,Checking,1523.45,Y
3404,Deposit,IBB,Savings,14633.88,Y
3404,Credit,N/A,Credit Card,5229.45,Y
3404,Loan,N/A,Home Loan,446302.27,Y
3404,Loan,N/A,Auto Loan,18349.05,Y
3404,Loan,N/A,Personal Loan,84712.84,Y
3405,Deposit,NIDDA,Checking,5518.42,Y
3405,Deposit,IBB,Savings,15394.37,Y
3405,Credit,N/A,Credit Card,1969.88,Y
3405,Loan,N/A,Home Loan,737517.87,Y
3405,Loan,N/A,Personal Loan,12787.67,Y
3406,Deposit,IBB,CD Long Term,12081.3,Y
3406,Deposit,IBB,Money Market,5003.96,Y
3406,Deposit,NIDDA,Checking,7464.99,Y
3406,Deposit,IBB,Savings,19480.81,Y
3406,Credit,N/A,Credit Card,4994.42,Y
3407,Deposit,IBB,CD Long Term,44195.1,Y
3407,Deposit,IBB,CD Short Term,119225.25,Y
3407,Deposit,NIDDA,Checking,10126.7,Y
3407,Deposit,IBB,Savings,3010.31,Y
3407,Credit,N/A,Credit Card,1106.01,Y
3407,Loan,N/A,Home Loan,373533.13,Y
3407,Loan,N/A,Personal Loan,66104.06,Y
3408,Deposit,IBB,Money Market,8911.69,Y
3408,Deposit,NIDDA,Checking,9253.41,Y
3408,Deposit,IBB,Savings,1922.88,Y
3408,Credit,N/A,Credit Card,751.13,Y
3408,Loan,N/A,Auto Loan,9566.79,Y
3409,Deposit,NIDDA,Checking,17660.82,Y
3409,Deposit,IBB,Savings,2273.55,Y
3409,Credit,N/A,Credit Card,600.51,Y
3410,Deposit,NIDDA,Checking,13549.52,Y
3410,Deposit,IBB,Savings,3522.29,Y
3410,Credit,N/A,Credit Card,551.81,Y
3410,Loan,N/A,Home Loan,383936.59,Y
3411,Deposit,IBB,CD Short Term,43865.58,Y
3411,Deposit,NIDDA,Checking,33258.57,Y
3411,Deposit,IBB,Savings,24223.5,Y
3411,Credit,N/A,Credit Card,9846.44,Y
3411,Loan,N/A,Home Loan,605596.37,Y
3412,Deposit,IBB,CD Short Term,7987.77,Y
3412,Deposit,NIDDA,Checking,3340.32,Y
3412,Deposit,IBB,Savings,2615.59,Y
3413,Deposit,IBB,CD Short Term,20515.14,Y
3413,Deposit,IBB,Money Market,30832.71,Y
3413,Deposit,NIDDA,Checking,7311.6,Y
3413,Deposit,IBB,Savings,9125.42,Y
3413,Loan,N/A,Home Loan,715632.31,Y
3414,Deposit,IBB,CD Long Term,94911.1,Y
3414,Deposit,IBB,CD Short Term,21203.74,Y
3414,Deposit,NIDDA,Checking,1727.7,Y
3414,Credit,N/A,Credit Card,850.11,Y
3415,Deposit,NIDDA,Checking,8949.52,Y
3415,Deposit,IBB,Savings,11568.41,Y
3415,Loan,N/A,Auto Loan,42589.02,Y
3416,Deposit,IBB,Money Market,17160.24,Y
3416,Deposit,NIDDA,Checking,7355.77,Y
3416,Deposit,IBB,Savings,898.61,Y
3417,Deposit,IBB,CD Long Term,130401.78,Y
3417,Deposit,NIDDA,Checking,13783.65,Y
3417,Deposit,IBB,CD Short Term,3569.27,Y
3417,Deposit,IBB,Money Market,76036.08,Y
3417,Deposit,IBB,Savings,5406.9,Y
3417,Loan,N/A,Home Loan,563231.55,Y
3418,Deposit,IBB,CD Long Term,38443.3,Y
3418,Deposit,IBB,Money Market,3522.42,Y
3418,Deposit,NIDDA,Checking,1443.87,Y
3418,Deposit,IBB,Savings,3575.48,Y
3418,Loan,N/A,Auto Loan,39611.31,Y
3419,Deposit,IBB,Money Market,75555.66,Y
3419,Deposit,NIDDA,Checking,1630.47,Y
3419,Deposit,IBB,Savings,6524.89,Y
3419,Credit,N/A,Credit Card,7797.8,Y
3420,Deposit,IBB,CD Long Term,50899.81,Y
3420,Deposit,IBB,CD Short Term,46988.16,Y
3420,Deposit,NIDDA,Checking,4950.25,Y
3420,Credit,N/A,Credit Card,215.5,Y
3421,Deposit,IBB,CD Short Term,114054.75,Y
3421,Deposit,NIDDA,Checking,4865.02,Y
3421,Loan,N/A,Personal Loan,20400.59,Y
3422,Deposit,IBB,CD Short Term,18013.96,Y
3422,Deposit,IBB,Money Market,7756.99,Y
3422,Deposit,NIDDA,Checking,31912.51,Y
3422,Deposit,IBB,Savings,6215.14,Y
3422,Credit,N/A,Credit Card,4463.91,Y
3422,Loan,N/A,Home Loan,712458.86,Y
3423,Deposit,IBB,CD Long Term,47748.43,Y
3423,Deposit,IBB,CD Short Term,9254.39,Y
3423,Deposit,NIDDA,Checking,13774.7,Y
3423,Credit,N/A,Credit Card,619.14,Y
3424,Deposit,NIDDA,Checking,5682.38,Y
3424,Deposit,IBB,Savings,21430.5,Y
3424,Credit,N/A,Credit Card,15257.94,Y
3425,Deposit,IBB,CD Short Term,23541.14,Y
3425,Deposit,NIDDA,Checking,4535.77,Y
3425,Deposit,IBB,Savings,76113.07,Y
3425,Credit,N/A,Credit Card,1997.64,Y
3426,Deposit,IBB,CD Long Term,16591.81,Y
3426,Deposit,NIDDA,Checking,3302.16,Y
3426,Deposit,IBB,CD Short Term,1658.01,Y
3426,Deposit,IBB,Money Market,18580.68,Y
3426,Deposit,IBB,Savings,12217.24,Y
3426,Credit,N/A,Credit Card,2408.35,Y
3426,Loan,N/A,Home Loan,378218.29,Y
3427,Deposit,IBB,CD Short Term,21789.85,Y
3427,Deposit,IBB,Money Market,72021.02,Y
3427,Deposit,NIDDA,Checking,15605.01,Y
3427,Deposit,IBB,Savings,1608.06,Y
3427,Credit,N/A,Credit Card,4452.53,Y
3428,Deposit,NIDDA,Checking,5802.55,Y
3428,Credit,N/A,Credit Card,4956.41,Y
3428,Loan,N/A,Home Loan,812993.12,Y
3428,Loan,N/A,Auto Loan,34083.99,Y
3429,Deposit,IBB,Money Market,567451.68,Y
3429,Deposit,NIDDA,Checking,2666.98,Y
3429,Deposit,IBB,Savings,7857.9,Y
3429,Credit,N/A,Credit Card,3146.78,Y
3430,Deposit,IBB,CD Long Term,44361.72,Y
3430,Deposit,IBB,Money Market,2679.75,Y
3430,Deposit,NIDDA,Checking,7664.24,Y
3430,Deposit,IBB,Savings,4404.4,Y
3430,Credit,N/A,Credit Card,5170.94,Y
3430,Loan,N/A,Auto Loan,67136.7,Y
3431,Deposit,IBB,CD Short Term,7805.77,Y
3431,Deposit,IBB,Money Market,16577.04,Y
3431,Deposit,NIDDA,Checking,4919.85,Y
3431,Deposit,IBB,Savings,13807.73,Y
3431,Credit,N/A,Credit Card,1569.31,Y
3431,Loan,N/A,Home Loan,834207.06,Y
3431,Loan,N/A,Auto Loan,56181.53,Y
3432,Deposit,IBB,CD Long Term,909.05,Y
3432,Deposit,IBB,CD Short Term,5578.39,Y
3432,Deposit,NIDDA,Checking,5538.79,Y
3432,Deposit,IBB,Savings,3476.43,Y
3432,Loan,N/A,Auto Loan,22683.7,Y
3433,Deposit,IBB,CD Short Term,6958.8,Y
3433,Deposit,NIDDA,Checking,6723.96,Y
3433,Deposit,IBB,Savings,13057.2,Y
3433,Credit,N/A,Credit Card,8362.87,Y
3434,Deposit,IBB,Money Market,45795.23,Y
3434,Deposit,NIDDA,Checking,1319.43,Y
3434,Deposit,IBB,Savings,9140.39,Y
3434,Credit,N/A,Credit Card,708.01,Y
3434,Loan,N/A,Personal Loan,9836.62,Y
3435,Deposit,IBB,CD Short Term,10107.13,Y
3435,Deposit,NIDDA,Checking,1625.65,Y
3436,Deposit,IBB,CD Long Term,49619.86,Y
3436,Deposit,NIDDA,Checking,703.45,Y
3436,Credit,N/A,Credit Card,1672.27,Y
3436,Loan,N/A,Auto Loan,24043.22,Y
3437,Deposit,NIDDA,Checking,8210.21,Y
3437,Deposit,IBB,Savings,3500.87,Y
3438,Deposit,NIDDA,Checking,11892.13,Y
3438,Deposit,IBB,Savings,2672.57,Y
3438,Loan,N/A,Auto Loan,26813.25,Y
3439,Deposit,IBB,CD Long Term,66658.32,Y
3439,Deposit,IBB,Money Market,13925.25,Y
3439,Deposit,NIDDA,Checking,1548.8,Y
3439,Credit,N/A,Credit Card,2674.61,Y
3440,Deposit,NIDDA,Checking,2786.81,Y
3440,Deposit,IBB,Savings,6031.13,Y
3440,Loan,N/A,Auto Loan,28929.6,Y
3440,Loan,N/A,Personal Loan,9299.52,Y
3441,Deposit,IBB,Money Market,8535.66,Y
3441,Deposit,NIDDA,Checking,543.46,Y
3442,Deposit,IBB,CD Long Term,19246.91,Y
3442,Deposit,NIDDA,Checking,13339.6,Y
3442,Deposit,IBB,Savings,6983.11,Y
3442,Credit,N/A,Credit Card,5752.12,Y
3443,Deposit,NIDDA,Checking,2011.54,Y
3443,Credit,N/A,Credit Card,852.0,Y
3443,Loan,N/A,Auto Loan,38682.49,Y
3444,Deposit,IBB,CD Short Term,39314.22,Y
3444,Deposit,NIDDA,Checking,7273.06,Y
3444,Deposit,IBB,Savings,48490.95,Y
3444,Loan,N/A,Auto Loan,81400.15,Y
3445,Deposit,NIDDA,Checking,41043.55,Y
3445,Deposit,IBB,Savings,12695.86,Y
3446,Deposit,IBB,CD Long Term,25378.7,Y
3446,Deposit,IBB,Money Market,4546.46,Y
3446,Deposit,NIDDA,Checking,6305.09,Y
3446,Deposit,IBB,Savings,15663.42,Y
3446,Credit,N/A,Credit Card,6118.65,Y
3446,Loan,N/A,Home Loan,457735.14,Y
3447,Deposit,NIDDA,Checking,3510.03,Y
3447,Credit,N/A,Credit Card,3480.94,Y
3447,Loan,N/A,Home Loan,815300.51,Y
3448,Deposit,IBB,Money Market,17782.42,Y
3448,Deposit,NIDDA,Checking,1767.55,Y
3448,Deposit,IBB,Savings,3711.31,Y
3448,Credit,N/A,Credit Card,1166.47,Y
3448,Loan,N/A,Home Loan,478409.2,Y
3449,Deposit,IBB,CD Long Term,3625.99,Y
3449,Deposit,NIDDA,Checking,2884.01,Y
3449,Deposit,IBB,Savings,423.24,Y
3449,Credit,N/A,Credit Card,1525.86,Y
3450,Deposit,IBB,Money Market,5012.4,Y
3450,Deposit,NIDDA,Checking,4537.49,Y
3450,Loan,N/A,Personal Loan,9798.55,Y
3451,Deposit,IBB,Money Market,25012.7,Y
3451,Deposit,NIDDA,Checking,2311.5,Y
3451,Deposit,IBB,Savings,1949.85,Y
3451,Credit,N/A,Credit Card,3707.93,Y
3452,Deposit,IBB,CD Short Term,20910.4,Y
3452,Deposit,IBB,Money Market,11800.3,Y
3452,Deposit,NIDDA,Checking,611.82,Y
3452,Credit,N/A,Credit Card,13869.91,Y
3452,Loan,N/A,Home Loan,727752.05,Y
3453,Deposit,IBB,Money Market,39248.94,Y
3453,Deposit,NIDDA,Checking,2921.83,Y
3453,Deposit,IBB,Savings,4799.34,Y
3453,Credit,N/A,Credit Card,748.17,Y
3453,Loan,N/A,Home Loan,606184.27,Y
3453,Loan,N/A,Personal Loan,4309.52,Y
3454,Deposit,IBB,CD Long Term,34113.88,Y
3454,Deposit,IBB,CD Short Term,3593.81,Y
3454,Deposit,IBB,Money Market,10873.87,Y
3454,Deposit,NIDDA,Checking,4241.7,Y
3455,Deposit,NIDDA,Checking,3617.43,Y
3455,Credit,N/A,Credit Card,2852.02,Y
3455,Loan,N/A,Personal Loan,34158.99,Y
3456,Deposit,NIDDA,Checking,7285.74,Y
3456,Deposit,IBB,Savings,4135.01,Y
3456,Credit,N/A,Credit Card,2902.39,Y
3456,Loan,N/A,Personal Loan,36151.21,Y
3457,Deposit,NIDDA,Checking,3180.82,Y
3457,Loan,N/A,Auto Loan,17610.02,Y
3458,Deposit,IBB,Money Market,7652.35,Y
3458,Deposit,NIDDA,Checking,14973.54,Y
3458,Deposit,IBB,Savings,4917.11,Y
3458,Credit,N/A,Credit Card,10135.05,Y
3458,Loan,N/A,Auto Loan,30193.62,Y
3459,Deposit,NIDDA,Checking,3114.26,Y
3459,Deposit,IBB,Savings,23567.4,Y
3459,Credit,N/A,Credit Card,353.84,Y
3459,Loan,N/A,Home Loan,789238.11,Y
3459,Loan,N/A,Personal Loan,39912.11,Y
3460,Deposit,IBB,CD Long Term,11302.47,Y
3460,Deposit,NIDDA,Checking,2993.14,Y
3460,Deposit,IBB,CD Short Term,8686.66,Y
3460,Deposit,IBB,Money Market,32758.87,Y
3460,Deposit,IBB,Savings,9732.75,Y
3460,Credit,N/A,Credit Card,2946.22,Y
3460,Loan,N/A,Auto Loan,11773.5,Y
3460,Loan,N/A,Personal Loan,42373.4,Y
3461,Deposit,IBB,CD Long Term,13712.44,Y
3461,Deposit,IBB,CD Short Term,8206.9,Y
3461,Deposit,NIDDA,Checking,3310.95,Y
3461,Deposit,IBB,Savings,10199.2,Y
3461,Credit,N/A,Credit Card,2319.35,Y
3461,Loan,N/A,Home Loan,855985.74,Y
3461,Loan,N/A,Auto Loan,28125.77,Y
3462,Deposit,IBB,CD Short Term,8090.1,Y
3462,Deposit,NIDDA,Checking,9892.4,Y
3462,Deposit,IBB,Savings,8489.94,Y
3462,Credit,N/A,Credit Card,6415.23,Y
3463,Deposit,NIDDA,Checking,16931.21,Y
3463,Deposit,IBB,Savings,16459.89,Y
3464,Deposit,IBB,Money Market,11387.34,Y
3464,Deposit,NIDDA,Checking,5448.32,Y
3464,Deposit,IBB,Savings,788.22,Y
3464,Loan,N/A,Auto Loan,51743.64,Y
3464,Loan,N/A,Personal Loan,49197.48,Y
3465,Deposit,NIDDA,Checking,4430.36,Y
3465,Deposit,IBB,Savings,11264.87,Y
3465,Credit,N/A,Credit Card,2896.44,Y
3465,Loan,N/A,Home Loan,1236233.03,Y
3465,Loan,N/A,Personal Loan,19127.62,Y
3466,Deposit,NIDDA,Checking,1859.88,Y
3466,Deposit,IBB,Savings,5141.61,Y
3466,Loan,N/A,Auto Loan,24501.75,Y
3467,Deposit,NIDDA,Checking,8722.44,Y
3467,Deposit,IBB,Savings,2703.46,Y
3467,Loan,N/A,Home Loan,270941.54,Y
3468,Deposit,IBB,CD Short Term,30038.43,Y
3468,Deposit,NIDDA,Checking,18565.71,Y
3468,Deposit,IBB,Savings,7745.84,Y
3468,Loan,N/A,Auto Loan,35105.31,Y
3468,Loan,N/A,Personal Loan,36332.89,Y
3469,Deposit,IBB,CD Long Term,14482.34,Y
3469,Deposit,NIDDA,Checking,4030.24,Y
3469,Deposit,IBB,Savings,4168.76,Y
3469,Credit,N/A,Credit Card,650.03,Y
3469,Loan,N/A,Home Loan,314449.97,Y
3469,Loan,N/A,Personal Loan,17131.97,Y
3470,Deposit,IBB,CD Short Term,87423.55,Y
3470,Deposit,NIDDA,Checking,6760.94,Y
3470,Credit,N/A,Credit Card,765.42,Y
3471,Deposit,IBB,CD Short Term,10274.83,Y
3471,Deposit,NIDDA,Checking,2007.27,Y
3471,Deposit,IBB,Savings,30026.2,Y
3472,Deposit,NIDDA,Checking,5479.52,Y
3472,Deposit,IBB,Savings,1489.36,Y
3472,Loan,N/A,Home Loan,365893.29,Y
3472,Loan,N/A,Auto Loan,54070.87,Y
3473,Deposit,IBB,CD Short Term,43162.05,Y
3473,Deposit,NIDDA,Checking,3893.37,Y
3473,Credit,N/A,Credit Card,1740.8,Y
3473,Loan,N/A,Auto Loan,16963.36,Y
3474,Deposit,IBB,Money Market,12775.58,Y
3474,Deposit,NIDDA,Checking,4857.85,Y
3474,Deposit,IBB,Savings,2861.21,Y
3475,Deposit,IBB,CD Long Term,23148.59,Y
3475,Deposit,IBB,Money Market,8821.32,Y
3475,Deposit,NIDDA,Checking,11459.32,Y
3476,Deposit,NIDDA,Checking,6056.94,Y
3476,Deposit,IBB,Savings,5495.45,Y
3476,Loan,N/A,Personal Loan,14105.36,Y
3477,Deposit,NIDDA,Checking,2687.75,Y
3477,Loan,N/A,Home Loan,633592.78,Y
3478,Deposit,IBB,Money Market,29338.02,Y
3478,Deposit,NIDDA,Checking,10054.58,Y
3478,Loan,N/A,Home Loan,486007.81,Y
3479,Deposit,NIDDA,Checking,9337.94,Y
3479,Deposit,IBB,Savings,2047.53,Y
3479,Credit,N/A,Credit Card,5489.04,Y
3479,Loan,N/A,Auto Loan,77803.22,Y
3480,Deposit,IBB,CD Short Term,20693.74,Y
3480,Deposit,NIDDA,Checking,3571.97,Y
3480,Deposit,IBB,Savings,8299.72,Y
3480,Credit,N/A,Credit Card,1521.5,Y
3480,Loan,N/A,Home Loan,382787.46,Y
3481,Deposit,IBB,CD Long Term,94887.67,Y
3481,Deposit,IBB,CD Short Term,7158.8,Y
3481,Deposit,NIDDA,Checking,2182.54,Y
3481,Deposit,IBB,Savings,5197.61,Y
3481,Loan,N/A,Auto Loan,25168.25,Y
3481,Loan,N/A,Personal Loan,41067.25,Y
3482,Deposit,IBB,Money Market,13295.18,Y
3482,Deposit,NIDDA,Checking,1796.6,Y
3482,Deposit,IBB,Savings,10420.1,Y
3482,Credit,N/A,Credit Card,1532.64,Y
3482,Loan,N/A,Auto Loan,20352.36,Y
3482,Loan,N/A,Personal Loan,21037.6,Y
3483,Deposit,IBB,Money Market,8617.11,Y
3483,Deposit,NIDDA,Checking,2313.42,Y
3483,Deposit,IBB,Savings,5649.25,Y
3483,Credit,N/A,Credit Card,4167.11,Y
3483,Loan,N/A,Home Loan,331524.29,Y
3484,Deposit,NIDDA,Checking,2249.81,Y
3484,Deposit,IBB,Savings,22055.44,Y
3484,Loan,N/A,Auto Loan,75851.15,Y
3485,Deposit,NIDDA,Checking,2127.16,Y
3485,Deposit,IBB,Savings,19546.61,Y
3486,Deposit,NIDDA,Checking,10568.4,Y
3486,Deposit,IBB,Savings,20354.32,Y
3486,Loan,N/A,Personal Loan,38910.8,Y
3487,Deposit,IBB,CD Long Term,3617.66,Y
3487,Deposit,IBB,Money Market,13487.66,Y
3487,Deposit,NIDDA,Checking,1528.78,Y
3487,Deposit,IBB,Savings,5057.7,Y
3487,Credit,N/A,Credit Card,9169.71,Y
3488,Deposit,IBB,CD Long Term,109065.14,Y
3488,Deposit,IBB,Money Market,18405.11,Y
3488,Deposit,NIDDA,Checking,8801.16,Y
3488,Deposit,IBB,Savings,6198.31,Y
3489,Deposit,IBB,CD Long Term,36063.4,Y
3489,Deposit,IBB,Money Market,13957.17,Y
3489,Deposit,NIDDA,Checking,7669.95,Y
3489,Deposit,IBB,Savings,38623.79,Y
3489,Credit,N/A,Credit Card,2012.17,Y
3490,Deposit,IBB,CD Long Term,15469.32,Y
3490,Deposit,NIDDA,Checking,8076.28,Y
3490,Credit,N/A,Credit Card,1066.6,Y
3491,Deposit,IBB,Money Market,15633.16,Y
3491,Deposit,NIDDA,Checking,1477.66,Y
3491,Deposit,IBB,Savings,19674.03,Y
3491,Credit,N/A,Credit Card,131.54,Y
3491,Loan,N/A,Auto Loan,28313.33,Y
3492,Deposit,IBB,Money Market,14035.3,Y
3492,Deposit,NIDDA,Checking,9372.44,Y
3492,Deposit,IBB,Savings,67423.84,Y
3492,Loan,N/A,Home Loan,397595.15,Y
3493,Deposit,IBB,Money Market,31839.96,Y
3493,Deposit,NIDDA,Checking,36229.46,Y
3493,Deposit,IBB,Savings,9620.82,Y
3493,Credit,N/A,Credit Card,924.54,Y
3494,Deposit,IBB,CD Short Term,3038.35,Y
3494,Deposit,NIDDA,Checking,46244.14,Y
3494,Deposit,IBB,Savings,22834.88,Y
3494,Loan,N/A,Auto Loan,19415.31,Y
3494,Loan,N/A,Personal Loan,8747.77,Y
3495,Deposit,IBB,Money Market,40355.19,Y
3495,Deposit,NIDDA,Checking,2637.3,Y
3495,Deposit,IBB,Savings,8263.15,Y
3495,Credit,N/A,Credit Card,1484.04,Y
3495,Loan,N/A,Home Loan,366323.68,Y
3495,Loan,N/A,Auto Loan,60510.27,Y
3496,Deposit,NIDDA,Checking,5827.15,Y
3496,Credit,N/A,Credit Card,810.89,Y
3497,Deposit,IBB,CD Long Term,6200.52,Y
3497,Deposit,NIDDA,Checking,2420.89,Y
3497,Deposit,IBB,Savings,3095.29,Y
3497,Credit,N/A,Credit Card,3963.59,Y
3498,Deposit,IBB,CD Short Term,34565.9,Y
3498,Deposit,IBB,Money Market,24392.74,Y
3498,Deposit,NIDDA,Checking,6207.92,Y
3498,Deposit,IBB,Savings,4023.49,Y
3498,Loan,N/A,Personal Loan,12629.16,Y
3499,Deposit,IBB,Money Market,21945.4,Y
3499,Deposit,NIDDA,Checking,3058.96,Y
3499,Deposit,IBB,Savings,2286.49,Y
3499,Credit,N/A,Credit Card,3414.32,Y
3499,Loan,N/A,Home Loan,341877.81,Y
3499,Loan,N/A,Auto Loan,34200.58,Y
3500,Deposit,NIDDA,Checking,2239.46,Y
3500,Deposit,IBB,Savings,12906.14,Y
3500,Loan,N/A,Personal Loan,9738.79,Y
3501,Deposit,NIDDA,Checking,8149.25,Y
3501,Deposit,IBB,Savings,1937.04,Y
3501,Credit,N/A,Credit Card,4501.94,Y
3501,Loan,N/A,Auto Loan,26412.11,Y
3501,Loan,N/A,Personal Loan,22409.76,Y
3502,Deposit,NIDDA,Checking,4791.21,Y
3502,Loan,N/A,Personal Loan,20269.31,Y
3503,Deposit,IBB,CD Long Term,24605.82,Y
3503,Deposit,IBB,CD Short Term,2165.08,Y
3503,Deposit,NIDDA,Checking,7496.4,Y
3503,Loan,N/A,Home Loan,663446.63,Y
3503,Loan,N/A,Personal Loan,16141.6,Y
3504,Deposit,IBB,CD Short Term,17463.02,Y
3504,Deposit,NIDDA,Checking,6728.82,Y
3504,Deposit,IBB,Savings,3888.42,Y
3504,Credit,N/A,Credit Card,6849.24,Y
3505,Deposit,IBB,Money Market,3418.53,Y
3505,Deposit,NIDDA,Checking,19861.12,Y
3506,Deposit,NIDDA,Checking,5282.43,Y
3506,Credit,N/A,Credit Card,1477.02,Y
3506,Loan,N/A,Auto Loan,33940.93,Y
3507,Deposit,IBB,CD Short Term,30351.06,Y
3507,Deposit,IBB,Money Market,46289.27,Y
3507,Deposit,NIDDA,Checking,4634.84,Y
3507,Deposit,IBB,Savings,1262.36,Y
3507,Credit,N/A,Credit Card,4747.59,Y
3507,Loan,N/A,Home Loan,105747.98,Y
3507,Loan,N/A,Personal Loan,18902.29,Y
3508,Deposit,NIDDA,Checking,1517.89,Y
3509,Deposit,IBB,CD Short Term,32020.85,Y
3509,Deposit,NIDDA,Checking,984.32,Y
3509,Deposit,IBB,Savings,8497.57,Y
3509,Loan,N/A,Auto Loan,42458.31,Y
3510,Deposit,IBB,Money Market,85281.22,Y
3510,Deposit,NIDDA,Checking,27811.75,Y
3510,Deposit,IBB,Savings,45473.02,Y
3511,Deposit,IBB,CD Short Term,15591.19,Y
3511,Deposit,NIDDA,Checking,5853.6,Y
3511,Deposit,IBB,Savings,6545.09,Y
3511,Credit,N/A,Credit Card,1298.45,Y
3512,Deposit,IBB,CD Short Term,52100.73,Y
3512,Deposit,IBB,Money Market,22308.44,Y
3512,Deposit,NIDDA,Checking,4650.89,Y
3512,Deposit,IBB,Savings,5031.37,Y
3513,Deposit,NIDDA,Checking,1570.83,Y
3513,Deposit,IBB,Savings,16814.61,Y
3513,Credit,N/A,Credit Card,1659.95,Y
3514,Deposit,IBB,CD Short Term,4602.28,Y
3514,Deposit,IBB,Money Market,7190.24,Y
3514,Deposit,NIDDA,Checking,12288.56,Y
3514,Deposit,IBB,Savings,20157.56,Y
3514,Credit,N/A,Credit Card,835.29,Y
3514,Loan,N/A,Home Loan,488334.13,Y
3515,Deposit,IBB,Money Market,80304.09,Y
3515,Deposit,NIDDA,Checking,7846.41,Y
3515,Deposit,IBB,Savings,8903.8,Y
3516,Deposit,IBB,CD Long Term,6514.48,Y
3516,Deposit,IBB,Money Market,4031.02,Y
3516,Deposit,NIDDA,Checking,826.05,Y
3516,Deposit,IBB,Savings,2125.86,Y
3516,Credit,N/A,Credit Card,2919.74,Y
3517,Deposit,IBB,CD Short Term,4868.04,Y
3517,Deposit,NIDDA,Checking,2113.63,Y
3517,Deposit,IBB,Savings,4317.2,Y
3518,Deposit,IBB,Money Market,14757.93,Y
3518,Deposit,NIDDA,Checking,15350.38,Y
3518,Deposit,IBB,Savings,3039.34,Y
3518,Credit,N/A,Credit Card,763.09,Y
3518,Loan,N/A,Home Loan,721377.43,Y
3519,Deposit,IBB,CD Short Term,6418.24,Y
3519,Deposit,NIDDA,Checking,4681.92,Y
3519,Loan,N/A,Home Loan,365874.49,Y
3519,Loan,N/A,Personal Loan,17066.12,Y
3520,Deposit,NIDDA,Checking,7294.94,Y
3520,Deposit,IBB,Savings,7593.99,Y
3520,Loan,N/A,Home Loan,837998.99,Y
3521,Deposit,IBB,CD Short Term,18438.92,Y
3521,Deposit,NIDDA,Checking,8162.67,Y
3521,Deposit,IBB,Savings,8014.87,Y
3521,Loan,N/A,Home Loan,467445.18,Y
3521,Loan,N/A,Auto Loan,34535.14,Y
3522,Deposit,IBB,CD Short Term,2957.55,Y
3522,Deposit,IBB,Money Market,2839.22,Y
3522,Deposit,NIDDA,Checking,3741.49,Y
3522,Deposit,IBB,Savings,9320.0,Y
3523,Deposit,NIDDA,Checking,8594.45,Y
3523,Loan,N/A,Auto Loan,74415.91,Y
3523,Loan,N/A,Personal Loan,49253.13,Y
3524,Deposit,IBB,CD Short Term,6373.86,Y
3524,Deposit,IBB,Money Market,37581.04,Y
3524,Deposit,NIDDA,Checking,3133.84,Y
3524,Loan,N/A,Home Loan,608405.65,Y
3525,Deposit,IBB,CD Short Term,2732.45,Y
3525,Deposit,IBB,Money Market,36475.58,Y
3525,Deposit,NIDDA,Checking,14435.48,Y
3525,Deposit,IBB,Savings,1778.05,Y
3525,Credit,N/A,Credit Card,2824.56,Y
3525,Loan,N/A,Personal Loan,20810.59,Y
3526,Deposit,IBB,CD Long Term,47739.9,Y
3526,Deposit,IBB,Money Market,32986.52,Y
3526,Deposit,NIDDA,Checking,7129.04,Y
3526,Deposit,IBB,Savings,12334.61,Y
3526,Credit,N/A,Credit Card,1890.41,Y
3526,Loan,N/A,Home Loan,993780.55,Y
3527,Deposit,NIDDA,Checking,3697.4,Y
3527,Deposit,IBB,Savings,3680.11,Y
3527,Credit,N/A,Credit Card,10544.64,Y
3527,Loan,N/A,Home Loan,448363.11,Y
3527,Loan,N/A,Auto Loan,78140.18,Y
3528,Deposit,IBB,CD Short Term,14997.95,Y
3528,Deposit,NIDDA,Checking,2963.43,Y
3528,Deposit,IBB,Savings,7594.67,Y
3528,Credit,N/A,Credit Card,3057.74,Y
3528,Loan,N/A,Home Loan,557614.32,Y
3529,Deposit,NIDDA,Checking,13189.06,Y
3529,Deposit,IBB,Savings,7808.91,Y
3529,Loan,N/A,Home Loan,304751.29,Y
3529,Loan,N/A,Auto Loan,26334.72,Y
3530,Deposit,NIDDA,Checking,1530.23,Y
3530,Deposit,IBB,Savings,23702.15,Y
3530,Loan,N/A,Home Loan,637078.35,Y
3531,Deposit,IBB,CD Short Term,2603.16,Y
3531,Deposit,NIDDA,Checking,8181.83,Y
3531,Deposit,IBB,Savings,1938.66,Y
3531,Credit,N/A,Credit Card,1304.56,Y
3532,Deposit,IBB,CD Short Term,18247.17,Y
3532,Deposit,NIDDA,Checking,4447.33,Y
3532,Credit,N/A,Credit Card,3458.33,Y
3532,Loan,N/A,Personal Loan,24612.09,Y
3533,Deposit,NIDDA,Checking,4851.85,Y
3533,Deposit,IBB,Savings,23320.77,Y
3533,Credit,N/A,Credit Card,640.03,Y
3533,Loan,N/A,Auto Loan,32093.58,Y
3534,Deposit,IBB,CD Short Term,24842.04,Y
3534,Deposit,IBB,Money Market,13302.41,Y
3534,Deposit,NIDDA,Checking,5253.08,Y
3534,Deposit,IBB,Savings,11033.85,Y
3534,Credit,N/A,Credit Card,1197.11,Y
3535,Deposit,IBB,CD Long Term,8771.49,Y
3535,Deposit,NIDDA,Checking,3883.86,Y
3535,Credit,N/A,Credit Card,1278.04,Y
3535,Loan,N/A,Home Loan,407385.65,Y
3536,Deposit,IBB,CD Short Term,18386.26,Y
3536,Deposit,IBB,Money Market,10984.59,Y
3536,Deposit,NIDDA,Checking,4654.72,Y
3536,Credit,N/A,Credit Card,465.28,Y
3536,Loan,N/A,Personal Loan,11412.51,Y
3537,Deposit,NIDDA,Checking,2675.08,Y
3537,Credit,N/A,Credit Card,10794.67,Y
3538,Deposit,IBB,Money Market,24750.94,Y
3538,Deposit,NIDDA,Checking,11029.12,Y
3538,Deposit,IBB,Savings,10263.24,Y
3539,Deposit,IBB,CD Short Term,23938.35,Y
3539,Deposit,IBB,Money Market,6005.57,Y
3539,Deposit,NIDDA,Checking,7643.81,Y
3539,Deposit,IBB,Savings,4335.25,Y
3539,Credit,N/A,Credit Card,1773.72,Y
3539,Loan,N/A,Home Loan,1076369.41,Y
3540,Deposit,NIDDA,Checking,9311.0,Y
3540,Deposit,IBB,Savings,2155.33,Y
3540,Loan,N/A,Home Loan,278362.24,Y
3541,Deposit,IBB,Money Market,16843.61,Y
3541,Deposit,NIDDA,Checking,3518.66,Y
3541,Deposit,IBB,Savings,9254.87,Y
3541,Credit,N/A,Credit Card,1152.22,Y
3542,Deposit,IBB,CD Short Term,6676.08,Y
3542,Deposit,NIDDA,Checking,8583.88,Y
3543,Deposit,IBB,CD Short Term,15126.12,Y
3543,Deposit,NIDDA,Checking,8055.75,Y
3543,Deposit,IBB,Savings,22008.96,Y
3543,Credit,N/A,Credit Card,594.58,Y
3544,Deposit,IBB,Money Market,10393.17,Y
3544,Deposit,NIDDA,Checking,3229.51,Y
3544,Deposit,IBB,Savings,12958.37,Y
3544,Loan,N/A,Home Loan,454710.39,Y
3544,Loan,N/A,Auto Loan,21922.62,Y
3545,Deposit,IBB,Money Market,14727.4,Y
3545,Deposit,NIDDA,Checking,10737.07,Y
3545,Deposit,IBB,Savings,19326.04,Y
3546,Deposit,NIDDA,Checking,19139.62,Y
3546,Deposit,IBB,Savings,120390.34,Y
3546,Loan,N/A,Personal Loan,6573.33,Y
3547,Deposit,IBB,Money Market,2709.08,Y
3547,Deposit,NIDDA,Checking,11556.56,Y
3547,Deposit,IBB,Savings,2612.03,Y
3547,Loan,N/A,Home Loan,299555.92,Y
3547,Loan,N/A,Auto Loan,31959.59,Y
3548,Deposit,IBB,Money Market,2279.53,Y
3548,Deposit,NIDDA,Checking,13142.28,Y
3548,Deposit,IBB,Savings,2273.79,Y
3548,Credit,N/A,Credit Card,15088.86,Y
3548,Loan,N/A,Auto Loan,42162.88,Y
3548,Loan,N/A,Personal Loan,11916.6,Y
3549,Deposit,IBB,CD Long Term,24923.52,Y
3549,Deposit,IBB,Money Market,5319.38,Y
3549,Deposit,NIDDA,Checking,22489.79,Y
3549,Deposit,IBB,Savings,22745.29,Y
3549,Loan,N/A,Home Loan,437747.98,Y
3550,Deposit,IBB,Money Market,3105.95,Y
3550,Deposit,NIDDA,Checking,4077.09,Y
3550,Deposit,IBB,Savings,5975.05,Y
3550,Credit,N/A,Credit Card,372.35,Y
3550,Loan,N/A,Auto Loan,24466.16,Y
3551,Deposit,IBB,CD Short Term,48551.77,Y
3551,Deposit,NIDDA,Checking,17001.71,Y
3551,Credit,N/A,Credit Card,2269.19,Y
3551,Loan,N/A,Auto Loan,44683.1,Y
3552,Deposit,NIDDA,Checking,22008.93,Y
3553,Deposit,NIDDA,Checking,1370.24,Y
3553,Deposit,IBB,Savings,3126.29,Y
3553,Credit,N/A,Credit Card,1963.32,Y
3554,Deposit,IBB,Money Market,8667.08,Y
3554,Deposit,NIDDA,Checking,17838.97,Y
3554,Deposit,IBB,Savings,20032.22,Y
3555,Deposit,IBB,CD Long Term,21450.66,Y
3555,Deposit,IBB,Money Market,3357.42,Y
3555,Deposit,NIDDA,Checking,557.58,Y
3555,Deposit,IBB,Savings,16010.32,Y
3555,Credit,N/A,Credit Card,3864.43,Y
3555,Loan,N/A,Home Loan,406884.04,Y
3555,Loan,N/A,Personal Loan,8641.18,Y
3556,Deposit,IBB,Money Market,9150.8,Y
3556,Deposit,NIDDA,Checking,1659.07,Y
3556,Deposit,IBB,Savings,20296.03,Y
3556,Loan,N/A,Home Loan,305297.15,Y
3557,Deposit,IBB,Money Market,4905.07,Y
3557,Deposit,NIDDA,Checking,2543.82,Y
3557,Deposit,IBB,Savings,2587.05,Y
3557,Loan,N/A,Auto Loan,18704.1,Y
3558,Deposit,NIDDA,Checking,8961.26,Y
3558,Deposit,IBB,Savings,15114.59,Y
3558,Loan,N/A,Home Loan,351447.77,Y
3559,Deposit,IBB,CD Short Term,10707.51,Y
3559,Deposit,NIDDA,Checking,3067.33,Y
3559,Deposit,IBB,Savings,13386.31,Y
3560,Deposit,NIDDA,Checking,1868.58,Y
3560,Deposit,IBB,Savings,16995.49,Y
3560,Credit,N/A,Credit Card,5957.67,Y
3560,Loan,N/A,Auto Loan,77246.7,Y
3561,Deposit,IBB,CD Short Term,34084.82,Y
3561,Deposit,NIDDA,Checking,14353.27,Y
3561,Credit,N/A,Credit Card,1842.86,Y
3562,Deposit,IBB,CD Long Term,20969.82,Y
3562,Deposit,IBB,Money Market,17515.22,Y
3562,Deposit,NIDDA,Checking,3213.73,Y
3562,Deposit,IBB,Savings,5808.22,Y
3562,Loan,N/A,Home Loan,309716.26,Y
3563,Deposit,IBB,CD Short Term,20024.35,Y
3563,Deposit,NIDDA,Checking,16760.85,Y
3563,Deposit,IBB,Savings,2674.21,Y
3564,Deposit,NIDDA,Checking,2305.39,Y
3564,Credit,N/A,Credit Card,584.04,Y
3564,Loan,N/A,Home Loan,441953.84,Y
3564,Loan,N/A,Auto Loan,48107.59,Y
3565,Deposit,IBB,CD Long Term,54552.4,Y
3565,Deposit,IBB,Money Market,10985.56,Y
3565,Deposit,NIDDA,Checking,7208.77,Y
3565,Deposit,IBB,Savings,4984.22,Y
3565,Loan,N/A,Auto Loan,33114.74,Y
3566,Deposit,IBB,Money Market,31832.67,Y
3566,Deposit,NIDDA,Checking,9219.1,Y
3566,Deposit,IBB,Savings,5527.84,Y
3566,Credit,N/A,Credit Card,1919.21,Y
3567,Deposit,IBB,CD Long Term,15324.86,Y
3567,Deposit,NIDDA,Checking,3782.33,Y
3567,Deposit,IBB,CD Short Term,9649.22,Y
3567,Deposit,IBB,Money Market,23994.47,Y
3567,Deposit,IBB,Savings,24711.68,Y
3568,Deposit,NIDDA,Checking,4108.38,Y
3568,Deposit,IBB,Savings,3748.92,Y
3568,Credit,N/A,Credit Card,6955.82,Y
3569,Deposit,IBB,CD Long Term,23488.86,Y
3569,Deposit,IBB,Money Market,3671.03,Y
3569,Deposit,NIDDA,Checking,13404.74,Y
3569,Deposit,IBB,Savings,20523.42,Y
3569,Credit,N/A,Credit Card,11020.17,Y
3570,Deposit,IBB,CD Short Term,23180.54,Y
3570,Deposit,NIDDA,Checking,6110.97,Y
3570,Deposit,IBB,Savings,44725.1,Y
3570,Credit,N/A,Credit Card,436.83,Y
3571,Deposit,IBB,CD Long Term,27343.39,Y
3571,Deposit,NIDDA,Checking,3430.07,Y
3571,Deposit,IBB,Savings,6604.23,Y
3571,Credit,N/A,Credit Card,2062.98,Y
3572,Deposit,IBB,CD Long Term,83801.25,Y
3572,Deposit,NIDDA,Checking,23419.88,Y
3572,Deposit,IBB,Savings,11487.41,Y
3572,Credit,N/A,Credit Card,3179.04,Y
3572,Loan,N/A,Home Loan,415091.74,Y
3573,Deposit,NIDDA,Checking,10133.05,Y
3573,Credit,N/A,Credit Card,404.46,Y
3573,Loan,N/A,Auto Loan,50024.05,Y
3574,Deposit,IBB,CD Short Term,22332.62,Y
3574,Deposit,NIDDA,Checking,8981.63,Y
3574,Deposit,IBB,Savings,1566.74,Y
3574,Credit,N/A,Credit Card,2482.06,Y
3575,Deposit,IBB,Money Market,20302.64,Y
3575,Deposit,NIDDA,Checking,2509.69,Y
3575,Deposit,IBB,Savings,5644.35,Y
3575,Credit,N/A,Credit Card,13106.07,Y
3575,Loan,N/A,Home Loan,332919.77,Y
3576,Deposit,IBB,CD Long Term,35129.67,Y
3576,Deposit,IBB,Money Market,12378.21,Y
3576,Deposit,NIDDA,Checking,9813.11,Y
3576,Deposit,IBB,Savings,6444.28,Y
3576,Credit,N/A,Credit Card,2636.6,Y
3576,Loan,N/A,Home Loan,727680.97,Y
3577,Deposit,IBB,CD Short Term,27574.47,Y
3577,Deposit,IBB,Money Market,1659.62,Y
3577,Deposit,NIDDA,Checking,4878.93,Y
3577,Deposit,IBB,Savings,36027.18,Y
3578,Deposit,NIDDA,Checking,22421.78,Y
3578,Deposit,IBB,Savings,25964.07,Y
3578,Credit,N/A,Credit Card,5207.0,Y
3578,Loan,N/A,Home Loan,801798.76,Y
3578,Loan,N/A,Auto Loan,48156.3,Y
3579,Deposit,IBB,CD Short Term,31168.36,Y
3579,Deposit,IBB,Money Market,23861.49,Y
3579,Deposit,NIDDA,Checking,3556.36,Y
3579,Deposit,IBB,Savings,30480.87,Y
3579,Credit,N/A,Credit Card,1784.46,Y
3580,Deposit,IBB,CD Short Term,2884.0,Y
3580,Deposit,IBB,Money Market,13111.84,Y
3580,Deposit,NIDDA,Checking,8645.61,Y
3580,Deposit,IBB,Savings,17849.73,Y
3580,Credit,N/A,Credit Card,1869.92,Y
3581,Deposit,NIDDA,Checking,15427.95,Y
3581,Deposit,IBB,Savings,8219.8,Y
3581,Credit,N/A,Credit Card,4650.54,Y
3582,Deposit,IBB,CD Long Term,9764.93,Y
3582,Deposit,IBB,CD Short Term,25409.52,Y
3582,Deposit,NIDDA,Checking,2148.9,Y
3582,Credit,N/A,Credit Card,2020.26,Y
3582,Loan,N/A,Home Loan,715479.23,Y
3582,Loan,N/A,Auto Loan,30043.63,Y
3582,Loan,N/A,Personal Loan,50473.91,Y
3583,Deposit,NIDDA,Checking,18062.29,Y
3583,Deposit,IBB,Savings,21953.79,Y
3584,Deposit,IBB,CD Long Term,10432.0,Y
3584,Deposit,NIDDA,Checking,1924.64,Y
3584,Deposit,IBB,CD Short Term,14916.67,Y
3584,Deposit,IBB,Money Market,5070.73,Y
3584,Deposit,IBB,Savings,11971.4,Y
3585,Deposit,IBB,CD Short Term,17837.86,Y
3585,Deposit,IBB,Money Market,46681.73,Y
3585,Deposit,NIDDA,Checking,2733.87,Y
3585,Deposit,IBB,Savings,1392.82,Y
3585,Loan,N/A,Home Loan,408597.14,Y
3586,Deposit,IBB,CD Long Term,7879.13,Y
3586,Deposit,IBB,Money Market,21716.91,Y
3586,Deposit,NIDDA,Checking,10843.88,Y
3586,Deposit,IBB,Savings,22688.32,Y
3587,Deposit,IBB,CD Long Term,68167.98,Y
3587,Deposit,NIDDA,Checking,5561.21,Y
3587,Deposit,IBB,Savings,1295.03,Y
3587,Credit,N/A,Credit Card,6231.78,Y
3587,Loan,N/A,Personal Loan,7007.26,Y
3588,Deposit,IBB,CD Short Term,5308.8,Y
3588,Deposit,IBB,Money Market,8511.14,Y
3588,Deposit,NIDDA,Checking,3990.35,Y
3588,Deposit,IBB,Savings,2392.41,Y
3589,Deposit,IBB,Money Market,15955.81,Y
3589,Deposit,NIDDA,Checking,32928.15,Y
3589,Deposit,IBB,Savings,4342.41,Y
3589,Loan,N/A,Auto Loan,14281.77,Y
3590,Deposit,IBB,Money Market,30069.8,Y
3590,Deposit,NIDDA,Checking,4100.94,Y
3590,Deposit,IBB,Savings,15042.95,Y
3590,Loan,N/A,Home Loan,441025.55,Y
3590,Loan,N/A,Auto Loan,72059.82,Y
3591,Deposit,NIDDA,Checking,9967.11,Y
3591,Deposit,IBB,Savings,8089.09,Y
3591,Credit,N/A,Credit Card,1068.33,Y
3592,Deposit,IBB,CD Short Term,15073.15,Y
3592,Deposit,NIDDA,Checking,10595.23,Y
3592,Deposit,IBB,Savings,19143.04,Y
3592,Credit,N/A,Credit Card,8600.31,Y
3592,Loan,N/A,Personal Loan,30527.29,Y
3593,Deposit,IBB,CD Short Term,16489.92,Y
3593,Deposit,NIDDA,Checking,1487.66,Y
3593,Deposit,IBB,Savings,3686.52,Y
3593,Credit,N/A,Credit Card,728.32,Y
3594,Deposit,NIDDA,Checking,22177.23,Y
3594,Credit,N/A,Credit Card,2828.43,Y
3595,Deposit,IBB,Money Market,40958.1,Y
3595,Deposit,NIDDA,Checking,1769.74,Y
3595,Deposit,IBB,Savings,20395.87,Y
3596,Deposit,IBB,CD Long Term,10941.71,Y
3596,Deposit,IBB,Money Market,20521.89,Y
3596,Deposit,NIDDA,Checking,5645.29,Y
3596,Deposit,IBB,Savings,29530.52,Y
3596,Credit,N/A,Credit Card,7774.2,Y
3596,Loan,N/A,Personal Loan,8002.25,Y
3597,Deposit,IBB,Money Market,19009.67,Y
3597,Deposit,NIDDA,Checking,5662.23,Y
3597,Deposit,IBB,Savings,10227.92,Y
3598,Deposit,IBB,Money Market,17781.05,Y
3598,Deposit,NIDDA,Checking,7921.68,Y
3598,Deposit,IBB,Savings,65044.33,Y
3598,Loan,N/A,Home Loan,928876.24,Y
3598,Loan,N/A,Auto Loan,30658.87,Y
3599,Deposit,NIDDA,Checking,2508.56,Y
3599,Deposit,IBB,Savings,8241.06,Y
3599,Credit,N/A,Credit Card,3595.91,Y
3599,Loan,N/A,Auto Loan,58697.24,Y
3600,Deposit,IBB,CD Short Term,5517.8,Y
3600,Deposit,NIDDA,Checking,11326.63,Y
3600,Deposit,IBB,Savings,6000.97,Y
3600,Credit,N/A,Credit Card,603.05,Y
3600,Loan,N/A,Auto Loan,33116.3,Y
3601,Deposit,NIDDA,Checking,3112.33,Y
3601,Deposit,IBB,Savings,2530.92,Y
3601,Credit,N/A,Credit Card,1080.17,Y
3601,Loan,N/A,Auto Loan,48966.89,Y
3602,Deposit,IBB,CD Short Term,3440.13,Y
3602,Deposit,IBB,Money Market,74945.05,Y
3602,Deposit,NIDDA,Checking,27463.81,Y
3602,Deposit,IBB,Savings,62834.52,Y
3602,Credit,N/A,Credit Card,3759.05,Y
3602,Loan,N/A,Personal Loan,14587.89,Y
3603,Deposit,NIDDA,Checking,4208.86,Y
3603,Deposit,IBB,Savings,33385.51,Y
3603,Credit,N/A,Credit Card,541.74,Y
3604,Deposit,NIDDA,Checking,15539.25,Y
3604,Deposit,IBB,Savings,16435.98,Y
3604,Credit,N/A,Credit Card,455.14,Y
3605,Deposit,NIDDA,Checking,5377.78,Y
3605,Deposit,IBB,Savings,8942.08,Y
3606,Deposit,IBB,CD Long Term,22531.59,Y
3606,Deposit,NIDDA,Checking,9896.24,Y
3606,Deposit,IBB,Savings,11535.95,Y
3606,Credit,N/A,Credit Card,1148.33,Y
3606,Loan,N/A,Home Loan,500350.03,Y
3607,Deposit,IBB,Money Market,3597.96,Y
3607,Deposit,NIDDA,Checking,4214.32,Y
3607,Deposit,IBB,Savings,11794.76,Y
3607,Credit,N/A,Credit Card,1846.26,Y
3608,Deposit,IBB,CD Long Term,113848.96,Y
3608,Deposit,IBB,Money Market,9961.21,Y
3608,Deposit,NIDDA,Checking,13300.86,Y
3608,Deposit,IBB,Savings,4088.02,Y
3608,Loan,N/A,Home Loan,673392.03,Y
3609,Deposit,IBB,CD Short Term,52373.76,Y
3609,Deposit,NIDDA,Checking,8162.71,Y
3609,Deposit,IBB,Savings,3560.38,Y
3610,Deposit,NIDDA,Checking,1817.12,Y
3611,Deposit,NIDDA,Checking,4276.51,Y
3611,Credit,N/A,Credit Card,11028.28,Y
3611,Loan,N/A,Personal Loan,22436.92,Y
3612,Deposit,IBB,CD Short Term,5651.34,Y
3612,Deposit,IBB,Money Market,40463.39,Y
3612,Deposit,NIDDA,Checking,8308.1,Y
3612,Deposit,IBB,Savings,21168.35,Y
3612,Credit,N/A,Credit Card,798.69,Y
3613,Deposit,NIDDA,Checking,28383.74,Y
3613,Deposit,IBB,Savings,15663.87,Y
3613,Credit,N/A,Credit Card,5941.28,Y
3614,Deposit,IBB,CD Short Term,4371.76,Y
3614,Deposit,IBB,Money Market,1841.16,Y
3614,Deposit,NIDDA,Checking,14053.47,Y
3614,Deposit,IBB,Savings,2972.2,Y
3614,Credit,N/A,Credit Card,3177.44,Y
3615,Deposit,NIDDA,Checking,26573.17,Y
3615,Loan,N/A,Home Loan,528259.14,Y
3615,Loan,N/A,Personal Loan,28237.4,Y
3616,Deposit,IBB,CD Short Term,43300.17,Y
3616,Deposit,NIDDA,Checking,4822.98,Y
3616,Deposit,IBB,Savings,17449.29,Y
3617,Deposit,NIDDA,Checking,4222.82,Y
3617,Deposit,IBB,Savings,1006.82,Y
3617,Credit,N/A,Credit Card,5378.06,Y
3617,Loan,N/A,Personal Loan,32235.7,Y
3618,Deposit,IBB,CD Long Term,65031.82,Y
3618,Deposit,IBB,CD Short Term,16865.0,Y
3618,Deposit,IBB,Money Market,11763.72,Y
3618,Deposit,NIDDA,Checking,2629.34,Y
3619,Deposit,IBB,CD Short Term,10343.82,Y
3619,Deposit,IBB,Money Market,18473.06,Y
3619,Deposit,NIDDA,Checking,11722.18,Y
3619,Deposit,IBB,Savings,1191.67,Y
3619,Credit,N/A,Credit Card,1280.33,Y
3620,Deposit,IBB,Money Market,42097.94,Y
3620,Deposit,NIDDA,Checking,4502.45,Y
3620,Deposit,IBB,Savings,4027.27,Y
3620,Credit,N/A,Credit Card,2081.35,Y
3620,Loan,N/A,Auto Loan,31038.43,Y
3621,Deposit,IBB,CD Short Term,51717.55,Y
3621,Deposit,IBB,Money Market,11092.21,Y
3621,Deposit,NIDDA,Checking,19837.05,Y
3621,Deposit,IBB,Savings,16548.79,Y
3621,Credit,N/A,Credit Card,1228.2,Y
3622,Deposit,NIDDA,Checking,4779.77,Y
3622,Deposit,IBB,Savings,6017.2,Y
3622,Loan,N/A,Home Loan,505712.33,Y
3623,Deposit,IBB,CD Short Term,6511.93,Y
3623,Deposit,IBB,Money Market,26220.98,Y
3623,Deposit,NIDDA,Checking,471.28,Y
3623,Deposit,IBB,Savings,4428.2,Y
3623,Loan,N/A,Personal Loan,16687.94,Y
3624,Deposit,IBB,Money Market,65935.89,Y
3624,Deposit,NIDDA,Checking,496.45,Y
3624,Deposit,IBB,Savings,17951.07,Y
3624,Credit,N/A,Credit Card,5403.94,Y
3625,Deposit,NIDDA,Checking,5811.04,Y
3625,Loan,N/A,Auto Loan,92455.44,Y
3626,Deposit,IBB,CD Long Term,15161.3,Y
3626,Deposit,NIDDA,Checking,10986.95,Y
3626,Deposit,IBB,CD Short Term,4789.07,Y
3626,Deposit,IBB,Money Market,11601.68,Y
3626,Deposit,IBB,Savings,5492.27,Y
3626,Credit,N/A,Credit Card,5935.3,Y
3626,Loan,N/A,Home Loan,319325.79,Y
3627,Deposit,IBB,CD Long Term,24147.05,Y
3627,Deposit,NIDDA,Checking,2897.56,Y
3627,Deposit,IBB,Savings,5460.16,Y
3627,Credit,N/A,Credit Card,918.51,Y
3628,Deposit,IBB,CD Long Term,4031.11,Y
3628,Deposit,NIDDA,Checking,8391.9,Y
3628,Credit,N/A,Credit Card,3424.27,Y
3628,Loan,N/A,Home Loan,1196410.51,Y
3629,Deposit,IBB,CD Short Term,23574.08,Y
3629,Deposit,IBB,Money Market,4588.57,Y
3629,Deposit,NIDDA,Checking,5483.23,Y
3629,Deposit,IBB,Savings,5551.76,Y
3629,Credit,N/A,Credit Card,2656.99,Y
3629,Loan,N/A,Auto Loan,22287.61,Y
3629,Loan,N/A,Personal Loan,10131.79,Y
3630,Deposit,IBB,CD Short Term,4186.53,Y
3630,Deposit,NIDDA,Checking,2315.32,Y
3630,Deposit,IBB,Savings,3722.87,Y
3630,Credit,N/A,Credit Card,2982.18,Y
3630,Loan,N/A,Home Loan,750060.54,Y
3630,Loan,N/A,Personal Loan,11757.81,Y
3631,Deposit,IBB,CD Long Term,66908.15,Y
3631,Deposit,IBB,CD Short Term,19232.89,Y
3631,Deposit,NIDDA,Checking,1992.03,Y
3631,Deposit,IBB,Savings,1651.54,Y
3631,Credit,N/A,Credit Card,8750.77,Y
3631,Loan,N/A,Home Loan,791388.97,Y
3632,Deposit,NIDDA,Checking,3277.64,Y
3632,Deposit,IBB,Savings,3754.51,Y
3632,Loan,N/A,Auto Loan,29916.95,Y
3633,Deposit,IBB,CD Short Term,30954.63,Y
3633,Deposit,NIDDA,Checking,1083.37,Y
3634,Deposit,IBB,Money Market,7479.42,Y
3634,Deposit,NIDDA,Checking,1585.3,Y
3634,Deposit,IBB,Savings,78619.43,Y
3634,Credit,N/A,Credit Card,4527.57,Y
3635,Deposit,NIDDA,Checking,3170.47,Y
3635,Deposit,IBB,Savings,5802.69,Y
3635,Credit,N/A,Credit Card,4292.99,Y
3636,Deposit,NIDDA,Checking,1954.91,Y
3636,Deposit,IBB,Savings,11056.19,Y
3636,Credit,N/A,Credit Card,492.49,Y
3636,Loan,N/A,Home Loan,406402.78,Y
3637,Deposit,IBB,CD Short Term,16074.22,Y
3637,Deposit,NIDDA,Checking,8321.49,Y
3637,Loan,N/A,Home Loan,315813.82,Y
3638,Deposit,IBB,CD Short Term,7658.62,Y
3638,Deposit,NIDDA,Checking,5288.56,Y
3638,Deposit,IBB,Savings,23194.65,Y
3638,Loan,N/A,Home Loan,675684.2,Y
3639,Deposit,NIDDA,Checking,4792.95,Y
3639,Deposit,IBB,Savings,14365.92,Y
3639,Credit,N/A,Credit Card,2833.56,Y
3639,Loan,N/A,Auto Loan,55879.58,Y
3640,Deposit,IBB,CD Short Term,58395.96,Y
3640,Deposit,NIDDA,Checking,1927.18,Y
3640,Deposit,IBB,Savings,3693.55,Y
3640,Credit,N/A,Credit Card,27203.71,Y
3641,Deposit,IBB,CD Long Term,19266.23,Y
3641,Deposit,IBB,CD Short Term,4664.43,Y
3641,Deposit,NIDDA,Checking,17751.82,Y
3641,Credit,N/A,Credit Card,10184.93,Y
3641,Loan,N/A,Auto Loan,30564.21,Y
3642,Deposit,IBB,CD Long Term,6783.92,Y
3642,Deposit,IBB,CD Short Term,16355.57,Y
3642,Deposit,IBB,Money Market,66570.95,Y
3642,Deposit,NIDDA,Checking,4515.01,Y
3642,Credit,N/A,Credit Card,1527.2,Y
3642,Loan,N/A,Auto Loan,30462.24,Y
3643,Deposit,IBB,Money Market,2604.79,Y
3643,Deposit,NIDDA,Checking,4676.4,Y
3643,Credit,N/A,Credit Card,7466.24,Y
3643,Loan,N/A,Home Loan,677438.46,Y
3644,Deposit,IBB,Money Market,24526.09,Y
3644,Deposit,NIDDA,Checking,5062.57,Y
3644,Credit,N/A,Credit Card,3462.93,Y
3645,Deposit,IBB,Money Market,11373.68,Y
3645,Deposit,NIDDA,Checking,5854.57,Y
3645,Deposit,IBB,Savings,4751.37,Y
3646,Deposit,IBB,CD Short Term,21885.92,Y
3646,Deposit,IBB,Money Market,24640.69,Y
3646,Deposit,NIDDA,Checking,12968.79,Y
3646,Deposit,IBB,Savings,12481.28,Y
3646,Credit,N/A,Credit Card,2884.26,Y
3646,Loan,N/A,Personal Loan,37476.97,Y
3647,Deposit,NIDDA,Checking,6802.01,Y
3647,Deposit,IBB,Savings,11154.57,Y
3647,Credit,N/A,Credit Card,1697.42,Y
3647,Loan,N/A,Home Loan,414959.76,Y
3648,Deposit,IBB,CD Long Term,39834.88,Y
3648,Deposit,IBB,CD Short Term,92029.11,Y
3648,Deposit,IBB,Money Market,5551.84,Y
3648,Deposit,NIDDA,Checking,3399.75,Y
3648,Loan,N/A,Auto Loan,22586.42,Y
3649,Deposit,IBB,CD Long Term,42271.51,Y
3649,Deposit,NIDDA,Checking,20318.57,Y
3649,Deposit,IBB,Savings,5329.22,Y
3650,Deposit,IBB,CD Short Term,10380.44,Y
3650,Deposit,IBB,Money Market,102457.59,Y
3650,Deposit,NIDDA,Checking,3250.97,Y
3650,Deposit,IBB,Savings,2367.51,Y
3650,Credit,N/A,Credit Card,2423.48,Y
3651,Deposit,IBB,CD Short Term,31540.17,Y
3651,Deposit,NIDDA,Checking,2013.61,Y
3651,Deposit,IBB,Savings,4498.27,Y
3651,Credit,N/A,Credit Card,1431.18,Y
3651,Loan,N/A,Auto Loan,82030.67,Y
3652,Deposit,IBB,CD Short Term,13772.53,Y
3652,Deposit,IBB,Money Market,38739.51,Y
3652,Deposit,NIDDA,Checking,4646.28,Y
3652,Deposit,IBB,Savings,1663.72,Y
3652,Loan,N/A,Home Loan,444174.7,Y
3653,Deposit,IBB,CD Short Term,15160.96,Y
3653,Deposit,NIDDA,Checking,1815.08,Y
3653,Deposit,IBB,Savings,12184.93,Y
3653,Loan,N/A,Personal Loan,32184.5,Y
3654,Deposit,IBB,Money Market,6982.44,Y
3654,Deposit,NIDDA,Checking,5678.68,Y
3654,Deposit,IBB,Savings,19060.67,Y
3655,Deposit,IBB,CD Short Term,22532.03,Y
3655,Deposit,NIDDA,Checking,45567.17,Y
3655,Loan,N/A,Home Loan,375042.6,Y
3655,Loan,N/A,Auto Loan,39225.02,Y
3655,Loan,N/A,Personal Loan,25757.76,Y
3656,Deposit,IBB,Money Market,2877.66,Y
3656,Deposit,NIDDA,Checking,1661.9,Y
3656,Deposit,IBB,Savings,15922.66,Y
3656,Credit,N/A,Credit Card,8329.22,Y
3656,Loan,N/A,Personal Loan,15295.66,Y
3657,Deposit,IBB,Money Market,9055.48,Y
3657,Deposit,NIDDA,Checking,1319.43,Y
3657,Deposit,IBB,Savings,44800.64,Y
3657,Credit,N/A,Credit Card,3560.75,Y
3657,Loan,N/A,Home Loan,519876.73,Y
3657,Loan,N/A,Personal Loan,14838.48,Y
3658,Deposit,IBB,CD Long Term,42139.46,Y
3658,Deposit,IBB,Money Market,11573.37,Y
3658,Deposit,NIDDA,Checking,7708.97,Y
3658,Deposit,IBB,Savings,7223.98,Y
3659,Deposit,NIDDA,Checking,17736.4,Y
3659,Credit,N/A,Credit Card,1007.68,Y
3660,Deposit,IBB,Money Market,28466.59,Y
3660,Deposit,NIDDA,Checking,3210.46,Y
3660,Deposit,IBB,Savings,4606.66,Y
3660,Credit,N/A,Credit Card,3250.14,Y
3660,Loan,N/A,Auto Loan,47384.21,Y
3661,Deposit,NIDDA,Checking,4282.34,Y
3661,Loan,N/A,Home Loan,203736.97,Y
3662,Deposit,IBB,CD Short Term,16616.43,Y
3662,Deposit,NIDDA,Checking,2387.88,Y
3662,Deposit,IBB,Savings,7723.7,Y
3663,Deposit,IBB,CD Short Term,65873.28,Y
3663,Deposit,IBB,Money Market,109490.15,Y
3663,Deposit,NIDDA,Checking,4701.68,Y
3663,Deposit,IBB,Savings,12352.53,Y
3664,Deposit,IBB,CD Long Term,16146.55,Y
3664,Deposit,IBB,Money Market,30121.32,Y
3664,Deposit,NIDDA,Checking,9898.21,Y
3664,Deposit,IBB,Savings,4255.99,Y
3664,Credit,N/A,Credit Card,1044.91,Y
3664,Loan,N/A,Home Loan,785515.28,Y
3665,Deposit,IBB,Money Market,26396.18,Y
3665,Deposit,NIDDA,Checking,2889.22,Y
3665,Deposit,IBB,Savings,11369.2,Y
3665,Credit,N/A,Credit Card,258.36,Y
3666,Deposit,IBB,CD Long Term,37177.0,Y
3666,Deposit,NIDDA,Checking,4149.63,Y
3666,Deposit,IBB,CD Short Term,165925.4,Y
3666,Deposit,IBB,Money Market,6966.48,Y
3666,Deposit,IBB,Savings,1567.94,Y
3666,Credit,N/A,Credit Card,1120.03,Y
3666,Loan,N/A,Home Loan,425808.17,Y
3667,Deposit,NIDDA,Checking,21700.22,Y
3667,Credit,N/A,Credit Card,833.11,Y
3668,Deposit,IBB,CD Long Term,1773.3,Y
3668,Deposit,NIDDA,Checking,5954.05,Y
3668,Deposit,IBB,CD Short Term,2117.02,Y
3668,Deposit,IBB,Money Market,31874.79,Y
3668,Deposit,IBB,Savings,19917.12,Y
3668,Credit,N/A,Credit Card,3652.75,Y
3668,Loan,N/A,Auto Loan,14066.91,Y
3669,Deposit,NIDDA,Checking,19281.28,Y
3669,Deposit,IBB,Savings,3812.24,Y
3669,Loan,N/A,Auto Loan,39946.63,Y
3670,Deposit,IBB,CD Short Term,45827.75,Y
3670,Deposit,NIDDA,Checking,3990.27,Y
3670,Deposit,IBB,Savings,22930.53,Y
3670,Credit,N/A,Credit Card,2594.32,Y
3670,Loan,N/A,Home Loan,534608.82,Y
3670,Loan,N/A,Auto Loan,46873.23,Y
3671,Deposit,NIDDA,Checking,680.18,Y
3671,Deposit,IBB,Savings,56782.55,Y
3671,Credit,N/A,Credit Card,2102.85,Y
3671,Loan,N/A,Home Loan,595606.27,Y
3671,Loan,N/A,Auto Loan,47738.1,Y
3671,Loan,N/A,Personal Loan,31458.68,Y
3672,Deposit,IBB,CD Long Term,23817.17,Y
3672,Deposit,IBB,Money Market,2788.94,Y
3672,Deposit,NIDDA,Checking,3878.56,Y
3672,Deposit,IBB,Savings,9321.12,Y
3672,Loan,N/A,Home Loan,481456.98,Y
3672,Loan,N/A,Auto Loan,26429.67,Y
3673,Deposit,IBB,CD Long Term,22636.76,Y
3673,Deposit,IBB,Money Market,7404.71,Y
3673,Deposit,NIDDA,Checking,4335.03,Y
3673,Credit,N/A,Credit Card,2549.95,Y
3674,Deposit,NIDDA,Checking,926.36,Y
3674,Deposit,IBB,Savings,27219.8,Y
3675,Deposit,NIDDA,Checking,3850.87,Y
3675,Deposit,IBB,Savings,17293.82,Y
3675,Credit,N/A,Credit Card,3467.79,Y
3676,Deposit,NIDDA,Checking,1651.13,Y
3676,Deposit,IBB,Savings,4698.39,Y
3676,Credit,N/A,Credit Card,1962.59,Y
3676,Loan,N/A,Auto Loan,53078.06,Y
3677,Deposit,IBB,Money Market,42483.93,Y
3677,Deposit,NIDDA,Checking,14654.18,Y
3677,Deposit,IBB,Savings,11521.63,Y
3677,Credit,N/A,Credit Card,5511.03,Y
3678,Deposit,IBB,CD Short Term,16478.81,Y
3678,Deposit,IBB,Money Market,9496.21,Y
3678,Deposit,NIDDA,Checking,3602.35,Y
3678,Deposit,IBB,Savings,47812.84,Y
3678,Credit,N/A,Credit Card,5492.12,Y
3679,Deposit,IBB,Money Market,11379.87,Y
3679,Deposit,NIDDA,Checking,4241.9,Y
3679,Deposit,IBB,Savings,6067.27,Y
3680,Deposit,IBB,CD Long Term,60853.16,Y
3680,Deposit,IBB,Money Market,9397.78,Y
3680,Deposit,NIDDA,Checking,2304.39,Y
3681,Deposit,IBB,CD Short Term,19313.96,Y
3681,Deposit,NIDDA,Checking,23060.57,Y
3681,Deposit,IBB,Savings,11698.36,Y
3681,Credit,N/A,Credit Card,2130.09,Y
3681,Loan,N/A,Personal Loan,46739.54,Y
3682,Deposit,IBB,CD Long Term,35471.28,Y
3682,Deposit,IBB,CD Short Term,6301.75,Y
3682,Deposit,NIDDA,Checking,2972.72,Y
3682,Deposit,IBB,Savings,3578.38,Y
3682,Credit,N/A,Credit Card,2619.02,Y
3683,Deposit,IBB,CD Short Term,10023.92,Y
3683,Deposit,NIDDA,Checking,13215.95,Y
3683,Credit,N/A,Credit Card,1533.95,Y
3683,Loan,N/A,Auto Loan,60897.98,Y
3684,Deposit,IBB,CD Short Term,14971.16,Y
3684,Deposit,NIDDA,Checking,3741.75,Y
3685,Deposit,IBB,CD Short Term,2372.0,Y
3685,Deposit,NIDDA,Checking,2434.01,Y
3685,Deposit,IBB,Savings,8646.69,Y
3686,Deposit,IBB,CD Short Term,208133.29,Y
3686,Deposit,NIDDA,Checking,5086.94,Y
3686,Loan,N/A,Personal Loan,14747.38,Y
3687,Deposit,NIDDA,Checking,9198.82,Y
3687,Deposit,IBB,Savings,4407.21,Y
3687,Credit,N/A,Credit Card,8556.78,Y
3687,Loan,N/A,Auto Loan,38692.88,Y
3688,Deposit,IBB,Money Market,57282.36,Y
3688,Deposit,NIDDA,Checking,14564.81,Y
3688,Deposit,IBB,Savings,800.18,Y
3689,Deposit,IBB,CD Short Term,32858.88,Y
3689,Deposit,NIDDA,Checking,8392.6,Y
3689,Loan,N/A,Home Loan,405145.28,Y
3689,Loan,N/A,Personal Loan,15374.83,Y
3690,Deposit,IBB,Money Market,6011.77,Y
3690,Deposit,NIDDA,Checking,4837.39,Y
3690,Credit,N/A,Credit Card,16968.6,Y
3690,Loan,N/A,Auto Loan,42237.97,Y
3691,Deposit,IBB,CD Long Term,19483.75,Y
3691,Deposit,IBB,Money Market,11142.95,Y
3691,Deposit,NIDDA,Checking,9075.88,Y
3691,Deposit,IBB,Savings,9020.27,Y
3691,Credit,N/A,Credit Card,1147.85,Y
3691,Loan,N/A,Auto Loan,9427.82,Y
3691,Loan,N/A,Personal Loan,20106.82,Y
3692,Deposit,IBB,Money Market,4138.8,Y
3692,Deposit,NIDDA,Checking,5099.33,Y
3692,Loan,N/A,Home Loan,459924.56,Y
3693,Deposit,NIDDA,Checking,366.2,Y
3693,Loan,N/A,Home Loan,276440.09,Y
3693,Loan,N/A,Auto Loan,43233.35,Y
3694,Deposit,IBB,CD Short Term,48519.33,Y
3694,Deposit,IBB,Money Market,2974.65,Y
3694,Deposit,NIDDA,Checking,11484.37,Y
3694,Deposit,IBB,Savings,2886.78,Y
3694,Loan,N/A,Home Loan,330766.02,Y
3694,Loan,N/A,Auto Loan,29561.96,Y
3695,Deposit,IBB,CD Long Term,23672.32,Y
3695,Deposit,NIDDA,Checking,4305.38,Y
3695,Deposit,IBB,CD Short Term,3134.36,Y
3695,Deposit,IBB,Money Market,43196.87,Y
3695,Deposit,IBB,Savings,7736.71,Y
3695,Loan,N/A,Home Loan,303108.65,Y
3695,Loan,N/A,Auto Loan,63167.47,Y
3696,Deposit,IBB,CD Long Term,43751.61,Y
3696,Deposit,NIDDA,Checking,19146.69,Y
3696,Deposit,IBB,Savings,41611.29,Y
3696,Credit,N/A,Credit Card,19805.06,Y
3696,Loan,N/A,Home Loan,213761.86,Y
3697,Deposit,IBB,Money Market,23109.99,Y
3697,Deposit,NIDDA,Checking,1658.02,Y
3697,Deposit,IBB,Savings,23079.61,Y
3697,Credit,N/A,Credit Card,2688.73,Y
3697,Loan,N/A,Home Loan,582284.54,Y
3698,Deposit,IBB,CD Short Term,46614.83,Y
3698,Deposit,IBB,Money Market,37968.57,Y
3698,Deposit,NIDDA,Checking,275.32,Y
3698,Deposit,IBB,Savings,6799.43,Y
3699,Deposit,IBB,CD Long Term,188578.5,Y
3699,Deposit,NIDDA,Checking,5524.47,Y
3699,Deposit,IBB,Savings,5196.15,Y
3699,Loan,N/A,Auto Loan,54393.75,Y
3700,Deposit,IBB,Money Market,163416.19,Y
3700,Deposit,NIDDA,Checking,4097.64,Y
3700,Deposit,IBB,Savings,12471.79,Y
3701,Deposit,NIDDA,Checking,1257.94,Y
3701,Deposit,IBB,Savings,44922.63,Y
3701,Loan,N/A,Home Loan,917840.17,Y
3701,Loan,N/A,Auto Loan,36795.36,Y
3702,Deposit,IBB,CD Short Term,10162.11,Y
3702,Deposit,IBB,Money Market,36215.67,Y
3702,Deposit,NIDDA,Checking,6666.9,Y
3702,Deposit,IBB,Savings,4756.02,Y
3702,Credit,N/A,Credit Card,2247.13,Y
3703,Deposit,IBB,CD Short Term,28399.78,Y
3703,Deposit,NIDDA,Checking,4664.75,Y
3703,Deposit,IBB,Savings,22194.74,Y
3703,Credit,N/A,Credit Card,804.37,Y
3704,Deposit,NIDDA,Checking,5251.38,Y
3704,Deposit,IBB,Savings,2805.38,Y
3705,Deposit,IBB,CD Short Term,38803.73,Y
3705,Deposit,IBB,Money Market,47258.61,Y
3705,Deposit,NIDDA,Checking,43943.23,Y
3705,Deposit,IBB,Savings,13117.81,Y
3705,Credit,N/A,Credit Card,1599.67,Y
3705,Loan,N/A,Home Loan,273181.14,Y
3706,Deposit,NIDDA,Checking,6216.37,Y
3706,Deposit,IBB,Savings,1993.54,Y
3707,Deposit,NIDDA,Checking,2960.66,Y
3707,Deposit,IBB,Savings,3337.72,Y
3707,Credit,N/A,Credit Card,1339.72,Y
3707,Loan,N/A,Home Loan,288040.67,Y
3708,Deposit,IBB,CD Long Term,20735.63,Y
3708,Deposit,IBB,Money Market,19632.22,Y
3708,Deposit,NIDDA,Checking,15445.41,Y
3708,Deposit,IBB,Savings,26012.47,Y
3708,Loan,N/A,Auto Loan,17260.49,Y
3709,Deposit,IBB,CD Long Term,2295.61,Y
3709,Deposit,IBB,Money Market,94726.42,Y
3709,Deposit,NIDDA,Checking,19507.52,Y
3709,Loan,N/A,Auto Loan,65570.98,Y
3710,Deposit,IBB,CD Short Term,16560.55,Y
3710,Deposit,IBB,Money Market,6082.82,Y
3710,Deposit,NIDDA,Checking,2509.78,Y
3710,Loan,N/A,Home Loan,264806.88,Y
3710,Loan,N/A,Auto Loan,23802.05,Y
3711,Deposit,NIDDA,Checking,3921.9,Y
3711,Loan,N/A,Home Loan,440580.44,Y
3711,Loan,N/A,Auto Loan,23509.02,Y
3711,Loan,N/A,Personal Loan,32711.3,Y
3712,Deposit,IBB,CD Long Term,17205.57,Y
3712,Deposit,IBB,Money Market,35548.17,Y
3712,Deposit,NIDDA,Checking,6689.76,Y
3712,Deposit,IBB,Savings,4170.9,Y
3712,Credit,N/A,Credit Card,1502.13,Y
3713,Deposit,IBB,CD Short Term,9456.29,Y
3713,Deposit,NIDDA,Checking,44887.23,Y
3713,Credit,N/A,Credit Card,1189.63,Y
3713,Loan,N/A,Home Loan,475221.66,Y
3713,Loan,N/A,Personal Loan,13360.75,Y
3714,Deposit,IBB,CD Long Term,56278.81,Y
3714,Deposit,NIDDA,Checking,1298.31,Y
3714,Deposit,IBB,CD Short Term,9185.67,Y
3714,Deposit,IBB,Money Market,10489.25,Y
3714,Deposit,IBB,Savings,5455.06,Y
3714,Credit,N/A,Credit Card,1193.5,Y
3714,Loan,N/A,Auto Loan,42735.65,Y
3715,Deposit,IBB,Money Market,47650.12,Y
3715,Deposit,NIDDA,Checking,10572.08,Y
3715,Deposit,IBB,Savings,13619.06,Y
3715,Credit,N/A,Credit Card,3778.5,Y
3715,Loan,N/A,Home Loan,295606.96,Y
3715,Loan,N/A,Personal Loan,30299.18,Y
3716,Deposit,IBB,CD Short Term,20755.07,Y
3716,Deposit,NIDDA,Checking,7824.07,Y
3716,Deposit,IBB,Savings,6196.84,Y
3716,Credit,N/A,Credit Card,2790.37,Y
3716,Loan,N/A,Home Loan,365800.84,Y
3716,Loan,N/A,Auto Loan,92943.51,Y
3717,Deposit,IBB,CD Short Term,48072.29,Y
3717,Deposit,NIDDA,Checking,1829.42,Y
3717,Deposit,IBB,Savings,12308.31,Y
3717,Credit,N/A,Credit Card,3377.75,Y
3717,Loan,N/A,Home Loan,759701.55,Y
3718,Deposit,NIDDA,Checking,1277.48,Y
3718,Deposit,IBB,Savings,6647.87,Y
3718,Credit,N/A,Credit Card,778.92,Y
3718,Loan,N/A,Home Loan,662582.18,Y
3718,Loan,N/A,Personal Loan,17120.49,Y
3719,Deposit,IBB,CD Short Term,8646.59,Y
3719,Deposit,NIDDA,Checking,12096.3,Y
3719,Deposit,IBB,Savings,7560.17,Y
3719,Credit,N/A,Credit Card,6803.54,Y
3719,Loan,N/A,Auto Loan,72560.21,Y
3719,Loan,N/A,Personal Loan,5889.53,Y
3720,Deposit,IBB,CD Short Term,133173.02,Y
3720,Deposit,IBB,Money Market,5015.94,Y
3720,Deposit,NIDDA,Checking,3250.87,Y
3720,Deposit,IBB,Savings,8736.69,Y
3720,Credit,N/A,Credit Card,5039.24,Y
3720,Loan,N/A,Auto Loan,33239.49,Y
3721,Deposit,IBB,Money Market,20180.96,Y
3721,Deposit,NIDDA,Checking,7469.07,Y
3721,Deposit,IBB,Savings,14621.68,Y
3721,Credit,N/A,Credit Card,2484.66,Y
3722,Deposit,NIDDA,Checking,12173.94,Y
3722,Credit,N/A,Credit Card,2411.43,Y
3723,Deposit,NIDDA,Checking,7852.68,Y
3723,Deposit,IBB,Savings,11109.71,Y
3724,Deposit,IBB,CD Long Term,43260.87,Y
3724,Deposit,NIDDA,Checking,13051.5,Y
3724,Deposit,IBB,Savings,965.24,Y
3725,Deposit,IBB,CD Long Term,20990.06,Y
3725,Deposit,IBB,Money Market,7226.22,Y
3725,Deposit,NIDDA,Checking,2932.28,Y
3725,Deposit,IBB,Savings,3089.06,Y
3725,Credit,N/A,Credit Card,1636.64,Y
3725,Loan,N/A,Auto Loan,11539.94,Y
3726,Deposit,IBB,Money Market,10043.23,Y
3726,Deposit,NIDDA,Checking,4335.35,Y
3726,Credit,N/A,Credit Card,1072.28,Y
3726,Loan,N/A,Auto Loan,23609.36,Y
3726,Loan,N/A,Personal Loan,9105.29,Y
3727,Deposit,IBB,Money Market,3702.84,Y
3727,Deposit,NIDDA,Checking,6687.53,Y
3727,Deposit,IBB,Savings,3596.29,Y
3727,Credit,N/A,Credit Card,2836.19,Y
3728,Deposit,IBB,Money Market,11292.47,Y
3728,Deposit,NIDDA,Checking,4568.17,Y
3728,Deposit,IBB,Savings,966.08,Y
3728,Loan,N/A,Home Loan,221963.2,Y
3728,Loan,N/A,Personal Loan,14228.26,Y
3729,Deposit,IBB,CD Short Term,29651.8,Y
3729,Deposit,IBB,Money Market,5073.67,Y
3729,Deposit,NIDDA,Checking,8481.04,Y
3730,Deposit,IBB,CD Long Term,11351.84,Y
3730,Deposit,IBB,CD Short Term,31628.97,Y
3730,Deposit,NIDDA,Checking,7374.24,Y
3730,Credit,N/A,Credit Card,2103.36,Y
3730,Loan,N/A,Home Loan,305683.4,Y
3730,Loan,N/A,Auto Loan,26735.64,Y
3731,Deposit,IBB,Money Market,5901.67,Y
3731,Deposit,NIDDA,Checking,5229.9,Y
3731,Deposit,IBB,Savings,12503.6,Y
3731,Credit,N/A,Credit Card,941.27,Y
3732,Deposit,IBB,CD Short Term,51504.75,Y
3732,Deposit,NIDDA,Checking,3221.68,Y
3732,Deposit,IBB,Savings,8969.14,Y
3732,Loan,N/A,Home Loan,546131.45,Y
3733,Deposit,NIDDA,Checking,1594.44,Y
3733,Deposit,IBB,Savings,8998.56,Y
3733,Credit,N/A,Credit Card,9959.68,Y
3734,Deposit,IBB,CD Short Term,120607.5,Y
3734,Deposit,IBB,Money Market,25233.86,Y
3734,Deposit,NIDDA,Checking,10522.52,Y
3734,Loan,N/A,Auto Loan,60732.16,Y
3734,Loan,N/A,Personal Loan,18743.32,Y
3735,Deposit,IBB,Money Market,25519.01,Y
3735,Deposit,NIDDA,Checking,65461.6,Y
3735,Deposit,IBB,Savings,11117.09,Y
3736,Deposit,NIDDA,Checking,23249.55,Y
3736,Deposit,IBB,Savings,7540.78,Y
3736,Credit,N/A,Credit Card,1310.67,Y
3737,Deposit,IBB,CD Short Term,18508.33,Y
3737,Deposit,IBB,Money Market,22296.9,Y
3737,Deposit,NIDDA,Checking,7558.93,Y
3737,Credit,N/A,Credit Card,338.94,Y
3737,Loan,N/A,Home Loan,280592.65,Y
3738,Deposit,NIDDA,Checking,8686.68,Y
3738,Deposit,IBB,Savings,2777.09,Y
3738,Loan,N/A,Auto Loan,33574.73,Y
3738,Loan,N/A,Personal Loan,31856.35,Y
3739,Deposit,NIDDA,Checking,8816.29,Y
3739,Deposit,IBB,Savings,1812.71,Y
3739,Credit,N/A,Credit Card,4137.34,Y
3740,Deposit,NIDDA,Checking,7032.85,Y
3740,Credit,N/A,Credit Card,4331.32,Y
3740,Loan,N/A,Auto Loan,35955.93,Y
3741,Deposit,IBB,CD Long Term,10239.11,Y
3741,Deposit,IBB,Money Market,16828.3,Y
3741,Deposit,NIDDA,Checking,1072.57,Y
3741,Deposit,IBB,Savings,5837.62,Y
3741,Loan,N/A,Home Loan,569872.66,Y
3742,Deposit,IBB,CD Long Term,79809.73,Y
3742,Deposit,NIDDA,Checking,10149.33,Y
3742,Deposit,IBB,Savings,6324.74,Y
3742,Credit,N/A,Credit Card,1406.86,Y
3743,Deposit,IBB,CD Short Term,29802.92,Y
3743,Deposit,NIDDA,Checking,3254.8,Y
3743,Deposit,IBB,Savings,2713.28,Y
3743,Loan,N/A,Home Loan,593553.85,Y
3744,Deposit,IBB,Money Market,20858.05,Y
3744,Deposit,NIDDA,Checking,3370.86,Y
3744,Deposit,IBB,Savings,7610.16,Y
3744,Credit,N/A,Credit Card,2341.24,Y
3744,Loan,N/A,Home Loan,773838.22,Y
3744,Loan,N/A,Personal Loan,24767.87,Y
3745,Deposit,IBB,CD Short Term,4865.94,Y
3745,Deposit,NIDDA,Checking,2761.49,Y
3745,Deposit,IBB,Savings,5661.49,Y
3745,Credit,N/A,Credit Card,682.3,Y
3745,Loan,N/A,Home Loan,1016251.44,Y
3746,Deposit,IBB,Money Market,26201.83,Y
3746,Deposit,NIDDA,Checking,1177.74,Y
3746,Deposit,IBB,Savings,5008.83,Y
3746,Loan,N/A,Auto Loan,76832.8,Y
3747,Deposit,NIDDA,Checking,5102.04,Y
3748,Deposit,IBB,CD Short Term,9923.21,Y
3748,Deposit,NIDDA,Checking,12108.58,Y
3748,Deposit,IBB,Savings,18555.9,Y
3748,Credit,N/A,Credit Card,3153.75,Y
3748,Loan,N/A,Auto Loan,40818.3,Y
3749,Deposit,NIDDA,Checking,3579.13,Y
3749,Deposit,IBB,Savings,5008.18,Y
3750,Deposit,IBB,Money Market,37901.11,Y
3750,Deposit,NIDDA,Checking,653.82,Y
3750,Deposit,IBB,Savings,14417.54,Y
3750,Credit,N/A,Credit Card,3555.73,Y
3750,Loan,N/A,Home Loan,500551.26,Y
3751,Deposit,IBB,CD Short Term,5466.33,Y
3751,Deposit,IBB,Money Market,26512.82,Y
3751,Deposit,NIDDA,Checking,3455.4,Y
3751,Deposit,IBB,Savings,54381.45,Y
3751,Credit,N/A,Credit Card,2107.05,Y
3751,Loan,N/A,Home Loan,702250.62,Y
3751,Loan,N/A,Auto Loan,50087.47,Y
3752,Deposit,IBB,Money Market,42161.96,Y
3752,Deposit,NIDDA,Checking,8158.36,Y
3752,Deposit,IBB,Savings,5697.89,Y
3752,Loan,N/A,Home Loan,244073.88,Y
3753,Deposit,IBB,Money Market,12818.55,Y
3753,Deposit,NIDDA,Checking,1672.71,Y
3753,Deposit,IBB,Savings,26253.18,Y
3753,Credit,N/A,Credit Card,1494.51,Y
3753,Loan,N/A,Home Loan,412188.47,Y
3754,Deposit,IBB,CD Long Term,8028.43,Y
3754,Deposit,IBB,CD Short Term,13259.09,Y
3754,Deposit,NIDDA,Checking,2155.49,Y
3754,Deposit,IBB,Savings,10304.6,Y
3754,Loan,N/A,Auto Loan,31774.84,Y
3755,Deposit,IBB,Money Market,7941.97,Y
3755,Deposit,NIDDA,Checking,6775.78,Y
3755,Deposit,IBB,Savings,20081.14,Y
3755,Credit,N/A,Credit Card,1545.29,Y
3756,Deposit,IBB,Money Market,125311.03,Y
3756,Deposit,NIDDA,Checking,5245.48,Y
3756,Loan,N/A,Auto Loan,54168.64,Y
3757,Deposit,IBB,CD Long Term,47839.82,Y
3757,Deposit,IBB,Money Market,15809.55,Y
3757,Deposit,NIDDA,Checking,8211.67,Y
3757,Credit,N/A,Credit Card,1572.02,Y
3757,Loan,N/A,Home Loan,478959.29,Y
3758,Deposit,IBB,CD Long Term,538022.0,Y
3758,Deposit,NIDDA,Checking,3352.7,Y
3758,Deposit,IBB,CD Short Term,31149.58,Y
3758,Deposit,IBB,Money Market,38702.71,Y
3758,Deposit,IBB,Savings,8973.9,Y
3758,Credit,N/A,Credit Card,2183.3,Y
3758,Loan,N/A,Home Loan,392113.92,Y
3759,Deposit,IBB,CD Long Term,15520.49,Y
3759,Deposit,NIDDA,Checking,4595.16,Y
3759,Loan,N/A,Auto Loan,34611.49,Y
3760,Deposit,IBB,CD Short Term,5196.89,Y
3760,Deposit,IBB,Money Market,56529.75,Y
3760,Deposit,NIDDA,Checking,10268.13,Y
3760,Deposit,IBB,Savings,11628.95,Y
3760,Loan,N/A,Home Loan,276663.66,Y
3761,Deposit,IBB,CD Long Term,58897.12,Y
3761,Deposit,NIDDA,Checking,3726.61,Y
3761,Deposit,IBB,Savings,9458.15,Y
3761,Loan,N/A,Home Loan,608096.94,Y
3761,Loan,N/A,Personal Loan,17492.81,Y
3762,Deposit,IBB,CD Short Term,7191.41,Y
3762,Deposit,IBB,Money Market,4551.93,Y
3762,Deposit,NIDDA,Checking,17551.46,Y
3762,Credit,N/A,Credit Card,554.37,Y
3763,Deposit,NIDDA,Checking,3274.86,Y
3763,Deposit,IBB,Savings,34440.46,Y
3764,Deposit,NIDDA,Checking,21380.61,Y
3764,Deposit,IBB,Savings,33777.91,Y
3765,Deposit,NIDDA,Checking,6949.83,Y
3765,Deposit,IBB,Savings,28470.92,Y
3765,Credit,N/A,Credit Card,3136.85,Y
3766,Deposit,NIDDA,Checking,13182.28,Y
3766,Deposit,IBB,Savings,9222.41,Y
3766,Credit,N/A,Credit Card,585.12,Y
3766,Loan,N/A,Home Loan,244460.63,Y
3767,Deposit,IBB,Money Market,4784.34,Y
3767,Deposit,NIDDA,Checking,5211.94,Y
3767,Deposit,IBB,Savings,5034.92,Y
3768,Deposit,IBB,CD Long Term,14204.62,Y
3768,Deposit,NIDDA,Checking,3994.31,Y
3768,Deposit,IBB,CD Short Term,27254.94,Y
3768,Deposit,IBB,Money Market,7327.5,Y
3768,Deposit,IBB,Savings,9294.94,Y
3768,Loan,N/A,Home Loan,395604.83,Y
3768,Loan,N/A,Auto Loan,25874.14,Y
3769,Deposit,IBB,CD Long Term,19914.9,Y
3769,Deposit,IBB,Money Market,2222.63,Y
3769,Deposit,NIDDA,Checking,7610.51,Y
3769,Deposit,IBB,Savings,7775.81,Y
3769,Credit,N/A,Credit Card,6089.31,Y
3770,Deposit,NIDDA,Checking,10213.6,Y
3770,Deposit,IBB,Savings,2721.01,Y
3770,Loan,N/A,Auto Loan,38130.33,Y
3771,Deposit,IBB,CD Short Term,5940.54,Y
3771,Deposit,NIDDA,Checking,13625.19,Y
3771,Deposit,IBB,Savings,6343.57,Y
3771,Credit,N/A,Credit Card,1886.55,Y
3771,Loan,N/A,Auto Loan,57397.01,Y
3772,Deposit,IBB,CD Long Term,14291.2,Y
3772,Deposit,NIDDA,Checking,10642.63,Y
3772,Deposit,IBB,CD Short Term,5607.8,Y
3772,Deposit,IBB,Money Market,12512.1,Y
3772,Deposit,IBB,Savings,3263.86,Y
3772,Loan,N/A,Home Loan,370152.36,Y
3773,Deposit,NIDDA,Checking,11127.87,Y
3773,Deposit,IBB,Savings,20099.62,Y
3773,Credit,N/A,Credit Card,660.87,Y
3774,Deposit,IBB,CD Long Term,16974.51,Y
3774,Deposit,IBB,Money Market,12403.1,Y
3774,Deposit,NIDDA,Checking,4030.33,Y
3774,Deposit,IBB,Savings,8028.39,Y
3775,Deposit,IBB,CD Short Term,9306.93,Y
3775,Deposit,NIDDA,Checking,4160.1,Y
3775,Deposit,IBB,Savings,5993.85,Y
3776,Deposit,IBB,CD Short Term,60821.66,Y
3776,Deposit,IBB,Money Market,7702.82,Y
3776,Deposit,NIDDA,Checking,5850.54,Y
3776,Deposit,IBB,Savings,3482.0,Y
3776,Credit,N/A,Credit Card,3433.94,Y
3777,Deposit,IBB,CD Long Term,23717.59,Y
3777,Deposit,NIDDA,Checking,9352.22,Y
3777,Deposit,IBB,Savings,18490.07,Y
3777,Credit,N/A,Credit Card,1508.77,Y
3777,Loan,N/A,Home Loan,330063.28,Y
3778,Deposit,IBB,CD Long Term,31716.87,Y
3778,Deposit,NIDDA,Checking,18805.35,Y
3778,Deposit,IBB,CD Short Term,11539.97,Y
3778,Deposit,IBB,Money Market,820.63,Y
3778,Deposit,IBB,Savings,384.29,Y
3778,Credit,N/A,Credit Card,1696.15,Y
3779,Deposit,NIDDA,Checking,19486.29,Y
3779,Deposit,IBB,Savings,10158.64,Y
3779,Loan,N/A,Home Loan,429254.71,Y
3780,Deposit,IBB,CD Long Term,19842.58,Y
3780,Deposit,IBB,Money Market,6131.89,Y
3780,Deposit,NIDDA,Checking,1131.92,Y
3780,Deposit,IBB,Savings,4913.13,Y
3780,Loan,N/A,Home Loan,140178.11,Y
3781,Deposit,IBB,CD Long Term,29795.94,Y
3781,Deposit,IBB,Money Market,8923.64,Y
3781,Deposit,NIDDA,Checking,2972.71,Y
3781,Deposit,IBB,Savings,22408.96,Y
3782,Deposit,IBB,Money Market,18119.97,Y
3782,Deposit,NIDDA,Checking,8928.02,Y
3782,Deposit,IBB,Savings,68238.62,Y
3783,Deposit,IBB,CD Long Term,10281.83,Y
3783,Deposit,IBB,Money Market,31135.62,Y
3783,Deposit,NIDDA,Checking,2196.33,Y
3783,Credit,N/A,Credit Card,1769.6,Y
3783,Loan,N/A,Auto Loan,66423.76,Y
3784,Deposit,IBB,CD Long Term,91947.26,Y
3784,Deposit,IBB,CD Short Term,4430.93,Y
3784,Deposit,NIDDA,Checking,18365.8,Y
3784,Deposit,IBB,Savings,6136.47,Y
3784,Credit,N/A,Credit Card,8677.69,Y
3784,Loan,N/A,Home Loan,270770.54,Y
3785,Deposit,IBB,CD Long Term,18378.61,Y
3785,Deposit,IBB,Money Market,11592.58,Y
3785,Deposit,NIDDA,Checking,5416.83,Y
3785,Credit,N/A,Credit Card,303.47,Y
3785,Loan,N/A,Auto Loan,64628.15,Y
3786,Deposit,IBB,CD Long Term,9313.01,Y
3786,Deposit,IBB,CD Short Term,11893.74,Y
3786,Deposit,NIDDA,Checking,4114.28,Y
3787,Deposit,NIDDA,Checking,8618.87,Y
3787,Deposit,IBB,Savings,4343.84,Y
3787,Loan,N/A,Personal Loan,22450.66,Y
3788,Deposit,NIDDA,Checking,3754.24,Y
3788,Loan,N/A,Home Loan,392561.63,Y
3789,Deposit,IBB,CD Long Term,65340.25,Y
3789,Deposit,IBB,Money Market,17453.69,Y
3789,Deposit,NIDDA,Checking,9395.39,Y
3789,Deposit,IBB,Savings,4221.47,Y
3789,Loan,N/A,Personal Loan,6861.97,Y
3790,Deposit,IBB,Money Market,16117.94,Y
3790,Deposit,NIDDA,Checking,17986.22,Y
3790,Deposit,IBB,Savings,1942.02,Y
3791,Deposit,IBB,CD Short Term,6081.81,Y
3791,Deposit,IBB,Money Market,4683.33,Y
3791,Deposit,NIDDA,Checking,5888.03,Y
3792,Deposit,IBB,CD Short Term,28392.41,Y
3792,Deposit,NIDDA,Checking,2979.39,Y
3792,Deposit,IBB,Savings,38565.45,Y
3792,Loan,N/A,Home Loan,273366.12,Y
3793,Deposit,IBB,Money Market,9950.43,Y
3793,Deposit,NIDDA,Checking,1079.64,Y
3793,Credit,N/A,Credit Card,897.1,Y
3793,Loan,N/A,Home Loan,425548.33,Y
3793,Loan,N/A,Auto Loan,20236.9,Y
3794,Deposit,NIDDA,Checking,4316.59,Y
3794,Credit,N/A,Credit Card,1091.52,Y
3795,Deposit,IBB,CD Long Term,24942.13,Y
3795,Deposit,IBB,Money Market,14442.0,Y
3795,Deposit,NIDDA,Checking,16602.24,Y
3795,Deposit,IBB,Savings,22480.28,Y
3795,Credit,N/A,Credit Card,1177.75,Y
3795,Loan,N/A,Home Loan,781961.14,Y
3795,Loan,N/A,Auto Loan,39404.52,Y
3796,Deposit,IBB,CD Short Term,22283.57,Y
3796,Deposit,NIDDA,Checking,1385.99,Y
3796,Deposit,IBB,Savings,5345.54,Y
3796,Credit,N/A,Credit Card,1408.02,Y
3796,Loan,N/A,Auto Loan,34197.6,Y
3797,Deposit,IBB,CD Long Term,6507.84,Y
3797,Deposit,NIDDA,Checking,56423.94,Y
3797,Deposit,IBB,CD Short Term,4047.27,Y
3797,Deposit,IBB,Money Market,19168.92,Y
3797,Deposit,IBB,Savings,27144.15,Y
3798,Deposit,IBB,CD Long Term,10721.94,Y
3798,Deposit,NIDDA,Checking,3624.08,Y
3798,Deposit,IBB,Savings,710.2,Y
3799,Deposit,IBB,CD Long Term,7202.66,Y
3799,Deposit,IBB,Money Market,116242.4,Y
3799,Deposit,NIDDA,Checking,824.01,Y
3799,Credit,N/A,Credit Card,2938.36,Y
3800,Deposit,IBB,CD Short Term,3098.09,Y
3800,Deposit,IBB,Money Market,64504.46,Y
3800,Deposit,NIDDA,Checking,3163.47,Y
3800,Deposit,IBB,Savings,4664.73,Y
3800,Credit,N/A,Credit Card,3134.63,Y
3800,Loan,N/A,Auto Loan,29390.39,Y
3801,Deposit,NIDDA,Checking,1735.47,Y
3801,Deposit,IBB,Savings,5995.54,Y
3802,Deposit,IBB,CD Short Term,6155.78,Y
3802,Deposit,IBB,Money Market,72839.45,Y
3802,Deposit,NIDDA,Checking,8084.39,Y
3802,Deposit,IBB,Savings,17994.04,Y
3802,Credit,N/A,Credit Card,1667.97,Y
3802,Loan,N/A,Home Loan,415947.02,Y
3803,Deposit,NIDDA,Checking,1789.27,Y
3803,Deposit,IBB,Savings,23007.99,Y
3803,Credit,N/A,Credit Card,2775.95,Y
3803,Loan,N/A,Home Loan,386024.96,Y
3804,Deposit,IBB,CD Short Term,8038.96,Y
3804,Deposit,NIDDA,Checking,1614.5,Y
3804,Deposit,IBB,Savings,5309.63,Y
3804,Credit,N/A,Credit Card,974.67,Y
3804,Loan,N/A,Home Loan,505325.75,Y
3804,Loan,N/A,Auto Loan,100394.89,Y
3805,Deposit,NIDDA,Checking,1565.9,Y
3805,Deposit,IBB,Savings,2500.99,Y
3805,Loan,N/A,Auto Loan,35462.04,Y
3806,Deposit,IBB,CD Short Term,48333.24,Y
3806,Deposit,NIDDA,Checking,4716.92,Y
3806,Deposit,IBB,Savings,25158.03,Y
3806,Credit,N/A,Credit Card,387.68,Y
3807,Deposit,IBB,CD Short Term,10585.51,Y
3807,Deposit,IBB,Money Market,14671.26,Y
3807,Deposit,NIDDA,Checking,9816.16,Y
3807,Deposit,IBB,Savings,3436.18,Y
3807,Loan,N/A,Personal Loan,9510.17,Y
3808,Deposit,IBB,Money Market,7788.73,Y
3808,Deposit,NIDDA,Checking,5287.26,Y
3808,Deposit,IBB,Savings,4310.46,Y
3808,Loan,N/A,Home Loan,370003.61,Y
3809,Deposit,NIDDA,Checking,1850.02,Y
3809,Deposit,IBB,Savings,1015.8,Y
3809,Loan,N/A,Auto Loan,35935.92,Y
3810,Deposit,NIDDA,Checking,2590.43,Y
3810,Deposit,IBB,Savings,2944.38,Y
3810,Loan,N/A,Home Loan,424160.38,Y
3810,Loan,N/A,Auto Loan,44241.99,Y
3811,Deposit,IBB,CD Short Term,18016.27,Y
3811,Deposit,NIDDA,Checking,13206.81,Y
3812,Deposit,IBB,CD Long Term,20512.4,Y
3812,Deposit,IBB,CD Short Term,95816.98,Y
3812,Deposit,NIDDA,Checking,6998.17,Y
3812,Deposit,IBB,Savings,17599.52,Y
3812,Credit,N/A,Credit Card,890.66,Y
3813,Deposit,IBB,CD Long Term,41080.02,Y
3813,Deposit,IBB,CD Short Term,1571.4,Y
3813,Deposit,NIDDA,Checking,10616.96,Y
3813,Credit,N/A,Credit Card,1328.43,Y
3813,Loan,N/A,Home Loan,452485.27,Y
3814,Deposit,IBB,CD Long Term,33836.09,Y
3814,Deposit,NIDDA,Checking,5230.15,Y
3814,Deposit,IBB,CD Short Term,8981.25,Y
3814,Deposit,IBB,Money Market,5927.8,Y
3814,Deposit,IBB,Savings,43771.46,Y
3814,Credit,N/A,Credit Card,2189.36,Y
3814,Loan,N/A,Home Loan,345787.82,Y
3815,Deposit,IBB,Money Market,9714.56,Y
3815,Deposit,NIDDA,Checking,6432.41,Y
3815,Deposit,IBB,Savings,16799.95,Y
3815,Credit,N/A,Credit Card,4849.76,Y
3816,Deposit,IBB,CD Long Term,10804.4,Y
3816,Deposit,IBB,Money Market,6885.99,Y
3816,Deposit,NIDDA,Checking,1789.66,Y
3816,Deposit,IBB,Savings,1372.72,Y
3817,Deposit,IBB,CD Long Term,11531.22,Y
3817,Deposit,NIDDA,Checking,5440.09,Y
3817,Deposit,IBB,Savings,9923.15,Y
3817,Credit,N/A,Credit Card,2429.42,Y
3817,Loan,N/A,Auto Loan,38718.11,Y
3818,Deposit,IBB,CD Long Term,20419.55,Y
3818,Deposit,IBB,CD Short Term,9989.67,Y
3818,Deposit,NIDDA,Checking,638.12,Y
3818,Deposit,IBB,Savings,16209.38,Y
3819,Deposit,NIDDA,Checking,2517.52,Y
3819,Deposit,IBB,Savings,19537.62,Y
3819,Loan,N/A,Home Loan,291410.66,Y
3819,Loan,N/A,Auto Loan,18191.01,Y
3820,Deposit,IBB,Money Market,28163.89,Y
3820,Deposit,NIDDA,Checking,7625.79,Y
3820,Deposit,IBB,Savings,20843.87,Y
3821,Deposit,NIDDA,Checking,6662.54,Y
3821,Deposit,IBB,Savings,8288.13,Y
3821,Credit,N/A,Credit Card,1454.98,Y
3821,Loan,N/A,Home Loan,224597.39,Y
3821,Loan,N/A,Personal Loan,18600.4,Y
3822,Deposit,IBB,Money Market,12713.12,Y
3822,Deposit,NIDDA,Checking,14866.01,Y
3822,Deposit,IBB,Savings,5671.84,Y
3822,Credit,N/A,Credit Card,2406.25,Y
3823,Deposit,IBB,Money Market,6783.28,Y
3823,Deposit,NIDDA,Checking,25520.78,Y
3823,Loan,N/A,Auto Loan,18016.99,Y
3824,Deposit,IBB,CD Long Term,5856.51,Y
3824,Deposit,NIDDA,Checking,17526.26,Y
3824,Deposit,IBB,Savings,25125.17,Y
3824,Credit,N/A,Credit Card,1510.26,Y
3824,Loan,N/A,Home Loan,683073.59,Y
3824,Loan,N/A,Auto Loan,90380.3,Y
3825,Deposit,IBB,Money Market,4688.01,Y
3825,Deposit,NIDDA,Checking,2677.96,Y
3825,Deposit,IBB,Savings,6120.74,Y
3825,Credit,N/A,Credit Card,3047.37,Y
3825,Loan,N/A,Home Loan,213366.98,Y
3826,Deposit,NIDDA,Checking,3490.04,Y
3826,Deposit,IBB,Savings,41347.52,Y
3826,Loan,N/A,Auto Loan,60739.89,Y
3827,Deposit,NIDDA,Checking,14065.59,Y
3827,Deposit,IBB,Savings,15457.31,Y
3827,Credit,N/A,Credit Card,2199.36,Y
3827,Loan,N/A,Auto Loan,66679.57,Y
3828,Deposit,IBB,CD Short Term,13507.4,Y
3828,Deposit,IBB,Money Market,20698.7,Y
3828,Deposit,NIDDA,Checking,21733.76,Y
3828,Deposit,IBB,Savings,3666.8,Y
3828,Credit,N/A,Credit Card,1259.3,Y
3828,Loan,N/A,Personal Loan,23441.49,Y
3829,Deposit,NIDDA,Checking,1547.36,Y
3829,Deposit,IBB,Savings,4803.6,Y
3829,Credit,N/A,Credit Card,27682.03,Y
3829,Loan,N/A,Auto Loan,40092.75,Y
3830,Deposit,NIDDA,Checking,2764.63,Y
3830,Deposit,IBB,Savings,6616.28,Y
3830,Credit,N/A,Credit Card,2275.88,Y
3830,Loan,N/A,Personal Loan,18239.19,Y
3831,Deposit,IBB,CD Short Term,21342.49,Y
3831,Deposit,NIDDA,Checking,4780.78,Y
3831,Credit,N/A,Credit Card,6044.1,Y
3831,Loan,N/A,Personal Loan,19251.78,Y
3832,Deposit,IBB,Money Market,2798.13,Y
3832,Deposit,NIDDA,Checking,2603.97,Y
3832,Deposit,IBB,Savings,12337.78,Y
3832,Credit,N/A,Credit Card,6095.64,Y
3832,Loan,N/A,Auto Loan,30466.85,Y
3833,Deposit,IBB,CD Long Term,22625.05,Y
3833,Deposit,IBB,CD Short Term,3212.76,Y
3833,Deposit,NIDDA,Checking,8096.97,Y
3833,Deposit,IBB,Savings,1978.08,Y
3833,Credit,N/A,Credit Card,993.16,Y
3833,Loan,N/A,Auto Loan,75597.39,Y
3834,Deposit,IBB,Money Market,42593.56,Y
3834,Deposit,NIDDA,Checking,8095.42,Y
3834,Deposit,IBB,Savings,16139.96,Y
3834,Credit,N/A,Credit Card,1855.22,Y
3834,Loan,N/A,Auto Loan,43354.77,Y
3835,Deposit,IBB,Money Market,5379.71,Y
3835,Deposit,NIDDA,Checking,4861.39,Y
3835,Loan,N/A,Home Loan,336272.62,Y
3836,Deposit,NIDDA,Checking,23233.01,Y
3836,Deposit,IBB,Savings,32417.58,Y
3836,Credit,N/A,Credit Card,3702.8,Y
3837,Deposit,IBB,CD Long Term,20034.56,Y
3837,Deposit,IBB,Money Market,5295.41,Y
3837,Deposit,NIDDA,Checking,7163.34,Y
3837,Deposit,IBB,Savings,5730.43,Y
3837,Credit,N/A,Credit Card,3324.1,Y
3838,Deposit,NIDDA,Checking,1800.55,Y
3838,Deposit,IBB,Savings,1905.12,Y
3838,Credit,N/A,Credit Card,16538.47,Y
3838,Loan,N/A,Personal Loan,21302.29,Y
3839,Deposit,IBB,Money Market,4687.48,Y
3839,Deposit,NIDDA,Checking,10375.06,Y
3839,Deposit,IBB,Savings,3889.57,Y
3839,Credit,N/A,Credit Card,1925.34,Y
3839,Loan,N/A,Home Loan,678362.61,Y
3840,Deposit,IBB,CD Long Term,27295.67,Y
3840,Deposit,NIDDA,Checking,2717.2,Y
3840,Deposit,IBB,Savings,15736.26,Y
3840,Loan,N/A,Personal Loan,42834.09,Y
3841,Deposit,IBB,CD Short Term,63628.13,Y
3841,Deposit,IBB,Money Market,8231.39,Y
3841,Deposit,NIDDA,Checking,528.95,Y
3841,Deposit,IBB,Savings,3611.6,Y
3841,Loan,N/A,Home Loan,228926.3,Y
3842,Deposit,IBB,CD Long Term,10314.13,Y
3842,Deposit,IBB,Money Market,8868.79,Y
3842,Deposit,NIDDA,Checking,7874.8,Y
3842,Deposit,IBB,Savings,2603.46,Y
3842,Loan,N/A,Auto Loan,29562.72,Y
3842,Loan,N/A,Personal Loan,26895.9,Y
3843,Deposit,NIDDA,Checking,3256.35,Y
3843,Deposit,IBB,Savings,3614.27,Y
3843,Credit,N/A,Credit Card,11543.96,Y
3844,Deposit,IBB,Money Market,6434.59,Y
3844,Deposit,NIDDA,Checking,9874.53,Y
3845,Deposit,IBB,CD Short Term,4678.65,Y
3845,Deposit,NIDDA,Checking,4734.67,Y
3845,Deposit,IBB,Savings,6994.72,Y
3845,Credit,N/A,Credit Card,5669.73,Y
3845,Loan,N/A,Home Loan,547773.46,Y
3845,Loan,N/A,Auto Loan,32625.86,Y
3846,Deposit,IBB,CD Short Term,3216.26,Y
3846,Deposit,NIDDA,Checking,12848.08,Y
3846,Deposit,IBB,Savings,3217.33,Y
3846,Credit,N/A,Credit Card,5254.48,Y
3846,Loan,N/A,Home Loan,413657.71,Y
3847,Deposit,IBB,CD Long Term,13455.62,Y
3847,Deposit,NIDDA,Checking,6552.36,Y
3847,Deposit,IBB,Savings,13319.97,Y
3847,Credit,N/A,Credit Card,2500.32,Y
3847,Loan,N/A,Home Loan,287865.72,Y
3848,Deposit,IBB,Money Market,12720.45,Y
3848,Deposit,NIDDA,Checking,11572.18,Y
3848,Deposit,IBB,Savings,4215.52,Y
3848,Loan,N/A,Home Loan,539770.54,Y
3849,Deposit,IBB,CD Short Term,15241.71,Y
3849,Deposit,NIDDA,Checking,12291.14,Y
3849,Deposit,IBB,Savings,2716.95,Y
3850,Deposit,IBB,CD Short Term,209816.49,Y
3850,Deposit,NIDDA,Checking,11609.69,Y
3850,Deposit,IBB,Savings,20400.6,Y
3850,Loan,N/A,Home Loan,283317.86,Y
3851,Deposit,IBB,Money Market,2792.64,Y
3851,Deposit,NIDDA,Checking,3391.65,Y
3851,Deposit,IBB,Savings,8076.87,Y
3851,Credit,N/A,Credit Card,838.63,Y
3851,Loan,N/A,Home Loan,539458.93,Y
3852,Deposit,IBB,Money Market,11070.84,Y
3852,Deposit,NIDDA,Checking,1245.61,Y
3852,Deposit,IBB,Savings,3086.4,Y
3852,Credit,N/A,Credit Card,3395.7,Y
3852,Loan,N/A,Home Loan,462470.78,Y
3852,Loan,N/A,Auto Loan,21804.02,Y
3853,Deposit,IBB,CD Short Term,72828.91,Y
3853,Deposit,NIDDA,Checking,1820.06,Y
3853,Credit,N/A,Credit Card,625.59,Y
3853,Loan,N/A,Home Loan,406526.99,Y
3853,Loan,N/A,Auto Loan,35880.86,Y
3854,Deposit,IBB,CD Long Term,16425.97,Y
3854,Deposit,NIDDA,Checking,2041.62,Y
3854,Deposit,IBB,Savings,59107.73,Y
3854,Loan,N/A,Home Loan,460629.19,Y
3855,Deposit,IBB,Money Market,22516.8,Y
3855,Deposit,NIDDA,Checking,7347.48,Y
3855,Credit,N/A,Credit Card,5768.04,Y
3855,Loan,N/A,Auto Loan,21008.03,Y
3856,Deposit,IBB,CD Long Term,16340.13,Y
3856,Deposit,NIDDA,Checking,6060.62,Y
3856,Deposit,IBB,CD Short Term,29158.98,Y
3856,Deposit,IBB,Money Market,3658.36,Y
3856,Deposit,IBB,Savings,2702.99,Y
3856,Loan,N/A,Home Loan,409631.31,Y
3857,Deposit,NIDDA,Checking,24953.13,Y
3857,Deposit,IBB,Savings,9909.16,Y
3857,Credit,N/A,Credit Card,2893.31,Y
3857,Loan,N/A,Auto Loan,51121.3,Y
3858,Deposit,IBB,Money Market,14722.89,Y
3858,Deposit,NIDDA,Checking,8361.86,Y
3858,Credit,N/A,Credit Card,3505.71,Y
3858,Loan,N/A,Personal Loan,30763.33,Y
3859,Deposit,NIDDA,Checking,5423.87,Y
3859,Credit,N/A,Credit Card,2707.34,Y
3859,Loan,N/A,Auto Loan,49641.7,Y
3860,Deposit,IBB,CD Long Term,81506.54,Y
3860,Deposit,NIDDA,Checking,10109.01,Y
3860,Deposit,IBB,Savings,3920.25,Y
3860,Credit,N/A,Credit Card,8309.95,Y
3861,Deposit,IBB,Money Market,9338.98,Y
3861,Deposit,NIDDA,Checking,2935.96,Y
3861,Deposit,IBB,Savings,34736.31,Y
3861,Credit,N/A,Credit Card,3672.34,Y
3862,Deposit,IBB,CD Long Term,107167.2,Y
3862,Deposit,IBB,Money Market,20788.89,Y
3862,Deposit,NIDDA,Checking,5655.11,Y
3862,Deposit,IBB,Savings,12458.09,Y
3862,Credit,N/A,Credit Card,3365.1,Y
3862,Loan,N/A,Home Loan,348774.66,Y
3863,Deposit,IBB,CD Long Term,7629.04,Y
3863,Deposit,NIDDA,Checking,2940.82,Y
3863,Deposit,IBB,Savings,17023.96,Y
3863,Loan,N/A,Auto Loan,36350.86,Y
3864,Deposit,NIDDA,Checking,8085.02,Y
3864,Deposit,IBB,Savings,3718.44,Y
3864,Loan,N/A,Home Loan,116734.96,Y
3865,Deposit,IBB,Money Market,2379.88,Y
3865,Deposit,NIDDA,Checking,14983.11,Y
3865,Credit,N/A,Credit Card,627.22,Y
3866,Deposit,IBB,CD Short Term,8500.32,Y
3866,Deposit,IBB,Money Market,8267.16,Y
3866,Deposit,NIDDA,Checking,3665.16,Y
3866,Credit,N/A,Credit Card,5119.72,Y
3866,Loan,N/A,Home Loan,706060.56,Y
3867,Deposit,NIDDA,Checking,3310.6,Y
3867,Deposit,IBB,Savings,5781.27,Y
3867,Credit,N/A,Credit Card,10657.84,Y
3868,Deposit,IBB,CD Short Term,31193.82,Y
3868,Deposit,NIDDA,Checking,4912.86,Y
3868,Deposit,IBB,Savings,3567.74,Y
3868,Credit,N/A,Credit Card,1544.11,Y
3868,Loan,N/A,Auto Loan,18124.96,Y
3869,Deposit,IBB,Money Market,8926.61,Y
3869,Deposit,NIDDA,Checking,2131.78,Y
3869,Deposit,IBB,Savings,4227.06,Y
3869,Loan,N/A,Home Loan,482008.23,Y
3870,Deposit,IBB,CD Short Term,11566.3,Y
3870,Deposit,NIDDA,Checking,2119.14,Y
3870,Deposit,IBB,Savings,2229.66,Y
3870,Credit,N/A,Credit Card,947.45,Y
3870,Loan,N/A,Personal Loan,24793.46,Y
3871,Deposit,IBB,CD Long Term,6157.99,Y
3871,Deposit,NIDDA,Checking,7492.79,Y
3871,Deposit,IBB,Savings,46196.17,Y
3871,Credit,N/A,Credit Card,2325.89,Y
3872,Deposit,IBB,CD Long Term,3532.37,Y
3872,Deposit,NIDDA,Checking,4648.13,Y
3872,Deposit,IBB,CD Short Term,12142.59,Y
3872,Deposit,IBB,Money Market,23930.49,Y
3872,Deposit,IBB,Savings,16663.97,Y
3872,Loan,N/A,Home Loan,674855.11,Y
3873,Deposit,IBB,CD Long Term,26769.1,Y
3873,Deposit,IBB,CD Short Term,24474.46,Y
3873,Deposit,NIDDA,Checking,9837.85,Y
3873,Credit,N/A,Credit Card,16845.42,Y
3873,Loan,N/A,Home Loan,1042312.83,Y
3874,Deposit,IBB,CD Long Term,14153.8,Y
3874,Deposit,NIDDA,Checking,11801.7,Y
3874,Deposit,IBB,Savings,16891.42,Y
3874,Loan,N/A,Home Loan,773555.93,Y
3874,Loan,N/A,Personal Loan,12586.2,Y
3875,Deposit,IBB,Money Market,26658.66,Y
3875,Deposit,NIDDA,Checking,21545.35,Y
3875,Deposit,IBB,Savings,7672.01,Y
3875,Loan,N/A,Home Loan,532882.24,Y
3876,Deposit,IBB,CD Long Term,2291.99,Y
3876,Deposit,NIDDA,Checking,6375.02,Y
3876,Deposit,IBB,CD Short Term,15283.57,Y
3876,Deposit,IBB,Money Market,20926.51,Y
3876,Deposit,IBB,Savings,38711.14,Y
3877,Deposit,IBB,CD Short Term,31534.73,Y
3877,Deposit,NIDDA,Checking,9196.01,Y
3877,Deposit,IBB,Savings,5783.54,Y
3877,Credit,N/A,Credit Card,858.13,Y
3877,Loan,N/A,Personal Loan,33198.06,Y
3878,Deposit,IBB,CD Long Term,13162.02,Y
3878,Deposit,NIDDA,Checking,8493.57,Y
3878,Deposit,IBB,Savings,20215.42,Y
3879,Deposit,IBB,CD Long Term,13097.04,Y
3879,Deposit,NIDDA,Checking,8087.51,Y
3879,Loan,N/A,Home Loan,331700.21,Y
3879,Loan,N/A,Auto Loan,58420.82,Y
3880,Deposit,IBB,CD Short Term,5952.56,Y
3880,Deposit,IBB,Money Market,4744.84,Y
3880,Deposit,NIDDA,Checking,1998.93,Y
3880,Deposit,IBB,Savings,25155.24,Y
3880,Credit,N/A,Credit Card,2176.29,Y
3880,Loan,N/A,Home Loan,443056.84,Y
3881,Deposit,IBB,CD Long Term,25541.47,Y
3881,Deposit,IBB,Money Market,8481.76,Y
3881,Deposit,NIDDA,Checking,4944.07,Y
3881,Deposit,IBB,Savings,4100.15,Y
3882,Deposit,IBB,CD Long Term,5800.95,Y
3882,Deposit,IBB,Money Market,6461.72,Y
3882,Deposit,NIDDA,Checking,4402.15,Y
3882,Loan,N/A,Home Loan,491688.38,Y
3883,Deposit,NIDDA,Checking,6620.34,Y
3883,Deposit,IBB,Savings,6681.58,Y
3883,Credit,N/A,Credit Card,28795.17,Y
3883,Loan,N/A,Auto Loan,66418.66,Y
3884,Deposit,IBB,CD Long Term,24165.82,Y
3884,Deposit,NIDDA,Checking,4735.42,Y
3884,Deposit,IBB,CD Short Term,27491.25,Y
3884,Deposit,IBB,Money Market,13349.45,Y
3884,Deposit,IBB,Savings,3467.1,Y
3884,Loan,N/A,Home Loan,260571.3,Y
3884,Loan,N/A,Auto Loan,38728.98,Y
3885,Deposit,IBB,Money Market,28149.78,Y
3885,Deposit,NIDDA,Checking,4824.68,Y
3885,Deposit,IBB,Savings,28383.21,Y
3885,Loan,N/A,Auto Loan,17527.18,Y
3886,Deposit,IBB,Money Market,6352.89,Y
3886,Deposit,NIDDA,Checking,14073.35,Y
3886,Deposit,IBB,Savings,24580.5,Y
3886,Loan,N/A,Auto Loan,15765.88,Y
3887,Deposit,NIDDA,Checking,8867.42,Y
3887,Credit,N/A,Credit Card,5645.38,Y
3887,Loan,N/A,Auto Loan,38666.63,Y
3887,Loan,N/A,Personal Loan,10125.64,Y
3888,Deposit,IBB,CD Short Term,41724.56,Y
3888,Deposit,IBB,Money Market,18975.59,Y
3888,Deposit,NIDDA,Checking,11038.11,Y
3888,Credit,N/A,Credit Card,1776.53,Y
3888,Loan,N/A,Home Loan,465688.83,Y
3889,Deposit,NIDDA,Checking,5560.05,Y
3890,Deposit,IBB,Money Market,35165.4,Y
3890,Deposit,NIDDA,Checking,28022.82,Y
3890,Deposit,IBB,Savings,32666.09,Y
3890,Credit,N/A,Credit Card,5601.36,Y
3890,Loan,N/A,Home Loan,593384.28,Y
3891,Deposit,IBB,Money Market,32067.95,Y
3891,Deposit,NIDDA,Checking,7210.78,Y
3891,Deposit,IBB,Savings,1908.79,Y
3891,Credit,N/A,Credit Card,3094.39,Y
3891,Loan,N/A,Home Loan,209794.02,Y
3891,Loan,N/A,Personal Loan,5062.37,Y
3892,Deposit,IBB,CD Long Term,12999.44,Y
3892,Deposit,IBB,CD Short Term,24095.22,Y
3892,Deposit,NIDDA,Checking,20366.31,Y
3892,Deposit,IBB,Savings,9445.24,Y
3892,Loan,N/A,Home Loan,390067.55,Y
3892,Loan,N/A,Auto Loan,37100.55,Y
3893,Deposit,NIDDA,Checking,3807.45,Y
3894,Deposit,IBB,CD Short Term,6493.14,Y
3894,Deposit,NIDDA,Checking,3087.63,Y
3894,Deposit,IBB,Savings,9056.87,Y
3894,Credit,N/A,Credit Card,1236.25,Y
3895,Deposit,IBB,Money Market,10289.44,Y
3895,Deposit,NIDDA,Checking,728.56,Y
3895,Deposit,IBB,Savings,12840.61,Y
3895,Loan,N/A,Home Loan,1170176.3,Y
3896,Deposit,IBB,CD Short Term,17122.64,Y
3896,Deposit,IBB,Money Market,7476.63,Y
3896,Deposit,NIDDA,Checking,27718.32,Y
3896,Deposit,IBB,Savings,7212.6,Y
3896,Credit,N/A,Credit Card,1357.79,Y
3896,Loan,N/A,Home Loan,271768.28,Y
3896,Loan,N/A,Auto Loan,41885.47,Y
3896,Loan,N/A,Personal Loan,21546.58,Y
3897,Deposit,IBB,CD Short Term,71161.97,Y
3897,Deposit,IBB,Money Market,6817.12,Y
3897,Deposit,NIDDA,Checking,20887.94,Y
3897,Deposit,IBB,Savings,7359.08,Y
3897,Credit,N/A,Credit Card,3825.38,Y
3898,Deposit,NIDDA,Checking,2933.59,Y
3898,Deposit,IBB,Savings,6159.35,Y
3898,Credit,N/A,Credit Card,2150.26,Y
3898,Loan,N/A,Home Loan,259064.57,Y
3898,Loan,N/A,Auto Loan,62119.47,Y
3899,Deposit,NIDDA,Checking,11521.63,Y
3899,Deposit,IBB,Savings,76084.28,Y
3899,Loan,N/A,Personal Loan,27292.56,Y
3900,Deposit,IBB,CD Short Term,2293.57,Y
3900,Deposit,IBB,Money Market,10964.6,Y
3900,Deposit,NIDDA,Checking,5145.11,Y
3900,Loan,N/A,Home Loan,401184.16,Y
3901,Deposit,IBB,CD Short Term,5429.97,Y
3901,Deposit,IBB,Money Market,8142.85,Y
3901,Deposit,NIDDA,Checking,4044.45,Y
3901,Deposit,IBB,Savings,126681.64,Y
3901,Credit,N/A,Credit Card,5731.26,Y
3902,Deposit,IBB,Money Market,23561.14,Y
3902,Deposit,NIDDA,Checking,731.2,Y
3902,Deposit,IBB,Savings,2109.01,Y
3902,Loan,N/A,Personal Loan,5806.4,Y
3903,Deposit,IBB,Money Market,20099.42,Y
3903,Deposit,NIDDA,Checking,7092.39,Y
3903,Deposit,IBB,Savings,7316.77,Y
3903,Loan,N/A,Home Loan,351606.43,Y
3903,Loan,N/A,Personal Loan,12635.3,Y
3904,Deposit,NIDDA,Checking,2544.53,Y
3904,Deposit,IBB,Savings,11338.92,Y
3904,Credit,N/A,Credit Card,9789.95,Y
3904,Loan,N/A,Home Loan,678270.7,Y
3904,Loan,N/A,Personal Loan,5755.66,Y
3905,Deposit,IBB,CD Short Term,17988.63,Y
3905,Deposit,NIDDA,Checking,2807.38,Y
3905,Deposit,IBB,Savings,5729.73,Y
3905,Credit,N/A,Credit Card,1444.03,Y
3906,Deposit,IBB,CD Short Term,75375.12,Y
3906,Deposit,IBB,Money Market,3400.85,Y
3906,Deposit,NIDDA,Checking,6915.84,Y
3906,Deposit,IBB,Savings,4338.02,Y
3906,Credit,N/A,Credit Card,637.4,Y
3906,Loan,N/A,Home Loan,286481.7,Y
3907,Deposit,IBB,CD Short Term,5366.6,Y
3907,Deposit,NIDDA,Checking,17237.22,Y
3907,Deposit,IBB,Savings,4591.18,Y
3907,Loan,N/A,Home Loan,691945.81,Y
3907,Loan,N/A,Personal Loan,34141.31,Y
3908,Deposit,IBB,CD Short Term,2801.85,Y
3908,Deposit,IBB,Money Market,8813.38,Y
3908,Deposit,NIDDA,Checking,6932.18,Y
3908,Credit,N/A,Credit Card,2323.94,Y
3909,Deposit,NIDDA,Checking,4210.52,Y
3909,Deposit,IBB,Savings,9222.84,Y
3909,Credit,N/A,Credit Card,977.72,Y
3909,Loan,N/A,Auto Loan,55976.48,Y
3910,Deposit,NIDDA,Checking,5914.36,Y
3910,Deposit,IBB,Savings,3349.31,Y
3910,Loan,N/A,Home Loan,411521.62,Y
3911,Deposit,IBB,CD Long Term,124171.7,Y
3911,Deposit,IBB,CD Short Term,11006.16,Y
3911,Deposit,NIDDA,Checking,5638.08,Y
3911,Deposit,IBB,Savings,9287.33,Y
3911,Credit,N/A,Credit Card,5906.6,Y
3911,Loan,N/A,Auto Loan,58868.75,Y
3912,Deposit,NIDDA,Checking,1157.28,Y
3912,Deposit,IBB,Savings,4303.59,Y
3912,Credit,N/A,Credit Card,2195.85,Y
3913,Deposit,IBB,CD Long Term,11257.89,Y
3913,Deposit,IBB,Money Market,9500.64,Y
3913,Deposit,NIDDA,Checking,11286.16,Y
3913,Credit,N/A,Credit Card,1958.29,Y
3913,Loan,N/A,Home Loan,533210.49,Y
3913,Loan,N/A,Personal Loan,35878.83,Y
3914,Deposit,IBB,CD Short Term,29784.47,Y
3914,Deposit,IBB,Money Market,10776.74,Y
3914,Deposit,NIDDA,Checking,32518.29,Y
3914,Deposit,IBB,Savings,25495.81,Y
3914,Credit,N/A,Credit Card,1660.95,Y
3914,Loan,N/A,Auto Loan,93494.28,Y
3915,Deposit,IBB,CD Long Term,48778.83,Y
3915,Deposit,IBB,CD Short Term,5097.47,Y
3915,Deposit,NIDDA,Checking,19436.04,Y
3915,Credit,N/A,Credit Card,9485.55,Y
3916,Deposit,IBB,CD Long Term,21593.65,Y
3916,Deposit,IBB,CD Short Term,78739.53,Y
3916,Deposit,NIDDA,Checking,30672.29,Y
3916,Deposit,IBB,Savings,551.31,Y
3916,Credit,N/A,Credit Card,2849.22,Y
3916,Loan,N/A,Home Loan,468247.77,Y
3917,Deposit,IBB,CD Short Term,14093.7,Y
3917,Deposit,NIDDA,Checking,7617.12,Y
3918,Deposit,IBB,CD Long Term,10104.66,Y
3918,Deposit,IBB,Money Market,10354.25,Y
3918,Deposit,NIDDA,Checking,774.83,Y
3918,Deposit,IBB,Savings,14240.76,Y
3918,Loan,N/A,Home Loan,296778.45,Y
3918,Loan,N/A,Auto Loan,29594.67,Y
3919,Deposit,IBB,CD Short Term,46047.41,Y
3919,Deposit,NIDDA,Checking,14418.07,Y
3919,Deposit,IBB,Savings,14366.54,Y
3919,Loan,N/A,Home Loan,1075596.29,Y
3920,Deposit,IBB,CD Short Term,4407.12,Y
3920,Deposit,IBB,Money Market,23957.33,Y
3920,Deposit,NIDDA,Checking,13038.2,Y
3920,Deposit,IBB,Savings,81269.13,Y
3920,Loan,N/A,Personal Loan,9629.72,Y
3921,Deposit,IBB,Money Market,8979.13,Y
3921,Deposit,NIDDA,Checking,12628.08,Y
3921,Deposit,IBB,Savings,16409.36,Y
3921,Credit,N/A,Credit Card,1230.62,Y
3921,Loan,N/A,Home Loan,243401.33,Y
3921,Loan,N/A,Personal Loan,15102.47,Y
3922,Deposit,IBB,CD Short Term,2957.06,Y
3922,Deposit,NIDDA,Checking,6524.05,Y
3922,Deposit,IBB,Savings,27405.94,Y
3922,Credit,N/A,Credit Card,7225.5,Y
3923,Deposit,IBB,Money Market,77846.75,Y
3923,Deposit,NIDDA,Checking,14354.64,Y
3923,Deposit,IBB,Savings,10678.08,Y
3924,Deposit,NIDDA,Checking,7097.59,Y
3924,Deposit,IBB,Savings,8737.65,Y
3924,Loan,N/A,Home Loan,616724.04,Y
3925,Deposit,IBB,Money Market,12918.95,Y
3925,Deposit,NIDDA,Checking,32333.81,Y
3925,Deposit,IBB,Savings,3648.04,Y
3926,Deposit,IBB,CD Long Term,297692.78,Y
3926,Deposit,NIDDA,Checking,7819.63,Y
3926,Deposit,IBB,CD Short Term,12171.67,Y
3926,Deposit,IBB,Money Market,3933.22,Y
3926,Deposit,IBB,Savings,9001.25,Y
3926,Loan,N/A,Home Loan,398384.35,Y
3927,Deposit,IBB,CD Long Term,2130.12,Y
3927,Deposit,IBB,Money Market,6788.07,Y
3927,Deposit,NIDDA,Checking,1761.66,Y
3927,Deposit,IBB,Savings,11351.29,Y
3927,Loan,N/A,Auto Loan,23467.51,Y
3928,Deposit,NIDDA,Checking,433.75,Y
3928,Deposit,IBB,Savings,14232.5,Y
3928,Loan,N/A,Personal Loan,19276.99,Y
3929,Deposit,IBB,CD Short Term,10937.44,Y
3929,Deposit,IBB,Money Market,32222.18,Y
3929,Deposit,NIDDA,Checking,6226.44,Y
3929,Deposit,IBB,Savings,22553.54,Y
3929,Loan,N/A,Personal Loan,14890.66,Y
3930,Deposit,NIDDA,Checking,13634.24,Y
3931,Deposit,IBB,CD Short Term,16585.17,Y
3931,Deposit,NIDDA,Checking,13594.12,Y
3931,Deposit,IBB,Savings,7068.43,Y
3932,Deposit,IBB,CD Short Term,24669.12,Y
3932,Deposit,IBB,Money Market,24265.9,Y
3932,Deposit,NIDDA,Checking,15627.22,Y
3932,Deposit,IBB,Savings,44546.09,Y
3932,Credit,N/A,Credit Card,559.32,Y
3932,Loan,N/A,Home Loan,371861.69,Y
3933,Deposit,IBB,Money Market,14259.6,Y
3933,Deposit,NIDDA,Checking,1728.88,Y
3933,Deposit,IBB,Savings,2723.61,Y
3933,Credit,N/A,Credit Card,3548.17,Y
3933,Loan,N/A,Auto Loan,38567.16,Y
3934,Deposit,IBB,CD Short Term,16730.94,Y
3934,Deposit,NIDDA,Checking,9570.44,Y
3934,Deposit,IBB,Savings,5414.13,Y
3935,Deposit,NIDDA,Checking,7733.38,Y
3935,Deposit,IBB,Savings,1217.39,Y
3935,Credit,N/A,Credit Card,5754.93,Y
3935,Loan,N/A,Home Loan,786006.61,Y
3935,Loan,N/A,Auto Loan,38185.52,Y
3935,Loan,N/A,Personal Loan,14092.45,Y
3936,Deposit,IBB,CD Short Term,21046.58,Y
3936,Deposit,IBB,Money Market,5235.84,Y
3936,Deposit,NIDDA,Checking,4489.43,Y
3936,Deposit,IBB,Savings,1940.32,Y
3936,Loan,N/A,Home Loan,304892.06,Y
3937,Deposit,NIDDA,Checking,10050.0,Y
3937,Deposit,IBB,Savings,14133.17,Y
3937,Credit,N/A,Credit Card,8037.23,Y
3937,Loan,N/A,Personal Loan,21046.9,Y
3938,Deposit,IBB,Money Market,13898.62,Y
3938,Deposit,NIDDA,Checking,1287.12,Y
3938,Deposit,IBB,Savings,4415.22,Y
3938,Loan,N/A,Home Loan,243589.41,Y
3939,Deposit,IBB,Money Market,5975.26,Y
3939,Deposit,NIDDA,Checking,5725.48,Y
3939,Deposit,IBB,Savings,7909.45,Y
3939,Loan,N/A,Home Loan,287011.38,Y
3940,Deposit,NIDDA,Checking,9326.82,Y
3940,Deposit,IBB,Savings,78625.02,Y
3940,Loan,N/A,Auto Loan,64886.03,Y
3941,Deposit,IBB,CD Short Term,20878.69,Y
3941,Deposit,NIDDA,Checking,5017.44,Y
3941,Deposit,IBB,Savings,10197.88,Y
3941,Loan,N/A,Auto Loan,19312.74,Y
3942,Deposit,IBB,CD Long Term,43117.02,Y
3942,Deposit,NIDDA,Checking,1588.75,Y
3942,Deposit,IBB,Savings,4373.99,Y
3942,Loan,N/A,Auto Loan,33964.61,Y
3942,Loan,N/A,Personal Loan,7190.66,Y
3943,Deposit,NIDDA,Checking,1277.74,Y
3943,Deposit,IBB,Savings,2199.62,Y
3943,Credit,N/A,Credit Card,1786.25,Y
3943,Loan,N/A,Auto Loan,61567.72,Y
3944,Deposit,IBB,Money Market,28541.95,Y
3944,Deposit,NIDDA,Checking,6635.83,Y
3944,Loan,N/A,Home Loan,466220.36,Y
3945,Deposit,IBB,CD Long Term,17595.43,Y
3945,Deposit,IBB,CD Short Term,19579.75,Y
3945,Deposit,NIDDA,Checking,4625.66,Y
3945,Deposit,IBB,Savings,16434.82,Y
3945,Credit,N/A,Credit Card,963.28,Y
3945,Loan,N/A,Personal Loan,19788.23,Y
3946,Deposit,NIDDA,Checking,3540.78,Y
3946,Credit,N/A,Credit Card,655.17,Y
3947,Deposit,IBB,CD Short Term,55969.17,Y
3947,Deposit,NIDDA,Checking,2243.81,Y
3947,Deposit,IBB,Savings,7370.74,Y
3948,Deposit,IBB,CD Short Term,34288.72,Y
3948,Deposit,NIDDA,Checking,1541.13,Y
3948,Deposit,IBB,Savings,3675.39,Y
3948,Loan,N/A,Personal Loan,20168.9,Y
3949,Deposit,IBB,Money Market,7341.8,Y
3949,Deposit,NIDDA,Checking,3319.67,Y
3949,Deposit,IBB,Savings,8402.5,Y
3950,Deposit,IBB,CD Long Term,55569.77,Y
3950,Deposit,NIDDA,Checking,2884.18,Y
3950,Deposit,IBB,Savings,10949.42,Y
3950,Credit,N/A,Credit Card,2699.67,Y
3950,Loan,N/A,Home Loan,682966.18,Y
3951,Deposit,IBB,Money Market,31278.56,Y
3951,Deposit,NIDDA,Checking,13808.98,Y
3951,Credit,N/A,Credit Card,3502.59,Y
3952,Deposit,IBB,Money Market,3497.75,Y
3952,Deposit,NIDDA,Checking,31624.87,Y
3952,Deposit,IBB,Savings,9656.2,Y
3952,Credit,N/A,Credit Card,3015.93,Y
3952,Loan,N/A,Auto Loan,43573.27,Y
3953,Deposit,IBB,CD Long Term,27374.1,Y
3953,Deposit,IBB,Money Market,5519.07,Y
3953,Deposit,NIDDA,Checking,7657.82,Y
3953,Deposit,IBB,Savings,6144.63,Y
3953,Credit,N/A,Credit Card,2903.38,Y
3954,Deposit,IBB,CD Long Term,21002.44,Y
3954,Deposit,NIDDA,Checking,813.26,Y
3954,Deposit,IBB,Savings,3538.11,Y
3954,Credit,N/A,Credit Card,8871.22,Y
3954,Loan,N/A,Auto Loan,12863.96,Y
3955,Deposit,IBB,CD Short Term,30155.18,Y
3955,Deposit,IBB,Money Market,35914.8,Y
3955,Deposit,NIDDA,Checking,8620.47,Y
3955,Deposit,IBB,Savings,19145.95,Y
3956,Deposit,IBB,CD Long Term,29599.23,Y
3956,Deposit,IBB,CD Short Term,6661.74,Y
3956,Deposit,NIDDA,Checking,2253.4,Y
3956,Deposit,IBB,Savings,10042.39,Y
3956,Credit,N/A,Credit Card,4397.66,Y
3956,Loan,N/A,Home Loan,554793.5,Y
3957,Deposit,IBB,CD Long Term,7044.57,Y
3957,Deposit,NIDDA,Checking,397.59,Y
3957,Deposit,IBB,CD Short Term,2737.4,Y
3957,Deposit,IBB,Money Market,7007.74,Y
3957,Deposit,IBB,Savings,3498.05,Y
3957,Credit,N/A,Credit Card,2043.37,Y
3957,Loan,N/A,Home Loan,415272.73,Y
3958,Deposit,IBB,Money Market,9684.19,Y
3958,Deposit,NIDDA,Checking,2329.81,Y
3958,Deposit,IBB,Savings,546.06,Y
3958,Credit,N/A,Credit Card,1312.11,Y
3959,Deposit,IBB,CD Short Term,16697.15,Y
3959,Deposit,IBB,Money Market,9604.34,Y
3959,Deposit,NIDDA,Checking,2321.22,Y
3959,Loan,N/A,Personal Loan,26586.55,Y
3960,Deposit,NIDDA,Checking,21593.68,Y
3961,Deposit,IBB,CD Long Term,19276.0,Y
3961,Deposit,IBB,Money Market,10049.28,Y
3961,Deposit,NIDDA,Checking,3625.16,Y
3961,Deposit,IBB,Savings,9940.62,Y
3961,Credit,N/A,Credit Card,13104.41,Y
3962,Deposit,IBB,CD Long Term,14468.86,Y
3962,Deposit,NIDDA,Checking,11581.97,Y
3962,Deposit,IBB,CD Short Term,185952.14,Y
3962,Deposit,IBB,Money Market,32883.01,Y
3962,Deposit,IBB,Savings,6979.07,Y
3962,Credit,N/A,Credit Card,25679.18,Y
3962,Loan,N/A,Home Loan,205681.75,Y
3963,Deposit,IBB,CD Long Term,32643.86,Y
3963,Deposit,NIDDA,Checking,16975.19,Y
3963,Deposit,IBB,Savings,6769.89,Y
3963,Credit,N/A,Credit Card,851.5,Y
3963,Loan,N/A,Home Loan,303313.01,Y
3963,Loan,N/A,Auto Loan,27497.46,Y
3964,Deposit,IBB,CD Short Term,38065.24,Y
3964,Deposit,IBB,Money Market,9508.21,Y
3964,Deposit,NIDDA,Checking,916.23,Y
3964,Deposit,IBB,Savings,19406.21,Y
3964,Credit,N/A,Credit Card,1146.39,Y
3964,Loan,N/A,Auto Loan,26214.75,Y
3965,Deposit,IBB,CD Short Term,28689.86,Y
3965,Deposit,IBB,Money Market,17784.32,Y
3965,Deposit,NIDDA,Checking,11706.54,Y
3965,Deposit,IBB,Savings,3449.58,Y
3965,Credit,N/A,Credit Card,717.41,Y
3965,Loan,N/A,Home Loan,376256.11,Y
3965,Loan,N/A,Auto Loan,39795.77,Y
3966,Deposit,IBB,CD Short Term,3635.16,Y
3966,Deposit,IBB,Money Market,6509.9,Y
3966,Deposit,NIDDA,Checking,717.77,Y
3966,Deposit,IBB,Savings,14897.81,Y
3966,Loan,N/A,Home Loan,285589.76,Y
3966,Loan,N/A,Auto Loan,54518.44,Y
3967,Deposit,IBB,Money Market,5302.34,Y
3967,Deposit,NIDDA,Checking,4992.9,Y
3967,Deposit,IBB,Savings,1887.28,Y
3967,Credit,N/A,Credit Card,1119.25,Y
3967,Loan,N/A,Personal Loan,16829.41,Y
3968,Deposit,IBB,CD Short Term,14519.03,Y
3968,Deposit,NIDDA,Checking,8065.26,Y
3968,Deposit,IBB,Savings,9938.11,Y
3968,Credit,N/A,Credit Card,1053.48,Y
3968,Loan,N/A,Home Loan,202564.74,Y
3968,Loan,N/A,Auto Loan,49347.4,Y
3968,Loan,N/A,Personal Loan,22434.58,Y
3969,Deposit,IBB,CD Long Term,17740.03,Y
3969,Deposit,IBB,CD Short Term,10501.46,Y
3969,Deposit,NIDDA,Checking,17914.24,Y
3969,Deposit,IBB,Savings,13936.46,Y
3969,Credit,N/A,Credit Card,1618.78,Y
3970,Deposit,IBB,CD Short Term,38651.91,Y
3970,Deposit,NIDDA,Checking,4455.89,Y
3970,Deposit,IBB,Savings,6367.31,Y
3970,Credit,N/A,Credit Card,2263.82,Y
3971,Deposit,IBB,CD Long Term,77353.08,Y
3971,Deposit,IBB,CD Short Term,17932.05,Y
3971,Deposit,NIDDA,Checking,9865.27,Y
3971,Deposit,IBB,Savings,1286.01,Y
3971,Loan,N/A,Home Loan,293160.6,Y
3971,Loan,N/A,Personal Loan,23897.88,Y
3972,Deposit,IBB,Money Market,8739.44,Y
3972,Deposit,NIDDA,Checking,7854.61,Y
3972,Deposit,IBB,Savings,6151.31,Y
3972,Credit,N/A,Credit Card,13989.14,Y
3972,Loan,N/A,Home Loan,724141.72,Y
3973,Deposit,IBB,Money Market,7004.58,Y
3973,Deposit,NIDDA,Checking,3500.65,Y
3973,Loan,N/A,Auto Loan,51304.25,Y
3974,Deposit,IBB,CD Short Term,10828.91,Y
3974,Deposit,NIDDA,Checking,2566.46,Y
3974,Deposit,IBB,Savings,45917.73,Y
3974,Credit,N/A,Credit Card,1445.77,Y
3974,Loan,N/A,Home Loan,368894.08,Y
3975,Deposit,IBB,CD Short Term,33796.21,Y
3975,Deposit,NIDDA,Checking,9447.83,Y
3975,Deposit,IBB,Savings,3063.05,Y
3975,Loan,N/A,Home Loan,446512.1,Y
3976,Deposit,IBB,CD Short Term,24712.12,Y
3976,Deposit,NIDDA,Checking,6949.14,Y
3976,Deposit,IBB,Savings,13810.94,Y
3976,Credit,N/A,Credit Card,4330.84,Y
3977,Deposit,NIDDA,Checking,4011.14,Y
3977,Deposit,IBB,Savings,8201.39,Y
3978,Deposit,IBB,CD Short Term,92509.73,Y
3978,Deposit,NIDDA,Checking,18500.85,Y
3978,Loan,N/A,Home Loan,112525.21,Y
3978,Loan,N/A,Auto Loan,77988.79,Y
3979,Deposit,IBB,Money Market,4865.57,Y
3979,Deposit,NIDDA,Checking,23470.22,Y
3979,Deposit,IBB,Savings,7329.44,Y
3979,Loan,N/A,Auto Loan,92210.15,Y
3979,Loan,N/A,Personal Loan,23592.76,Y
3980,Deposit,IBB,CD Short Term,7121.0,Y
3980,Deposit,IBB,Money Market,11967.35,Y
3980,Deposit,NIDDA,Checking,2437.32,Y
3980,Deposit,IBB,Savings,3152.15,Y
3980,Loan,N/A,Home Loan,652288.39,Y
3981,Deposit,IBB,CD Long Term,13881.65,Y
3981,Deposit,NIDDA,Checking,14687.57,Y
3981,Deposit,IBB,Savings,33653.8,Y
3981,Credit,N/A,Credit Card,2820.23,Y
3982,Deposit,IBB,CD Long Term,34303.88,Y
3982,Deposit,NIDDA,Checking,9391.59,Y
3982,Deposit,IBB,CD Short Term,26925.37,Y
3982,Deposit,IBB,Money Market,15429.07,Y
3982,Deposit,IBB,Savings,28596.69,Y
3983,Deposit,IBB,Money Market,15345.32,Y
3983,Deposit,NIDDA,Checking,4113.53,Y
3983,Deposit,IBB,Savings,2192.78,Y
3983,Loan,N/A,Auto Loan,31346.71,Y
3984,Deposit,IBB,CD Short Term,7517.14,Y
3984,Deposit,NIDDA,Checking,10167.97,Y
3984,Credit,N/A,Credit Card,3131.28,Y
3985,Deposit,NIDDA,Checking,1692.63,Y
3985,Deposit,IBB,Savings,9042.29,Y
3985,Credit,N/A,Credit Card,393.29,Y
3986,Deposit,IBB,CD Long Term,59153.01,Y
3986,Deposit,NIDDA,Checking,7002.47,Y
3986,Credit,N/A,Credit Card,833.81,Y
3986,Loan,N/A,Home Loan,199113.51,Y
3987,Deposit,NIDDA,Checking,1589.05,Y
3987,Credit,N/A,Credit Card,1930.69,Y
3987,Loan,N/A,Home Loan,523000.99,Y
3988,Deposit,IBB,Money Market,23711.13,Y
3988,Deposit,NIDDA,Checking,14298.44,Y
3988,Deposit,IBB,Savings,43395.37,Y
3989,Deposit,IBB,Money Market,80828.2,Y
3989,Deposit,NIDDA,Checking,5617.26,Y
3990,Deposit,IBB,Money Market,4208.43,Y
3990,Deposit,NIDDA,Checking,3679.06,Y
3990,Deposit,IBB,Savings,4217.08,Y
3990,Loan,N/A,Home Loan,965454.1,Y
3991,Deposit,IBB,CD Long Term,16785.13,Y
3991,Deposit,IBB,Money Market,15434.02,Y
3991,Deposit,NIDDA,Checking,6048.7,Y
3992,Deposit,IBB,Money Market,16718.78,Y
3992,Deposit,NIDDA,Checking,6437.74,Y
3992,Deposit,IBB,Savings,23479.57,Y
3993,Deposit,IBB,CD Short Term,12190.67,Y
3993,Deposit,NIDDA,Checking,6567.39,Y
3993,Deposit,IBB,Savings,3151.78,Y
3994,Deposit,IBB,CD Long Term,3110.32,Y
3994,Deposit,IBB,Money Market,19600.7,Y
3994,Deposit,NIDDA,Checking,7150.13,Y
3994,Credit,N/A,Credit Card,1685.95,Y
3994,Loan,N/A,Home Loan,443836.07,Y
3995,Deposit,IBB,CD Short Term,19500.37,Y
3995,Deposit,NIDDA,Checking,13400.87,Y
3995,Deposit,IBB,Savings,8937.54,Y
3996,Deposit,NIDDA,Checking,1316.63,Y
3997,Deposit,NIDDA,Checking,3982.9,Y
3997,Deposit,IBB,Savings,28025.23,Y
3997,Credit,N/A,Credit Card,3695.72,Y
3997,Loan,N/A,Auto Loan,45704.33,Y
3998,Deposit,IBB,CD Long Term,80091.71,Y
3998,Deposit,NIDDA,Checking,17730.2,Y
3998,Deposit,IBB,CD Short Term,2164.63,Y
3998,Deposit,IBB,Money Market,8559.23,Y
3998,Deposit,IBB,Savings,9043.28,Y
3998,Credit,N/A,Credit Card,5091.99,Y
3998,Loan,N/A,Home Loan,340594.56,Y
3999,Deposit,IBB,CD Long Term,99040.98,Y
3999,Deposit,NIDDA,Checking,4942.21,Y
3999,Deposit,IBB,Savings,9078.35,Y
3999,Credit,N/A,Credit Card,1041.35,Y
3999,Loan,N/A,Home Loan,418072.0,Y
4000,Deposit,NIDDA,Checking,3554.71,Y
4000,Deposit,IBB,Savings,2119.05,Y
4000,Loan,N/A,Home Loan,279019.41,Y
4001,Deposit,NIDDA,Checking,6415.01,Y
4001,Deposit,IBB,Savings,9196.83,Y
4001,Credit,N/A,Credit Card,213.91,Y
4001,Loan,N/A,Home Loan,538317.66,Y
4002,Deposit,NIDDA,Checking,15015.14,Y
4002,Deposit,IBB,Savings,12294.55,Y
4002,Credit,N/A,Credit Card,5907.23,Y
4002,Loan,N/A,Home Loan,582093.81,Y
4003,Deposit,IBB,CD Short Term,1579.96,Y
4003,Deposit,IBB,Money Market,7222.83,Y
4003,Deposit,NIDDA,Checking,3539.47,Y
4003,Deposit,IBB,Savings,10944.97,Y
4003,Loan,N/A,Home Loan,510274.75,Y
4003,Loan,N/A,Auto Loan,56451.17,Y
4004,Deposit,IBB,CD Long Term,9026.09,Y
4004,Deposit,IBB,Money Market,29605.65,Y
4004,Deposit,NIDDA,Checking,7784.02,Y
4004,Loan,N/A,Home Loan,626254.02,Y
4004,Loan,N/A,Personal Loan,18339.24,Y
4005,Deposit,IBB,CD Short Term,38903.82,Y
4005,Deposit,IBB,Money Market,8635.28,Y
4005,Deposit,NIDDA,Checking,3797.21,Y
4005,Deposit,IBB,Savings,26941.34,Y
4006,Deposit,IBB,CD Long Term,117553.09,Y
4006,Deposit,IBB,Money Market,21039.91,Y
4006,Deposit,NIDDA,Checking,6785.08,Y
4006,Credit,N/A,Credit Card,1957.01,Y
4006,Loan,N/A,Home Loan,419810.01,Y
4007,Deposit,IBB,CD Short Term,46880.68,Y
4007,Deposit,NIDDA,Checking,4870.02,Y
4007,Deposit,IBB,Savings,3066.69,Y
4007,Credit,N/A,Credit Card,524.37,Y
4007,Loan,N/A,Home Loan,700397.34,Y
4008,Deposit,IBB,Money Market,15053.26,Y
4008,Deposit,NIDDA,Checking,4096.37,Y
4008,Loan,N/A,Home Loan,242886.15,Y
4009,Deposit,NIDDA,Checking,1472.6,Y
4009,Deposit,IBB,Savings,1754.91,Y
4009,Loan,N/A,Auto Loan,11960.65,Y
4010,Deposit,IBB,CD Long Term,188365.97,Y
4010,Deposit,IBB,CD Short Term,27174.72,Y
4010,Deposit,NIDDA,Checking,11810.3,Y
4010,Deposit,IBB,Savings,11687.79,Y
4010,Credit,N/A,Credit Card,3451.31,Y
4010,Loan,N/A,Home Loan,473530.36,Y
4011,Deposit,IBB,CD Long Term,15824.98,Y
4011,Deposit,IBB,CD Short Term,4635.73,Y
4011,Deposit,NIDDA,Checking,2626.5,Y
4011,Loan,N/A,Home Loan,759325.81,Y
4012,Deposit,IBB,Money Market,12064.7,Y
4012,Deposit,NIDDA,Checking,3465.31,Y
4012,Deposit,IBB,Savings,6138.97,Y
4013,Deposit,NIDDA,Checking,2208.14,Y
4013,Loan,N/A,Auto Loan,23475.64,Y
4014,Deposit,IBB,Money Market,42822.09,Y
4014,Deposit,NIDDA,Checking,1747.27,Y
4014,Loan,N/A,Personal Loan,50409.79,Y
4015,Deposit,NIDDA,Checking,2325.31,Y
4016,Deposit,IBB,CD Long Term,5453.22,Y
4016,Deposit,IBB,CD Short Term,8380.83,Y
4016,Deposit,NIDDA,Checking,3721.45,Y
4016,Credit,N/A,Credit Card,2494.07,Y
4016,Loan,N/A,Auto Loan,34215.1,Y
4017,Deposit,IBB,CD Long Term,19853.88,Y
4017,Deposit,IBB,Money Market,7715.65,Y
4017,Deposit,NIDDA,Checking,2092.77,Y
4017,Credit,N/A,Credit Card,899.57,Y
4017,Loan,N/A,Auto Loan,29480.3,Y
4018,Deposit,NIDDA,Checking,3371.8,Y
4018,Deposit,IBB,Savings,11188.75,Y
4019,Deposit,IBB,CD Short Term,8345.69,Y
4019,Deposit,NIDDA,Checking,3238.01,Y
4019,Deposit,IBB,Savings,21503.37,Y
4019,Credit,N/A,Credit Card,7358.32,Y
4020,Deposit,IBB,CD Long Term,46280.36,Y
4020,Deposit,IBB,Money Market,20951.96,Y
4020,Deposit,NIDDA,Checking,4365.35,Y
4020,Deposit,IBB,Savings,6493.6,Y
4021,Deposit,NIDDA,Checking,8024.87,Y
4022,Deposit,IBB,CD Short Term,26258.05,Y
4022,Deposit,IBB,Money Market,5739.4,Y
4022,Deposit,NIDDA,Checking,2324.22,Y
4022,Deposit,IBB,Savings,2613.17,Y
4022,Credit,N/A,Credit Card,1522.7,Y
4022,Loan,N/A,Personal Loan,4772.13,Y
4023,Deposit,IBB,Money Market,9121.53,Y
4023,Deposit,NIDDA,Checking,17147.84,Y
4023,Loan,N/A,Personal Loan,12766.07,Y
4024,Deposit,IBB,CD Short Term,5883.08,Y
4024,Deposit,IBB,Money Market,2136.77,Y
4024,Deposit,NIDDA,Checking,1132.39,Y
4024,Deposit,IBB,Savings,5877.4,Y
4024,Credit,N/A,Credit Card,2296.59,Y
4025,Deposit,IBB,CD Short Term,6043.5,Y
4025,Deposit,NIDDA,Checking,2698.61,Y
4025,Deposit,IBB,Savings,4128.42,Y
4025,Credit,N/A,Credit Card,4328.49,Y
4025,Loan,N/A,Home Loan,345550.57,Y
4026,Deposit,IBB,CD Long Term,9419.65,Y
4026,Deposit,IBB,Money Market,18936.56,Y
4026,Deposit,NIDDA,Checking,8217.63,Y
4026,Deposit,IBB,Savings,54710.33,Y
4026,Credit,N/A,Credit Card,4621.7,Y
4026,Loan,N/A,Home Loan,769964.24,Y
4027,Deposit,IBB,CD Short Term,21930.18,Y
4027,Deposit,IBB,Money Market,17781.21,Y
4027,Deposit,NIDDA,Checking,8103.73,Y
4027,Deposit,IBB,Savings,10512.57,Y
4027,Credit,N/A,Credit Card,1646.69,Y
4027,Loan,N/A,Home Loan,235425.56,Y
4028,Deposit,IBB,CD Long Term,5700.9,Y
4028,Deposit,NIDDA,Checking,4076.67,Y
4028,Deposit,IBB,Savings,10164.09,Y
4028,Credit,N/A,Credit Card,1026.6,Y
4029,Deposit,IBB,CD Long Term,112360.57,Y
4029,Deposit,IBB,CD Short Term,10837.41,Y
4029,Deposit,NIDDA,Checking,7426.16,Y
4029,Credit,N/A,Credit Card,2184.39,Y
4029,Loan,N/A,Home Loan,447579.94,Y
4030,Deposit,IBB,Money Market,19719.24,Y
4030,Deposit,NIDDA,Checking,4733.64,Y
4030,Credit,N/A,Credit Card,2085.56,Y
4030,Loan,N/A,Home Loan,308102.08,Y
4031,Deposit,IBB,CD Long Term,21449.75,Y
4031,Deposit,IBB,Money Market,5026.1,Y
4031,Deposit,NIDDA,Checking,25792.9,Y
4031,Deposit,IBB,Savings,14168.41,Y
4031,Loan,N/A,Personal Loan,20494.52,Y
4032,Deposit,IBB,CD Long Term,179256.76,Y
4032,Deposit,IBB,CD Short Term,4596.75,Y
4032,Deposit,NIDDA,Checking,5104.28,Y
4032,Deposit,IBB,Savings,6533.92,Y
4032,Credit,N/A,Credit Card,4196.58,Y
4032,Loan,N/A,Auto Loan,23882.27,Y
4033,Deposit,IBB,Money Market,13884.69,Y
4033,Deposit,NIDDA,Checking,10827.6,Y
4033,Deposit,IBB,Savings,7252.28,Y
4033,Credit,N/A,Credit Card,15077.41,Y
4034,Deposit,IBB,CD Long Term,11217.52,Y
4034,Deposit,IBB,Money Market,13797.46,Y
4034,Deposit,NIDDA,Checking,5892.44,Y
4035,Deposit,IBB,CD Long Term,24616.83,Y
4035,Deposit,NIDDA,Checking,16347.31,Y
4035,Deposit,IBB,Savings,7913.64,Y
4035,Credit,N/A,Credit Card,1237.57,Y
4036,Deposit,IBB,CD Long Term,15278.79,Y
4036,Deposit,IBB,CD Short Term,8355.9,Y
4036,Deposit,NIDDA,Checking,9637.63,Y
4036,Credit,N/A,Credit Card,5378.3,Y
4036,Loan,N/A,Home Loan,544239.84,Y
4037,Deposit,IBB,Money Market,5611.83,Y
4037,Deposit,NIDDA,Checking,6792.61,Y
4037,Deposit,IBB,Savings,8284.03,Y
4037,Loan,N/A,Auto Loan,31951.07,Y
4038,Deposit,NIDDA,Checking,30009.01,Y
4038,Deposit,IBB,Savings,1377.97,Y
4038,Credit,N/A,Credit Card,763.64,Y
4038,Loan,N/A,Home Loan,336176.62,Y
4038,Loan,N/A,Auto Loan,27748.64,Y
4039,Deposit,IBB,CD Long Term,23498.84,Y
4039,Deposit,IBB,CD Short Term,42931.84,Y
4039,Deposit,NIDDA,Checking,75869.04,Y
4039,Deposit,IBB,Savings,47209.51,Y
4039,Credit,N/A,Credit Card,396.76,Y
4040,Deposit,IBB,CD Short Term,4242.52,Y
4040,Deposit,IBB,Money Market,5774.76,Y
4040,Deposit,NIDDA,Checking,3055.88,Y
4040,Deposit,IBB,Savings,7033.46,Y
4040,Credit,N/A,Credit Card,1286.46,Y
4040,Loan,N/A,Home Loan,610090.92,Y
4041,Deposit,IBB,CD Short Term,14450.25,Y
4041,Deposit,IBB,Money Market,21139.72,Y
4041,Deposit,NIDDA,Checking,3822.71,Y
4041,Credit,N/A,Credit Card,2671.48,Y
4041,Loan,N/A,Home Loan,492288.1,Y
4041,Loan,N/A,Auto Loan,20699.71,Y
4042,Deposit,IBB,CD Short Term,35652.9,Y
4042,Deposit,IBB,Money Market,60379.66,Y
4042,Deposit,NIDDA,Checking,1500.37,Y
4042,Deposit,IBB,Savings,149238.06,Y
4042,Credit,N/A,Credit Card,1575.25,Y
4043,Deposit,NIDDA,Checking,3637.36,Y
4043,Deposit,IBB,Savings,80597.51,Y
4044,Deposit,IBB,CD Long Term,13270.4,Y
4044,Deposit,NIDDA,Checking,1817.4,Y
4044,Deposit,IBB,CD Short Term,2964.96,Y
4044,Deposit,IBB,Money Market,35332.95,Y
4044,Deposit,IBB,Savings,33091.21,Y
4044,Loan,N/A,Home Loan,802564.78,Y
4044,Loan,N/A,Auto Loan,72608.35,Y
4044,Loan,N/A,Personal Loan,39289.78,Y
4045,Deposit,NIDDA,Checking,2908.48,Y
4045,Deposit,IBB,Savings,2937.82,Y
4045,Credit,N/A,Credit Card,1771.66,Y
4046,Deposit,IBB,CD Long Term,9031.18,Y
4046,Deposit,IBB,Money Market,3413.74,Y
4046,Deposit,NIDDA,Checking,8495.78,Y
4046,Deposit,IBB,Savings,21468.36,Y
4046,Loan,N/A,Auto Loan,57855.94,Y
4047,Deposit,IBB,Money Market,18069.35,Y
4047,Deposit,NIDDA,Checking,4132.77,Y
4047,Deposit,IBB,Savings,9147.62,Y
4047,Loan,N/A,Home Loan,399078.91,Y
4048,Deposit,IBB,Money Market,4710.1,Y
4048,Deposit,NIDDA,Checking,26778.31,Y
4048,Deposit,IBB,Savings,21833.52,Y
4048,Loan,N/A,Auto Loan,66067.07,Y
4049,Deposit,IBB,CD Long Term,2613.4,Y
4049,Deposit,IBB,CD Short Term,2647.57,Y
4049,Deposit,NIDDA,Checking,3522.26,Y
4049,Credit,N/A,Credit Card,5892.6,Y
4050,Deposit,IBB,CD Short Term,13580.73,Y
4050,Deposit,NIDDA,Checking,2010.21,Y
4050,Deposit,IBB,Savings,4517.52,Y
4050,Credit,N/A,Credit Card,2992.36,Y
4050,Loan,N/A,Auto Loan,89959.07,Y
4050,Loan,N/A,Personal Loan,25590.03,Y
4051,Deposit,IBB,Money Market,19124.53,Y
4051,Deposit,NIDDA,Checking,14379.26,Y
4051,Credit,N/A,Credit Card,1918.64,Y
4051,Loan,N/A,Home Loan,789299.64,Y
4052,Deposit,NIDDA,Checking,2514.33,Y
4052,Deposit,IBB,Savings,3989.5,Y
4052,Loan,N/A,Personal Loan,21994.97,Y
4053,Deposit,NIDDA,Checking,9622.0,Y
4053,Credit,N/A,Credit Card,5048.09,Y
4054,Deposit,IBB,CD Short Term,27565.99,Y
4054,Deposit,NIDDA,Checking,7435.0,Y
4054,Deposit,IBB,Savings,110050.95,Y
4054,Credit,N/A,Credit Card,772.46,Y
4055,Deposit,IBB,CD Long Term,5448.84,Y
4055,Deposit,NIDDA,Checking,2209.41,Y
4055,Deposit,IBB,CD Short Term,17458.96,Y
4055,Deposit,IBB,Money Market,2157.75,Y
4055,Deposit,IBB,Savings,2137.16,Y
4055,Credit,N/A,Credit Card,1478.22,Y
4056,Deposit,NIDDA,Checking,5679.87,Y
4056,Deposit,IBB,Savings,3956.66,Y
4057,Deposit,IBB,CD Long Term,22867.43,Y
4057,Deposit,IBB,CD Short Term,40557.83,Y
4057,Deposit,NIDDA,Checking,2986.86,Y
4057,Loan,N/A,Home Loan,326700.85,Y
4058,Deposit,IBB,CD Long Term,36101.22,Y
4058,Deposit,IBB,CD Short Term,75821.52,Y
4058,Deposit,NIDDA,Checking,8285.2,Y
4058,Credit,N/A,Credit Card,1727.15,Y
4059,Deposit,IBB,CD Short Term,46402.76,Y
4059,Deposit,NIDDA,Checking,2063.04,Y
4059,Deposit,IBB,Savings,3437.05,Y
4059,Credit,N/A,Credit Card,1545.34,Y
4060,Deposit,IBB,CD Short Term,10535.73,Y
4060,Deposit,NIDDA,Checking,7215.65,Y
4060,Deposit,IBB,Savings,8104.98,Y
4060,Loan,N/A,Home Loan,1317717.86,Y
4060,Loan,N/A,Auto Loan,39059.06,Y
4061,Deposit,NIDDA,Checking,2836.39,Y
4061,Deposit,IBB,Savings,4139.63,Y
4061,Credit,N/A,Credit Card,1486.12,Y
4061,Loan,N/A,Home Loan,519209.97,Y
4062,Deposit,IBB,Money Market,49642.89,Y
4062,Deposit,NIDDA,Checking,4015.38,Y
4062,Credit,N/A,Credit Card,1026.58,Y
4062,Loan,N/A,Personal Loan,43571.45,Y
4063,Deposit,NIDDA,Checking,399.94,Y
4063,Deposit,IBB,Savings,83624.75,Y
4064,Deposit,IBB,CD Short Term,26234.85,Y
4064,Deposit,IBB,Money Market,7880.85,Y
4064,Deposit,NIDDA,Checking,541.9,Y
4064,Deposit,IBB,Savings,5183.34,Y
4064,Loan,N/A,Home Loan,469886.51,Y
4065,Deposit,IBB,CD Short Term,51175.05,Y
4065,Deposit,IBB,Money Market,16348.47,Y
4065,Deposit,NIDDA,Checking,6457.96,Y
4065,Deposit,IBB,Savings,5116.5,Y
4065,Credit,N/A,Credit Card,598.18,Y
4065,Loan,N/A,Home Loan,316939.22,Y
4066,Deposit,IBB,CD Short Term,7784.09,Y
4066,Deposit,NIDDA,Checking,1030.06,Y
4066,Deposit,IBB,Savings,57310.23,Y
4066,Credit,N/A,Credit Card,2762.57,Y
4067,Deposit,NIDDA,Checking,2883.23,Y
4067,Deposit,IBB,Savings,25643.05,Y
4067,Loan,N/A,Auto Loan,40651.47,Y
4068,Deposit,IBB,Money Market,98945.19,Y
4068,Deposit,NIDDA,Checking,1123.0,Y
4068,Deposit,IBB,Savings,28123.79,Y
4068,Credit,N/A,Credit Card,31069.94,Y
4068,Loan,N/A,Home Loan,341849.29,Y
4068,Loan,N/A,Auto Loan,39663.06,Y
4069,Deposit,IBB,CD Long Term,45561.01,Y
4069,Deposit,IBB,CD Short Term,145320.82,Y
4069,Deposit,NIDDA,Checking,7447.12,Y
4069,Credit,N/A,Credit Card,4303.39,Y
4070,Deposit,IBB,Money Market,47475.49,Y
4070,Deposit,NIDDA,Checking,2741.53,Y
4070,Deposit,IBB,Savings,20046.45,Y
4071,Deposit,IBB,Money Market,11091.65,Y
4071,Deposit,NIDDA,Checking,9571.72,Y
4071,Deposit,IBB,Savings,14377.79,Y
4071,Loan,N/A,Auto Loan,10598.95,Y
4072,Deposit,IBB,CD Short Term,20415.24,Y
4072,Deposit,IBB,Money Market,5420.54,Y
4072,Deposit,NIDDA,Checking,2666.82,Y
4073,Deposit,IBB,Money Market,6990.32,Y
4073,Deposit,NIDDA,Checking,1263.98,Y
4073,Deposit,IBB,Savings,5214.76,Y
4073,Loan,N/A,Personal Loan,14819.43,Y
4074,Deposit,NIDDA,Checking,14570.75,Y
4074,Deposit,IBB,Savings,4867.43,Y
4074,Loan,N/A,Home Loan,443785.49,Y
4075,Deposit,IBB,CD Short Term,17230.11,Y
4075,Deposit,NIDDA,Checking,3112.27,Y
4075,Deposit,IBB,Savings,42162.93,Y
4075,Loan,N/A,Auto Loan,39073.95,Y
4075,Loan,N/A,Personal Loan,27639.75,Y
4076,Deposit,NIDDA,Checking,4040.69,Y
4076,Deposit,IBB,Savings,1168.32,Y
4076,Credit,N/A,Credit Card,3507.74,Y
4077,Deposit,IBB,CD Long Term,60405.94,Y
4077,Deposit,IBB,CD Short Term,2369.47,Y
4077,Deposit,NIDDA,Checking,15120.4,Y
4077,Deposit,IBB,Savings,56836.05,Y
4077,Loan,N/A,Personal Loan,31820.62,Y
4078,Deposit,IBB,Money Market,8152.68,Y
4078,Deposit,NIDDA,Checking,10645.17,Y
4078,Deposit,IBB,Savings,1385.8,Y
4078,Credit,N/A,Credit Card,1912.29,Y
4079,Deposit,IBB,Money Market,9008.66,Y
4079,Deposit,NIDDA,Checking,3425.23,Y
4079,Deposit,IBB,Savings,4858.88,Y
4079,Credit,N/A,Credit Card,2095.29,Y
4080,Deposit,IBB,CD Long Term,27906.1,Y
4080,Deposit,NIDDA,Checking,6192.16,Y
4080,Credit,N/A,Credit Card,3336.63,Y
4081,Deposit,IBB,CD Long Term,9685.34,Y
4081,Deposit,IBB,Money Market,9749.82,Y
4081,Deposit,NIDDA,Checking,7631.71,Y
4081,Deposit,IBB,Savings,4421.34,Y
4081,Credit,N/A,Credit Card,1399.17,Y
4081,Loan,N/A,Auto Loan,12675.57,Y
4082,Deposit,NIDDA,Checking,14729.55,Y
4082,Deposit,IBB,Savings,15346.81,Y
4083,Deposit,IBB,CD Short Term,58652.94,Y
4083,Deposit,IBB,Money Market,39902.89,Y
4083,Deposit,NIDDA,Checking,3426.46,Y
4083,Deposit,IBB,Savings,6373.7,Y
4083,Loan,N/A,Auto Loan,51604.03,Y
4083,Loan,N/A,Personal Loan,31655.09,Y
4084,Deposit,NIDDA,Checking,3887.22,Y
4084,Deposit,IBB,Savings,10440.97,Y
4084,Loan,N/A,Home Loan,197071.27,Y
4084,Loan,N/A,Personal Loan,23949.8,Y
4085,Deposit,NIDDA,Checking,4708.19,Y
4085,Deposit,IBB,Savings,13753.51,Y
4085,Loan,N/A,Auto Loan,77251.89,Y
4085,Loan,N/A,Personal Loan,45762.84,Y
4086,Deposit,NIDDA,Checking,2527.64,Y
4086,Deposit,IBB,Savings,2922.47,Y
4086,Credit,N/A,Credit Card,21428.89,Y
4086,Loan,N/A,Home Loan,648125.68,Y
4086,Loan,N/A,Auto Loan,57656.55,Y
4087,Deposit,IBB,CD Long Term,47353.6,Y
4087,Deposit,IBB,Money Market,16858.38,Y
4087,Deposit,NIDDA,Checking,9875.6,Y
4087,Credit,N/A,Credit Card,100343.18,Y
4087,Loan,N/A,Home Loan,203839.4,Y
4088,Deposit,IBB,CD Short Term,40173.1,Y
4088,Deposit,NIDDA,Checking,17607.12,Y
4088,Deposit,IBB,Savings,4492.34,Y
4088,Credit,N/A,Credit Card,1655.08,Y
4088,Loan,N/A,Auto Loan,11889.69,Y
4089,Deposit,NIDDA,Checking,11050.77,Y
4089,Deposit,IBB,Savings,9128.96,Y
4090,Deposit,IBB,Money Market,11036.78,Y
4090,Deposit,NIDDA,Checking,11892.21,Y
4090,Deposit,IBB,Savings,5160.71,Y
4090,Credit,N/A,Credit Card,1113.98,Y
4091,Deposit,IBB,CD Long Term,29928.83,Y
4091,Deposit,IBB,Money Market,26489.0,Y
4091,Deposit,NIDDA,Checking,2228.24,Y
4091,Deposit,IBB,Savings,6989.36,Y
4091,Credit,N/A,Credit Card,1241.03,Y
4092,Deposit,IBB,CD Short Term,27583.87,Y
4092,Deposit,NIDDA,Checking,19751.78,Y
4092,Deposit,IBB,Savings,13043.96,Y
4092,Credit,N/A,Credit Card,1446.24,Y
4092,Loan,N/A,Auto Loan,52358.9,Y
4093,Deposit,IBB,CD Short Term,7568.2,Y
4093,Deposit,IBB,Money Market,6878.88,Y
4093,Deposit,NIDDA,Checking,2416.25,Y
4093,Deposit,IBB,Savings,5421.65,Y
4093,Loan,N/A,Home Loan,216461.57,Y
4093,Loan,N/A,Personal Loan,20528.98,Y
4094,Deposit,NIDDA,Checking,3870.7,Y
4094,Deposit,IBB,Savings,45761.28,Y
4094,Credit,N/A,Credit Card,2955.47,Y
4095,Deposit,IBB,CD Long Term,58765.28,Y
4095,Deposit,IBB,CD Short Term,14916.52,Y
4095,Deposit,IBB,Money Market,4462.5,Y
4095,Deposit,NIDDA,Checking,2634.79,Y
4096,Deposit,IBB,CD Short Term,19689.1,Y
4096,Deposit,IBB,Money Market,33704.28,Y
4096,Deposit,NIDDA,Checking,4762.49,Y
4096,Deposit,IBB,Savings,24083.27,Y
4096,Loan,N/A,Home Loan,508120.7,Y
4096,Loan,N/A,Personal Loan,14863.48,Y
4097,Deposit,IBB,Money Market,40279.56,Y
4097,Deposit,NIDDA,Checking,3441.11,Y
4097,Deposit,IBB,Savings,3123.9,Y
4098,Deposit,IBB,CD Short Term,45501.74,Y
4098,Deposit,IBB,Money Market,12573.33,Y
4098,Deposit,NIDDA,Checking,5786.59,Y
4098,Deposit,IBB,Savings,8108.34,Y
4098,Loan,N/A,Home Loan,1221305.98,Y
4099,Deposit,NIDDA,Checking,8661.78,Y
4099,Credit,N/A,Credit Card,5643.54,Y
4100,Deposit,IBB,CD Long Term,375819.15,Y
4100,Deposit,IBB,Money Market,13290.38,Y
4100,Deposit,NIDDA,Checking,1430.53,Y
4100,Deposit,IBB,Savings,1929.38,Y
4100,Credit,N/A,Credit Card,7490.23,Y
4100,Loan,N/A,Home Loan,410141.41,Y
4100,Loan,N/A,Personal Loan,18133.79,Y
4101,Deposit,IBB,CD Short Term,20691.75,Y
4101,Deposit,IBB,Money Market,25576.86,Y
4101,Deposit,NIDDA,Checking,23132.14,Y
4101,Credit,N/A,Credit Card,6019.32,Y
4102,Deposit,IBB,Money Market,3712.69,Y
4102,Deposit,NIDDA,Checking,21224.07,Y
4102,Deposit,IBB,Savings,34452.48,Y
4103,Deposit,IBB,CD Long Term,19274.56,Y
4103,Deposit,NIDDA,Checking,2806.64,Y
4104,Deposit,IBB,Money Market,39653.24,Y
4104,Deposit,NIDDA,Checking,5561.14,Y
4104,Deposit,IBB,Savings,12548.14,Y
4104,Credit,N/A,Credit Card,1206.91,Y
4104,Loan,N/A,Personal Loan,28040.59,Y
4105,Deposit,IBB,CD Long Term,12348.83,Y
4105,Deposit,IBB,Money Market,29874.32,Y
4105,Deposit,NIDDA,Checking,7366.32,Y
4105,Deposit,IBB,Savings,2156.3,Y
4105,Credit,N/A,Credit Card,862.34,Y
4105,Loan,N/A,Auto Loan,23936.59,Y
4106,Deposit,NIDDA,Checking,2717.77,Y
4106,Deposit,IBB,Savings,12915.49,Y
4107,Deposit,IBB,CD Short Term,24079.33,Y
4107,Deposit,NIDDA,Checking,1819.56,Y
4107,Credit,N/A,Credit Card,2949.08,Y
4107,Loan,N/A,Auto Loan,20502.9,Y
4108,Deposit,IBB,Money Market,4043.89,Y
4108,Deposit,NIDDA,Checking,7892.26,Y
4108,Loan,N/A,Personal Loan,71380.14,Y
4109,Deposit,IBB,CD Long Term,12241.92,Y
4109,Deposit,IBB,CD Short Term,10652.03,Y
4109,Deposit,IBB,Money Market,33547.11,Y
4109,Deposit,NIDDA,Checking,5908.2,Y
4109,Loan,N/A,Auto Loan,25729.89,Y
4110,Deposit,IBB,CD Long Term,13698.3,Y
4110,Deposit,IBB,CD Short Term,13113.18,Y
4110,Deposit,NIDDA,Checking,24025.88,Y
4110,Deposit,IBB,Savings,9685.51,Y
4110,Credit,N/A,Credit Card,3076.63,Y
4111,Deposit,IBB,CD Short Term,109501.06,Y
4111,Deposit,IBB,Money Market,24241.4,Y
4111,Deposit,NIDDA,Checking,7889.33,Y
4111,Deposit,IBB,Savings,6223.19,Y
4111,Credit,N/A,Credit Card,3185.54,Y
4112,Deposit,IBB,Money Market,17988.37,Y
4112,Deposit,NIDDA,Checking,12682.16,Y
4113,Deposit,NIDDA,Checking,14357.94,Y
4113,Loan,N/A,Home Loan,504313.33,Y
4113,Loan,N/A,Personal Loan,7105.79,Y
4114,Deposit,IBB,Money Market,35272.08,Y
4114,Deposit,NIDDA,Checking,11125.52,Y
4114,Deposit,IBB,Savings,8839.01,Y
4114,Loan,N/A,Personal Loan,9198.64,Y
4115,Deposit,NIDDA,Checking,8452.1,Y
4115,Deposit,IBB,Savings,6363.77,Y
4116,Deposit,IBB,CD Long Term,5476.53,Y
4116,Deposit,IBB,CD Short Term,22076.88,Y
4116,Deposit,NIDDA,Checking,16265.3,Y
4116,Deposit,IBB,Savings,3762.94,Y
4117,Deposit,NIDDA,Checking,3075.71,Y
4117,Deposit,IBB,Savings,29662.45,Y
4117,Credit,N/A,Credit Card,1574.62,Y
4117,Loan,N/A,Auto Loan,14684.24,Y
4118,Deposit,IBB,Money Market,3970.12,Y
4118,Deposit,NIDDA,Checking,1334.28,Y
4118,Deposit,IBB,Savings,13521.76,Y
4118,Credit,N/A,Credit Card,1452.45,Y
4118,Loan,N/A,Home Loan,194254.4,Y
4119,Deposit,NIDDA,Checking,4219.44,Y
4119,Deposit,IBB,Savings,4713.76,Y
4119,Loan,N/A,Home Loan,423009.84,Y
4120,Deposit,IBB,CD Short Term,40926.87,Y
4120,Deposit,NIDDA,Checking,5144.05,Y
4120,Deposit,IBB,Savings,1569.31,Y
4120,Credit,N/A,Credit Card,1711.49,Y
4121,Deposit,NIDDA,Checking,11139.2,Y
4121,Deposit,IBB,Savings,14003.92,Y
4121,Loan,N/A,Home Loan,245706.42,Y
4121,Loan,N/A,Personal Loan,28657.11,Y
4122,Deposit,IBB,CD Short Term,83083.62,Y
4122,Deposit,IBB,Money Market,6474.87,Y
4122,Deposit,NIDDA,Checking,14623.51,Y
4122,Deposit,IBB,Savings,8686.59,Y
4122,Loan,N/A,Home Loan,251015.43,Y
4123,Deposit,NIDDA,Checking,6427.57,Y
4123,Deposit,IBB,Savings,27536.1,Y
4123,Credit,N/A,Credit Card,1427.07,Y
4124,Deposit,NIDDA,Checking,6033.42,Y
4124,Deposit,IBB,Savings,12719.67,Y
4124,Credit,N/A,Credit Card,2854.17,Y
4124,Loan,N/A,Home Loan,182114.43,Y
4124,Loan,N/A,Personal Loan,52130.78,Y
4125,Deposit,IBB,Money Market,2100.91,Y
4125,Deposit,NIDDA,Checking,10104.78,Y
4125,Deposit,IBB,Savings,5256.28,Y
4126,Deposit,IBB,CD Short Term,18444.88,Y
4126,Deposit,IBB,Money Market,9583.03,Y
4126,Deposit,NIDDA,Checking,4502.41,Y
4126,Credit,N/A,Credit Card,2946.99,Y
4127,Deposit,IBB,CD Short Term,11773.04,Y
4127,Deposit,NIDDA,Checking,2907.93,Y
4127,Deposit,IBB,Savings,8493.15,Y
4127,Loan,N/A,Auto Loan,17361.76,Y
4128,Deposit,NIDDA,Checking,16434.87,Y
4128,Deposit,IBB,Savings,4769.81,Y
4128,Credit,N/A,Credit Card,5226.85,Y
4129,Deposit,IBB,CD Short Term,25085.6,Y
4129,Deposit,IBB,Money Market,12995.18,Y
4129,Deposit,NIDDA,Checking,7346.23,Y
4129,Deposit,IBB,Savings,3817.89,Y
4130,Deposit,IBB,CD Short Term,2656.6,Y
4130,Deposit,IBB,Money Market,9801.79,Y
4130,Deposit,NIDDA,Checking,4728.06,Y
4130,Deposit,IBB,Savings,5862.53,Y
4130,Loan,N/A,Home Loan,460124.93,Y
4131,Deposit,NIDDA,Checking,3406.94,Y
4131,Loan,N/A,Auto Loan,76094.11,Y
4132,Deposit,IBB,CD Short Term,7129.03,Y
4132,Deposit,NIDDA,Checking,2948.57,Y
4132,Deposit,IBB,Savings,25222.16,Y
4132,Credit,N/A,Credit Card,1793.47,Y
4132,Loan,N/A,Auto Loan,41111.65,Y
4133,Deposit,IBB,CD Long Term,5690.08,Y
4133,Deposit,IBB,CD Short Term,12500.78,Y
4133,Deposit,NIDDA,Checking,6370.15,Y
4133,Deposit,IBB,Savings,4634.02,Y
4133,Credit,N/A,Credit Card,2611.4,Y
4133,Loan,N/A,Auto Loan,19625.25,Y
4134,Deposit,NIDDA,Checking,12728.41,Y
4134,Credit,N/A,Credit Card,2092.05,Y
4135,Deposit,IBB,CD Long Term,40887.27,Y
4135,Deposit,IBB,Money Market,7382.09,Y
4135,Deposit,NIDDA,Checking,7269.9,Y
4135,Deposit,IBB,Savings,5261.49,Y
4135,Credit,N/A,Credit Card,3633.76,Y
4135,Loan,N/A,Personal Loan,13683.16,Y
4136,Deposit,IBB,CD Short Term,31439.1,Y
4136,Deposit,IBB,Money Market,5292.08,Y
4136,Deposit,NIDDA,Checking,3128.9,Y
4136,Loan,N/A,Auto Loan,37299.33,Y
4136,Loan,N/A,Personal Loan,44121.86,Y
4137,Deposit,IBB,Money Market,3895.59,Y
4137,Deposit,NIDDA,Checking,1315.9,Y
4137,Deposit,IBB,Savings,4449.51,Y
4137,Credit,N/A,Credit Card,3139.65,Y
4137,Loan,N/A,Personal Loan,34280.52,Y
4138,Deposit,IBB,Money Market,5064.0,Y
4138,Deposit,NIDDA,Checking,2680.3,Y
4138,Deposit,IBB,Savings,52245.59,Y
4138,Credit,N/A,Credit Card,2032.06,Y
4139,Deposit,NIDDA,Checking,2547.18,Y
4139,Deposit,IBB,Savings,7355.16,Y
4139,Credit,N/A,Credit Card,5189.55,Y
4140,Deposit,IBB,CD Long Term,12130.75,Y
4140,Deposit,IBB,CD Short Term,18663.8,Y
4140,Deposit,NIDDA,Checking,5945.28,Y
4140,Deposit,IBB,Savings,20603.78,Y
4140,Credit,N/A,Credit Card,1663.18,Y
4140,Loan,N/A,Home Loan,243111.8,Y
4140,Loan,N/A,Auto Loan,80244.53,Y
4141,Deposit,IBB,CD Short Term,43205.82,Y
4141,Deposit,NIDDA,Checking,9936.13,Y
4141,Loan,N/A,Home Loan,494739.94,Y
4142,Deposit,IBB,CD Long Term,22993.69,Y
4142,Deposit,IBB,CD Short Term,10262.98,Y
4142,Deposit,NIDDA,Checking,3586.13,Y
4142,Deposit,IBB,Savings,30174.72,Y
4142,Credit,N/A,Credit Card,2796.37,Y
4142,Loan,N/A,Home Loan,627045.23,Y
4142,Loan,N/A,Personal Loan,18103.3,Y
4143,Deposit,IBB,Money Market,29949.17,Y
4143,Deposit,NIDDA,Checking,6110.73,Y
4144,Deposit,IBB,CD Long Term,36497.3,Y
4144,Deposit,IBB,Money Market,52412.29,Y
4144,Deposit,NIDDA,Checking,5819.79,Y
4144,Deposit,IBB,Savings,7584.3,Y
4144,Credit,N/A,Credit Card,469.42,Y
4144,Loan,N/A,Home Loan,506108.83,Y
4145,Deposit,IBB,CD Short Term,62408.76,Y
4145,Deposit,NIDDA,Checking,4617.96,Y
4145,Deposit,IBB,Savings,11646.04,Y
4146,Deposit,IBB,Money Market,21049.32,Y
4146,Deposit,NIDDA,Checking,9192.32,Y
4146,Deposit,IBB,Savings,4882.6,Y
4146,Credit,N/A,Credit Card,3235.77,Y
4147,Deposit,IBB,CD Long Term,57990.89,Y
4147,Deposit,IBB,CD Short Term,10637.79,Y
4147,Deposit,NIDDA,Checking,3732.28,Y
4147,Deposit,IBB,Savings,14581.81,Y
4147,Credit,N/A,Credit Card,6350.72,Y
4148,Deposit,NIDDA,Checking,3295.86,Y
4149,Deposit,IBB,CD Long Term,65686.54,Y
4149,Deposit,NIDDA,Checking,3060.16,Y
4149,Deposit,IBB,Savings,1973.73,Y
4149,Credit,N/A,Credit Card,1090.02,Y
4149,Loan,N/A,Home Loan,522021.87,Y
4149,Loan,N/A,Personal Loan,16156.48,Y
4150,Deposit,NIDDA,Checking,6122.9,Y
4150,Deposit,IBB,Savings,42166.65,Y
4150,Credit,N/A,Credit Card,3674.49,Y
4150,Loan,N/A,Auto Loan,50043.7,Y
4150,Loan,N/A,Personal Loan,5102.5,Y
4151,Deposit,NIDDA,Checking,6076.22,Y
4151,Deposit,IBB,Savings,23395.29,Y
4151,Credit,N/A,Credit Card,5778.94,Y
4151,Loan,N/A,Home Loan,578227.35,Y
4152,Deposit,IBB,CD Short Term,81299.42,Y
4152,Deposit,NIDDA,Checking,1587.89,Y
4152,Deposit,IBB,Savings,3183.87,Y
4152,Loan,N/A,Home Loan,487779.16,Y
4153,Deposit,IBB,Money Market,7425.14,Y
4153,Deposit,NIDDA,Checking,8857.83,Y
4153,Deposit,IBB,Savings,48731.41,Y
4153,Credit,N/A,Credit Card,4399.29,Y
4154,Deposit,IBB,CD Long Term,323407.68,Y
4154,Deposit,IBB,Money Market,46061.01,Y
4154,Deposit,NIDDA,Checking,7443.11,Y
4154,Deposit,IBB,Savings,21825.3,Y
4154,Credit,N/A,Credit Card,2053.08,Y
4155,Deposit,IBB,CD Short Term,17709.12,Y
4155,Deposit,NIDDA,Checking,7359.49,Y
4155,Deposit,IBB,Savings,2630.17,Y
4155,Credit,N/A,Credit Card,10435.02,Y
4156,Deposit,IBB,CD Short Term,19196.45,Y
4156,Deposit,IBB,Money Market,9204.67,Y
4156,Deposit,NIDDA,Checking,3207.67,Y
4156,Loan,N/A,Auto Loan,62224.02,Y
4156,Loan,N/A,Personal Loan,16693.0,Y
4157,Deposit,NIDDA,Checking,9221.49,Y
4157,Deposit,IBB,Savings,9868.61,Y
4158,Deposit,IBB,CD Short Term,10650.54,Y
4158,Deposit,NIDDA,Checking,4292.33,Y
4158,Deposit,IBB,Savings,3609.71,Y
4158,Credit,N/A,Credit Card,6094.17,Y
4159,Deposit,IBB,CD Long Term,4726.02,Y
4159,Deposit,NIDDA,Checking,11707.69,Y
4159,Deposit,IBB,CD Short Term,19006.03,Y
4159,Deposit,IBB,Money Market,14604.97,Y
4159,Deposit,IBB,Savings,82965.33,Y
4160,Deposit,IBB,CD Short Term,41009.17,Y
4160,Deposit,NIDDA,Checking,5214.72,Y
4160,Deposit,IBB,Savings,2232.59,Y
4160,Credit,N/A,Credit Card,2824.46,Y
4161,Deposit,IBB,CD Short Term,18406.49,Y
4161,Deposit,NIDDA,Checking,7997.82,Y
4161,Deposit,IBB,Savings,18136.54,Y
4161,Credit,N/A,Credit Card,4104.26,Y
4162,Deposit,IBB,Money Market,11552.36,Y
4162,Deposit,NIDDA,Checking,21100.66,Y
4162,Deposit,IBB,Savings,6660.99,Y
4162,Credit,N/A,Credit Card,18518.85,Y
4162,Loan,N/A,Auto Loan,46472.67,Y
4163,Deposit,IBB,CD Short Term,36660.12,Y
4163,Deposit,NIDDA,Checking,2669.6,Y
4163,Loan,N/A,Personal Loan,46580.92,Y
4164,Deposit,IBB,CD Short Term,15793.63,Y
4164,Deposit,IBB,Money Market,5991.83,Y
4164,Deposit,NIDDA,Checking,1094.44,Y
4164,Deposit,IBB,Savings,9952.43,Y
4164,Credit,N/A,Credit Card,4721.8,Y
4164,Loan,N/A,Home Loan,287035.51,Y
4165,Deposit,IBB,Money Market,9410.12,Y
4165,Deposit,NIDDA,Checking,9268.82,Y
4165,Deposit,IBB,Savings,2925.85,Y
4165,Credit,N/A,Credit Card,2292.07,Y
4166,Deposit,IBB,Money Market,1794.16,Y
4166,Deposit,NIDDA,Checking,2547.4,Y
4166,Deposit,IBB,Savings,1747.75,Y
4166,Loan,N/A,Auto Loan,14515.06,Y
4166,Loan,N/A,Personal Loan,4808.18,Y
4167,Deposit,IBB,CD Short Term,45997.93,Y
4167,Deposit,IBB,Money Market,58537.04,Y
4167,Deposit,NIDDA,Checking,5967.01,Y
4167,Deposit,IBB,Savings,10583.93,Y
4168,Deposit,IBB,CD Short Term,122737.13,Y
4168,Deposit,IBB,Money Market,7313.02,Y
4168,Deposit,NIDDA,Checking,2760.0,Y
4168,Deposit,IBB,Savings,4176.24,Y
4168,Credit,N/A,Credit Card,941.53,Y
4169,Deposit,IBB,CD Short Term,8520.86,Y
4169,Deposit,IBB,Money Market,2996.65,Y
4169,Deposit,NIDDA,Checking,9611.23,Y
4169,Deposit,IBB,Savings,10195.47,Y
4169,Credit,N/A,Credit Card,1719.43,Y
4170,Deposit,IBB,CD Short Term,21619.47,Y
4170,Deposit,NIDDA,Checking,10033.25,Y
4170,Deposit,IBB,Savings,7450.88,Y
4171,Deposit,IBB,CD Short Term,60759.4,Y
4171,Deposit,IBB,Money Market,3052.45,Y
4171,Deposit,NIDDA,Checking,13174.3,Y
4171,Deposit,IBB,Savings,21660.22,Y
4171,Credit,N/A,Credit Card,1435.43,Y
4172,Deposit,IBB,CD Long Term,3421.67,Y
4172,Deposit,NIDDA,Checking,4796.05,Y
4172,Deposit,IBB,Savings,5851.53,Y
4172,Credit,N/A,Credit Card,3878.09,Y
4172,Loan,N/A,Auto Loan,40220.87,Y
4173,Deposit,IBB,Money Market,32537.18,Y
4173,Deposit,NIDDA,Checking,26148.94,Y
4173,Loan,N/A,Home Loan,346178.11,Y
4173,Loan,N/A,Auto Loan,9286.25,Y
4174,Deposit,NIDDA,Checking,3065.0,Y
4174,Deposit,IBB,Savings,9207.87,Y
4175,Deposit,IBB,Money Market,118989.96,Y
4175,Deposit,NIDDA,Checking,3755.56,Y
4175,Deposit,IBB,Savings,9424.72,Y
4175,Credit,N/A,Credit Card,3458.79,Y
4175,Loan,N/A,Home Loan,380310.18,Y
4176,Deposit,IBB,Money Market,9511.52,Y
4176,Deposit,NIDDA,Checking,3809.63,Y
4176,Loan,N/A,Home Loan,281521.77,Y
4176,Loan,N/A,Auto Loan,28958.77,Y
4177,Deposit,NIDDA,Checking,3863.17,Y
4177,Deposit,IBB,Savings,9615.03,Y
4177,Loan,N/A,Home Loan,492033.69,Y
4177,Loan,N/A,Auto Loan,49253.24,Y
4178,Deposit,NIDDA,Checking,11592.04,Y
4178,Deposit,IBB,Savings,45157.7,Y
4178,Loan,N/A,Home Loan,209766.7,Y
4178,Loan,N/A,Auto Loan,62963.18,Y
4179,Deposit,IBB,CD Short Term,11489.6,Y
4179,Deposit,NIDDA,Checking,15271.57,Y
4179,Deposit,IBB,Savings,31485.53,Y
4180,Deposit,NIDDA,Checking,1414.96,Y
4180,Credit,N/A,Credit Card,4433.64,Y
4181,Deposit,IBB,CD Short Term,120520.91,Y
4181,Deposit,IBB,Money Market,35822.18,Y
4181,Deposit,NIDDA,Checking,819.05,Y
4181,Deposit,IBB,Savings,20234.71,Y
4181,Loan,N/A,Auto Loan,69803.85,Y
4182,Deposit,NIDDA,Checking,5722.45,Y
4182,Loan,N/A,Personal Loan,13743.73,Y
4183,Deposit,IBB,CD Long Term,4291.05,Y
4183,Deposit,IBB,Money Market,4689.52,Y
4183,Deposit,NIDDA,Checking,9720.72,Y
4183,Deposit,IBB,Savings,6682.41,Y
4184,Deposit,NIDDA,Checking,15184.52,Y
4184,Deposit,IBB,Savings,3224.5,Y
4184,Loan,N/A,Auto Loan,18554.31,Y
4184,Loan,N/A,Personal Loan,13651.44,Y
4185,Deposit,IBB,CD Short Term,8589.55,Y
4185,Deposit,IBB,Money Market,32003.99,Y
4185,Deposit,NIDDA,Checking,12325.23,Y
4185,Deposit,IBB,Savings,4004.96,Y
4185,Credit,N/A,Credit Card,994.32,Y
4186,Deposit,IBB,CD Long Term,17131.61,Y
4186,Deposit,IBB,Money Market,2833.22,Y
4186,Deposit,NIDDA,Checking,11402.11,Y
4186,Deposit,IBB,Savings,28721.95,Y
4186,Credit,N/A,Credit Card,3208.31,Y
4187,Deposit,IBB,Money Market,3823.65,Y
4187,Deposit,NIDDA,Checking,11492.99,Y
4187,Deposit,IBB,Savings,2643.12,Y
4187,Credit,N/A,Credit Card,2935.04,Y
4187,Loan,N/A,Personal Loan,14591.36,Y
4188,Deposit,NIDDA,Checking,4040.96,Y
4188,Deposit,IBB,Savings,9964.73,Y
4188,Loan,N/A,Home Loan,292330.31,Y
4189,Deposit,IBB,CD Short Term,15271.41,Y
4189,Deposit,IBB,Money Market,54108.78,Y
4189,Deposit,NIDDA,Checking,1421.0,Y
4189,Loan,N/A,Auto Loan,43449.49,Y
4190,Deposit,IBB,CD Long Term,15455.92,Y
4190,Deposit,IBB,Money Market,27533.86,Y
4190,Deposit,NIDDA,Checking,7746.32,Y
4191,Deposit,IBB,Money Market,12227.12,Y
4191,Deposit,NIDDA,Checking,18094.04,Y
4191,Deposit,IBB,Savings,9677.91,Y
4191,Credit,N/A,Credit Card,3806.21,Y
4191,Loan,N/A,Auto Loan,50968.24,Y
4192,Deposit,IBB,Money Market,15782.43,Y
4192,Deposit,NIDDA,Checking,3039.25,Y
4192,Deposit,IBB,Savings,4073.13,Y
4192,Loan,N/A,Personal Loan,8786.49,Y
4193,Deposit,NIDDA,Checking,10668.75,Y
4193,Credit,N/A,Credit Card,4189.06,Y
4193,Loan,N/A,Home Loan,1163244.97,Y
4194,Deposit,IBB,CD Long Term,75524.61,Y
4194,Deposit,IBB,Money Market,9393.05,Y
4194,Deposit,NIDDA,Checking,8866.95,Y
4194,Deposit,IBB,Savings,10106.19,Y
4194,Loan,N/A,Home Loan,381985.55,Y
4195,Deposit,IBB,CD Long Term,15994.04,Y
4195,Deposit,IBB,Money Market,27279.59,Y
4195,Deposit,NIDDA,Checking,36454.88,Y
4195,Deposit,IBB,Savings,5240.98,Y
4196,Deposit,NIDDA,Checking,5180.55,Y
4196,Deposit,IBB,Savings,46112.21,Y
4196,Loan,N/A,Personal Loan,7372.0,Y
4197,Deposit,IBB,CD Short Term,22800.04,Y
4197,Deposit,NIDDA,Checking,3360.44,Y
4197,Deposit,IBB,Savings,15759.53,Y
4197,Credit,N/A,Credit Card,2425.33,Y
4197,Loan,N/A,Home Loan,572702.32,Y
4198,Deposit,IBB,Money Market,35673.55,Y
4198,Deposit,NIDDA,Checking,767.47,Y
4198,Deposit,IBB,Savings,3439.64,Y
4198,Credit,N/A,Credit Card,1767.29,Y
4199,Deposit,IBB,CD Short Term,3416.06,Y
4199,Deposit,NIDDA,Checking,9372.11,Y
4199,Deposit,IBB,Savings,3865.24,Y
4199,Credit,N/A,Credit Card,1132.25,Y
4199,Loan,N/A,Auto Loan,18610.97,Y
4200,Deposit,IBB,CD Long Term,11799.11,Y
4200,Deposit,IBB,CD Short Term,22671.95,Y
4200,Deposit,NIDDA,Checking,5512.48,Y
4200,Deposit,IBB,Savings,3485.7,Y
4201,Deposit,IBB,CD Short Term,132555.53,Y
4201,Deposit,IBB,Money Market,96962.17,Y
4201,Deposit,NIDDA,Checking,1339.41,Y
4201,Deposit,IBB,Savings,4487.61,Y
4201,Credit,N/A,Credit Card,6662.39,Y
4202,Deposit,IBB,CD Long Term,31189.88,Y
4202,Deposit,IBB,CD Short Term,11129.69,Y
4202,Deposit,NIDDA,Checking,2847.34,Y
4203,Deposit,IBB,CD Short Term,10445.21,Y
4203,Deposit,IBB,Money Market,5489.51,Y
4203,Deposit,NIDDA,Checking,5404.7,Y
4203,Deposit,IBB,Savings,25742.57,Y
4203,Credit,N/A,Credit Card,1870.18,Y
4203,Loan,N/A,Home Loan,569871.84,Y
4204,Deposit,IBB,Money Market,4139.95,Y
4204,Deposit,NIDDA,Checking,10856.13,Y
4204,Deposit,IBB,Savings,25169.04,Y
4204,Credit,N/A,Credit Card,8458.83,Y
4204,Loan,N/A,Home Loan,554043.63,Y
4205,Deposit,NIDDA,Checking,5229.31,Y
4206,Deposit,IBB,CD Short Term,5098.8,Y
4206,Deposit,NIDDA,Checking,8960.19,Y
4206,Loan,N/A,Auto Loan,39341.03,Y
4206,Loan,N/A,Personal Loan,4761.76,Y
4207,Deposit,IBB,CD Short Term,9807.14,Y
4207,Deposit,IBB,Money Market,3291.93,Y
4207,Deposit,NIDDA,Checking,3455.42,Y
4207,Deposit,IBB,Savings,33000.4,Y
4207,Loan,N/A,Personal Loan,27537.66,Y
4208,Deposit,IBB,CD Long Term,37687.36,Y
4208,Deposit,IBB,CD Short Term,4129.21,Y
4208,Deposit,NIDDA,Checking,18365.77,Y
4208,Deposit,IBB,Savings,4247.03,Y
4208,Loan,N/A,Home Loan,334411.05,Y
4208,Loan,N/A,Auto Loan,37773.9,Y
4209,Deposit,IBB,CD Short Term,3793.31,Y
4209,Deposit,NIDDA,Checking,13821.2,Y
4209,Deposit,IBB,Savings,7844.89,Y
4210,Deposit,IBB,CD Short Term,10612.39,Y
4210,Deposit,NIDDA,Checking,4028.97,Y
4210,Deposit,IBB,Savings,20245.82,Y
4210,Loan,N/A,Home Loan,243373.6,Y
4210,Loan,N/A,Personal Loan,15055.83,Y
4211,Deposit,IBB,CD Short Term,9164.65,Y
4211,Deposit,IBB,Money Market,9809.99,Y
4211,Deposit,NIDDA,Checking,3461.45,Y
4211,Deposit,IBB,Savings,7011.49,Y
4211,Credit,N/A,Credit Card,1030.59,Y
4211,Loan,N/A,Home Loan,372122.81,Y
4212,Deposit,NIDDA,Checking,7505.8,Y
4212,Deposit,IBB,Savings,13373.42,Y
4212,Credit,N/A,Credit Card,1457.79,Y
4212,Loan,N/A,Personal Loan,9588.97,Y
4213,Deposit,IBB,CD Long Term,43163.17,Y
4213,Deposit,IBB,CD Short Term,16009.77,Y
4213,Deposit,NIDDA,Checking,3038.57,Y
4213,Deposit,IBB,Savings,12641.74,Y
4213,Credit,N/A,Credit Card,1704.8,Y
4213,Loan,N/A,Personal Loan,74817.25,Y
4214,Deposit,NIDDA,Checking,3017.43,Y
4214,Deposit,IBB,Savings,2339.63,Y
4214,Credit,N/A,Credit Card,1147.21,Y
4214,Loan,N/A,Home Loan,129848.52,Y
4215,Deposit,IBB,CD Short Term,5421.29,Y
4215,Deposit,IBB,Money Market,5193.52,Y
4215,Deposit,NIDDA,Checking,1986.64,Y
4215,Deposit,IBB,Savings,10121.44,Y
4215,Credit,N/A,Credit Card,3477.64,Y
4215,Loan,N/A,Home Loan,316986.64,Y
4216,Deposit,IBB,Money Market,9952.9,Y
4216,Deposit,NIDDA,Checking,5857.77,Y
4216,Loan,N/A,Auto Loan,26765.39,Y
4217,Deposit,IBB,CD Short Term,3197.04,Y
4217,Deposit,IBB,Money Market,5829.23,Y
4217,Deposit,NIDDA,Checking,7028.78,Y
4217,Deposit,IBB,Savings,3622.57,Y
4217,Credit,N/A,Credit Card,11916.72,Y
4217,Loan,N/A,Auto Loan,29075.34,Y
4217,Loan,N/A,Personal Loan,24452.68,Y
4218,Deposit,IBB,Money Market,11299.15,Y
4218,Deposit,NIDDA,Checking,3355.85,Y
4218,Deposit,IBB,Savings,6166.05,Y
4218,Credit,N/A,Credit Card,1697.88,Y
4218,Loan,N/A,Auto Loan,71112.72,Y
4219,Deposit,IBB,CD Short Term,2320.72,Y
4219,Deposit,NIDDA,Checking,23689.22,Y
4219,Deposit,IBB,Savings,12872.54,Y
4219,Credit,N/A,Credit Card,2516.14,Y
4219,Loan,N/A,Auto Loan,11184.52,Y
4219,Loan,N/A,Personal Loan,10537.88,Y
4220,Deposit,IBB,Money Market,28902.39,Y
4220,Deposit,NIDDA,Checking,6065.22,Y
4220,Credit,N/A,Credit Card,19375.41,Y
4221,Deposit,NIDDA,Checking,5235.1,Y
4221,Deposit,IBB,Savings,8660.53,Y
4221,Loan,N/A,Home Loan,721145.98,Y
4222,Deposit,NIDDA,Checking,8337.0,Y
4222,Credit,N/A,Credit Card,23083.18,Y
4223,Deposit,IBB,CD Short Term,2067.45,Y
4223,Deposit,IBB,Money Market,4394.57,Y
4223,Deposit,NIDDA,Checking,7254.86,Y
4223,Deposit,IBB,Savings,13247.13,Y
4223,Credit,N/A,Credit Card,167.73,Y
4224,Deposit,NIDDA,Checking,2974.59,Y
4224,Deposit,IBB,Savings,15728.36,Y
4224,Credit,N/A,Credit Card,1355.65,Y
4225,Deposit,IBB,Money Market,25889.2,Y
4225,Deposit,NIDDA,Checking,9286.89,Y
4225,Deposit,IBB,Savings,52708.06,Y
4225,Credit,N/A,Credit Card,1010.32,Y
4225,Loan,N/A,Home Loan,1014171.82,Y
4226,Deposit,IBB,CD Short Term,8109.55,Y
4226,Deposit,NIDDA,Checking,5582.07,Y
4226,Deposit,IBB,Savings,15869.48,Y
4226,Credit,N/A,Credit Card,2683.83,Y
4226,Loan,N/A,Home Loan,354145.67,Y
4227,Deposit,IBB,CD Short Term,27104.12,Y
4227,Deposit,IBB,Money Market,40809.57,Y
4227,Deposit,NIDDA,Checking,2607.89,Y
4227,Deposit,IBB,Savings,1827.48,Y
4227,Loan,N/A,Auto Loan,43859.7,Y
4228,Deposit,IBB,Money Market,6180.24,Y
4228,Deposit,NIDDA,Checking,10069.48,Y
4228,Credit,N/A,Credit Card,2174.87,Y
4229,Deposit,NIDDA,Checking,10429.03,Y
4229,Deposit,IBB,Savings,3372.25,Y
4229,Credit,N/A,Credit Card,5932.88,Y
4229,Loan,N/A,Home Loan,566164.6,Y
4229,Loan,N/A,Personal Loan,19982.67,Y
4230,Deposit,IBB,Money Market,9784.05,Y
4230,Deposit,NIDDA,Checking,2192.14,Y
4230,Deposit,IBB,Savings,1474.16,Y
4230,Credit,N/A,Credit Card,2704.35,Y
4231,Deposit,NIDDA,Checking,1641.89,Y
4231,Credit,N/A,Credit Card,14468.01,Y
4232,Deposit,NIDDA,Checking,19898.82,Y
4232,Deposit,IBB,Savings,4651.16,Y
4232,Loan,N/A,Home Loan,328130.95,Y
4233,Deposit,IBB,CD Short Term,5807.71,Y
4233,Deposit,NIDDA,Checking,14805.77,Y
4233,Deposit,IBB,Savings,11240.25,Y
4233,Loan,N/A,Home Loan,378433.07,Y
4234,Deposit,IBB,CD Long Term,9840.45,Y
4234,Deposit,IBB,Money Market,6324.34,Y
4234,Deposit,NIDDA,Checking,2293.38,Y
4234,Deposit,IBB,Savings,10322.13,Y
4234,Loan,N/A,Home Loan,576955.99,Y
4235,Deposit,IBB,Money Market,96150.59,Y
4235,Deposit,NIDDA,Checking,18064.21,Y
4235,Credit,N/A,Credit Card,6628.87,Y
4235,Loan,N/A,Personal Loan,11945.06,Y
4236,Deposit,IBB,CD Long Term,37189.13,Y
4236,Deposit,IBB,Money Market,3909.11,Y
4236,Deposit,NIDDA,Checking,14093.16,Y
4236,Credit,N/A,Credit Card,1796.81,Y
4236,Loan,N/A,Auto Loan,82303.7,Y
4237,Deposit,IBB,CD Long Term,16608.97,Y
4237,Deposit,NIDDA,Checking,7306.98,Y
4237,Deposit,IBB,Savings,900.03,Y
4237,Credit,N/A,Credit Card,8608.33,Y
4238,Deposit,IBB,CD Short Term,31572.59,Y
4238,Deposit,NIDDA,Checking,1079.23,Y
4238,Deposit,IBB,Savings,8553.72,Y
4239,Deposit,NIDDA,Checking,6456.9,Y
4240,Deposit,NIDDA,Checking,1708.57,Y
4240,Deposit,IBB,Savings,2135.29,Y
4240,Credit,N/A,Credit Card,2093.11,Y
4240,Loan,N/A,Auto Loan,15910.47,Y
4241,Deposit,IBB,CD Long Term,5808.96,Y
4241,Deposit,IBB,Money Market,26667.12,Y
4241,Deposit,NIDDA,Checking,11591.12,Y
4241,Deposit,IBB,Savings,23703.61,Y
4242,Deposit,IBB,Money Market,37465.6,Y
4242,Deposit,NIDDA,Checking,14486.04,Y
4242,Deposit,IBB,Savings,1876.56,Y
4242,Loan,N/A,Home Loan,434617.8,Y
4242,Loan,N/A,Auto Loan,25595.69,Y
4243,Deposit,IBB,CD Long Term,7955.98,Y
4243,Deposit,IBB,CD Short Term,6876.4,Y
4243,Deposit,NIDDA,Checking,13653.54,Y
4243,Deposit,IBB,Savings,24665.95,Y
4243,Credit,N/A,Credit Card,859.47,Y
4244,Deposit,IBB,CD Short Term,5215.72,Y
4244,Deposit,IBB,Money Market,858.22,Y
4244,Deposit,NIDDA,Checking,11047.5,Y
4244,Deposit,IBB,Savings,30192.86,Y
4244,Loan,N/A,Auto Loan,25071.89,Y
4245,Deposit,NIDDA,Checking,3399.11,Y
4245,Deposit,IBB,Savings,8315.13,Y
4245,Credit,N/A,Credit Card,3110.82,Y
4246,Deposit,IBB,Money Market,52739.43,Y
4246,Deposit,NIDDA,Checking,5261.85,Y
4246,Deposit,IBB,Savings,4953.86,Y
4246,Credit,N/A,Credit Card,3097.69,Y
4247,Deposit,IBB,Money Market,3191.56,Y
4247,Deposit,NIDDA,Checking,4849.45,Y
4247,Credit,N/A,Credit Card,3060.53,Y
4247,Loan,N/A,Auto Loan,30394.95,Y
4248,Deposit,IBB,Money Market,8115.75,Y
4248,Deposit,NIDDA,Checking,6469.15,Y
4248,Deposit,IBB,Savings,35501.67,Y
4249,Deposit,IBB,CD Long Term,9537.65,Y
4249,Deposit,IBB,CD Short Term,6788.93,Y
4249,Deposit,NIDDA,Checking,7908.08,Y
4249,Deposit,IBB,Savings,3991.97,Y
4249,Credit,N/A,Credit Card,6973.52,Y
4249,Loan,N/A,Home Loan,314577.16,Y
4250,Deposit,IBB,CD Long Term,18435.45,Y
4250,Deposit,IBB,Money Market,26840.43,Y
4250,Deposit,NIDDA,Checking,1116.58,Y
4251,Deposit,IBB,CD Long Term,10279.14,Y
4251,Deposit,IBB,CD Short Term,31803.07,Y
4251,Deposit,NIDDA,Checking,4721.23,Y
4251,Deposit,IBB,Savings,2785.2,Y
4251,Credit,N/A,Credit Card,1035.73,Y
4252,Deposit,IBB,CD Long Term,15047.12,Y
4252,Deposit,IBB,CD Short Term,50343.33,Y
4252,Deposit,IBB,Money Market,42337.29,Y
4252,Deposit,NIDDA,Checking,43373.3,Y
4252,Credit,N/A,Credit Card,2150.81,Y
4253,Deposit,IBB,CD Long Term,18597.06,Y
4253,Deposit,NIDDA,Checking,25277.31,Y
4253,Deposit,IBB,Savings,18384.01,Y
4254,Deposit,IBB,CD Short Term,19166.02,Y
4254,Deposit,IBB,Money Market,7373.48,Y
4254,Deposit,NIDDA,Checking,3271.04,Y
4254,Credit,N/A,Credit Card,436.59,Y
4255,Deposit,IBB,CD Long Term,15170.7,Y
4255,Deposit,IBB,Money Market,22475.63,Y
4255,Deposit,NIDDA,Checking,4879.03,Y
4255,Credit,N/A,Credit Card,1349.82,Y
4255,Loan,N/A,Auto Loan,32336.74,Y
4256,Deposit,IBB,CD Long Term,1879.23,Y
4256,Deposit,IBB,CD Short Term,6258.51,Y
4256,Deposit,IBB,Money Market,14268.76,Y
4256,Deposit,NIDDA,Checking,7396.52,Y
4256,Loan,N/A,Auto Loan,22493.53,Y
4256,Loan,N/A,Personal Loan,23119.66,Y
4257,Deposit,IBB,CD Short Term,5135.71,Y
4257,Deposit,NIDDA,Checking,6640.19,Y
4257,Credit,N/A,Credit Card,1243.24,Y
4257,Loan,N/A,Auto Loan,29094.8,Y
4258,Deposit,IBB,CD Short Term,6480.96,Y
4258,Deposit,IBB,Money Market,7509.24,Y
4258,Deposit,NIDDA,Checking,3783.02,Y
4258,Deposit,IBB,Savings,11890.54,Y
4258,Credit,N/A,Credit Card,771.64,Y
4259,Deposit,IBB,Money Market,3091.86,Y
4259,Deposit,NIDDA,Checking,7589.18,Y
4259,Credit,N/A,Credit Card,725.99,Y
4259,Loan,N/A,Auto Loan,54252.86,Y
4260,Deposit,IBB,Money Market,84583.5,Y
4260,Deposit,NIDDA,Checking,6941.34,Y
4260,Deposit,IBB,Savings,71746.6,Y
4260,Loan,N/A,Home Loan,485145.34,Y
4260,Loan,N/A,Auto Loan,97333.49,Y
4260,Loan,N/A,Personal Loan,16221.34,Y
4261,Deposit,IBB,CD Short Term,9621.87,Y
4261,Deposit,NIDDA,Checking,1449.71,Y
4261,Credit,N/A,Credit Card,5116.06,Y
4261,Loan,N/A,Auto Loan,21959.87,Y
4262,Deposit,NIDDA,Checking,9033.53,Y
4262,Deposit,IBB,Savings,8328.27,Y
4262,Credit,N/A,Credit Card,1954.93,Y
4262,Loan,N/A,Home Loan,354942.02,Y
4262,Loan,N/A,Auto Loan,44207.25,Y
4263,Deposit,NIDDA,Checking,3236.32,Y
4263,Deposit,IBB,Savings,20864.14,Y
4263,Loan,N/A,Auto Loan,101076.55,Y
4263,Loan,N/A,Personal Loan,15562.35,Y
4264,Deposit,IBB,Money Market,28418.14,Y
4264,Deposit,NIDDA,Checking,6679.69,Y
4264,Credit,N/A,Credit Card,1380.44,Y
4264,Loan,N/A,Home Loan,397359.7,Y
4265,Deposit,NIDDA,Checking,28213.09,Y
4265,Loan,N/A,Auto Loan,26372.09,Y
4266,Deposit,IBB,Money Market,34181.5,Y
4266,Deposit,NIDDA,Checking,4465.99,Y
4266,Deposit,IBB,Savings,13658.59,Y
4267,Deposit,NIDDA,Checking,533.31,Y
4267,Credit,N/A,Credit Card,623.15,Y
4268,Deposit,IBB,Money Market,40968.37,Y
4268,Deposit,NIDDA,Checking,2740.41,Y
4268,Deposit,IBB,Savings,12654.98,Y
4268,Credit,N/A,Credit Card,3790.78,Y
4268,Loan,N/A,Home Loan,423893.77,Y
4268,Loan,N/A,Auto Loan,14836.4,Y
4269,Deposit,IBB,Money Market,4862.33,Y
4269,Deposit,NIDDA,Checking,973.93,Y
4269,Credit,N/A,Credit Card,9216.47,Y
4269,Loan,N/A,Home Loan,171348.22,Y
4269,Loan,N/A,Personal Loan,24281.95,Y
4270,Deposit,IBB,CD Short Term,2225.26,Y
4270,Deposit,IBB,Money Market,8063.33,Y
4270,Deposit,NIDDA,Checking,17030.91,Y
4270,Deposit,IBB,Savings,13712.77,Y
4270,Loan,N/A,Home Loan,738627.63,Y
4271,Deposit,NIDDA,Checking,3705.91,Y
4271,Deposit,IBB,Savings,4817.69,Y
4271,Credit,N/A,Credit Card,463.11,Y
4271,Loan,N/A,Home Loan,470431.09,Y
4271,Loan,N/A,Personal Loan,37671.84,Y
4272,Deposit,IBB,Money Market,22897.08,Y
4272,Deposit,NIDDA,Checking,15330.9,Y
4272,Deposit,IBB,Savings,5496.32,Y
4272,Credit,N/A,Credit Card,1720.19,Y
4272,Loan,N/A,Home Loan,399922.84,Y
4273,Deposit,IBB,Money Market,1441.1,Y
4273,Deposit,NIDDA,Checking,1836.57,Y
4273,Deposit,IBB,Savings,2175.14,Y
4273,Loan,N/A,Personal Loan,14628.72,Y
4274,Deposit,IBB,CD Long Term,16016.41,Y
4274,Deposit,NIDDA,Checking,33234.46,Y
4274,Loan,N/A,Home Loan,435052.53,Y
4275,Deposit,NIDDA,Checking,2990.26,Y
4275,Deposit,IBB,Savings,5814.85,Y
4275,Loan,N/A,Personal Loan,12104.29,Y
4276,Deposit,IBB,Money Market,4368.01,Y
4276,Deposit,NIDDA,Checking,10820.87,Y
4276,Deposit,IBB,Savings,20113.22,Y
4276,Credit,N/A,Credit Card,949.54,Y
4276,Loan,N/A,Personal Loan,19706.82,Y
4277,Deposit,NIDDA,Checking,1169.03,Y
4277,Deposit,IBB,Savings,1200.75,Y
4277,Credit,N/A,Credit Card,4476.21,Y
4277,Loan,N/A,Home Loan,229939.97,Y
4277,Loan,N/A,Auto Loan,68939.91,Y
4278,Deposit,IBB,Money Market,21162.19,Y
4278,Deposit,NIDDA,Checking,21610.85,Y
4278,Credit,N/A,Credit Card,1114.27,Y
4278,Loan,N/A,Auto Loan,44511.53,Y
4279,Deposit,NIDDA,Checking,1966.07,Y
4279,Deposit,IBB,Savings,11633.75,Y
4279,Credit,N/A,Credit Card,1458.36,Y
4279,Loan,N/A,Auto Loan,48248.77,Y
4280,Deposit,IBB,Money Market,3938.02,Y
4280,Deposit,NIDDA,Checking,7914.87,Y
4280,Deposit,IBB,Savings,5830.4,Y
4280,Credit,N/A,Credit Card,4032.74,Y
4280,Loan,N/A,Personal Loan,10954.55,Y
4281,Deposit,NIDDA,Checking,8332.67,Y
4281,Deposit,IBB,Savings,3780.53,Y
4281,Loan,N/A,Home Loan,657902.51,Y
4282,Deposit,IBB,CD Long Term,7514.25,Y
4282,Deposit,NIDDA,Checking,4047.66,Y
4282,Deposit,IBB,CD Short Term,3907.49,Y
4282,Deposit,IBB,Money Market,8638.72,Y
4282,Deposit,IBB,Savings,14964.22,Y
4283,Deposit,IBB,CD Short Term,14556.6,Y
4283,Deposit,IBB,Money Market,11093.88,Y
4283,Deposit,NIDDA,Checking,1835.8,Y
4283,Deposit,IBB,Savings,11570.34,Y
4284,Deposit,IBB,CD Short Term,33020.22,Y
4284,Deposit,NIDDA,Checking,2635.52,Y
4284,Deposit,IBB,Savings,4317.26,Y
4284,Loan,N/A,Home Loan,318429.51,Y
4284,Loan,N/A,Auto Loan,17282.85,Y
4284,Loan,N/A,Personal Loan,77024.84,Y
4285,Deposit,IBB,Money Market,6802.95,Y
4285,Deposit,NIDDA,Checking,23624.03,Y
4285,Deposit,IBB,Savings,12257.77,Y
4285,Credit,N/A,Credit Card,4034.58,Y
4285,Loan,N/A,Home Loan,410708.02,Y
4285,Loan,N/A,Auto Loan,34717.19,Y
4286,Deposit,IBB,CD Long Term,84796.81,Y
4286,Deposit,NIDDA,Checking,25671.31,Y
4286,Deposit,IBB,CD Short Term,2278.3,Y
4286,Deposit,IBB,Money Market,7323.27,Y
4286,Deposit,IBB,Savings,25035.79,Y
4286,Loan,N/A,Home Loan,560384.76,Y
4287,Deposit,NIDDA,Checking,418.95,Y
4287,Deposit,IBB,Savings,4405.24,Y
4287,Credit,N/A,Credit Card,8630.69,Y
4288,Deposit,IBB,CD Short Term,36428.59,Y
4288,Deposit,NIDDA,Checking,6151.9,Y
4288,Deposit,IBB,Savings,4848.78,Y
4288,Loan,N/A,Home Loan,597065.19,Y
4288,Loan,N/A,Personal Loan,27766.56,Y
4289,Deposit,NIDDA,Checking,3229.9,Y
4289,Deposit,IBB,Savings,13514.82,Y
4289,Credit,N/A,Credit Card,8997.11,Y
4289,Loan,N/A,Auto Loan,22962.91,Y
4290,Deposit,IBB,CD Short Term,13520.29,Y
4290,Deposit,NIDDA,Checking,4281.13,Y
4290,Deposit,IBB,Savings,1774.26,Y
4290,Credit,N/A,Credit Card,1615.13,Y
4290,Loan,N/A,Auto Loan,19711.12,Y
4291,Deposit,IBB,CD Long Term,17070.13,Y
4291,Deposit,IBB,CD Short Term,2099.49,Y
4291,Deposit,NIDDA,Checking,1632.68,Y
4291,Deposit,IBB,Savings,9839.34,Y
4291,Credit,N/A,Credit Card,1267.2,Y
4291,Loan,N/A,Home Loan,158457.61,Y
4291,Loan,N/A,Auto Loan,39962.85,Y
4291,Loan,N/A,Personal Loan,42273.89,Y
4292,Deposit,IBB,Money Market,6109.49,Y
4292,Deposit,NIDDA,Checking,11441.36,Y
4292,Loan,N/A,Home Loan,523697.79,Y
4293,Deposit,IBB,Money Market,101920.77,Y
4293,Deposit,NIDDA,Checking,6421.91,Y
4293,Deposit,IBB,Savings,13550.03,Y
4294,Deposit,IBB,CD Long Term,24008.21,Y
4294,Deposit,IBB,CD Short Term,11603.73,Y
4294,Deposit,NIDDA,Checking,2992.86,Y
4294,Deposit,IBB,Savings,1255.91,Y
4294,Credit,N/A,Credit Card,3769.37,Y
4295,Deposit,NIDDA,Checking,10106.69,Y
4295,Deposit,IBB,Savings,5204.74,Y
4295,Loan,N/A,Auto Loan,17089.72,Y
4296,Deposit,IBB,CD Short Term,6738.39,Y
4296,Deposit,IBB,Money Market,6804.74,Y
4296,Deposit,NIDDA,Checking,3716.91,Y
4296,Deposit,IBB,Savings,6592.54,Y
4296,Credit,N/A,Credit Card,4359.63,Y
4297,Deposit,IBB,CD Short Term,21671.37,Y
4297,Deposit,IBB,Money Market,25610.36,Y
4297,Deposit,NIDDA,Checking,2577.57,Y
4297,Deposit,IBB,Savings,11795.22,Y
4297,Credit,N/A,Credit Card,3883.46,Y
4297,Loan,N/A,Auto Loan,40165.72,Y
4298,Deposit,IBB,Money Market,18690.51,Y
4298,Deposit,NIDDA,Checking,2416.95,Y
4298,Deposit,IBB,Savings,4396.11,Y
4298,Credit,N/A,Credit Card,7112.56,Y
4298,Loan,N/A,Home Loan,261690.68,Y
4299,Deposit,NIDDA,Checking,3696.96,Y
4299,Credit,N/A,Credit Card,3169.52,Y
4300,Deposit,NIDDA,Checking,7586.92,Y
4300,Deposit,IBB,Savings,40392.5,Y
4301,Deposit,IBB,CD Short Term,14220.58,Y
4301,Deposit,IBB,Money Market,15024.02,Y
4301,Deposit,NIDDA,Checking,2565.72,Y
4301,Deposit,IBB,Savings,8072.25,Y
4301,Credit,N/A,Credit Card,866.26,Y
4302,Deposit,IBB,CD Short Term,21269.16,Y
4302,Deposit,IBB,Money Market,1818.13,Y
4302,Deposit,NIDDA,Checking,10125.87,Y
4302,Deposit,IBB,Savings,18563.04,Y
4302,Loan,N/A,Home Loan,1119324.36,Y
4302,Loan,N/A,Personal Loan,8475.6,Y
4303,Deposit,IBB,CD Short Term,17315.98,Y
4303,Deposit,NIDDA,Checking,5285.32,Y
4303,Deposit,IBB,Savings,59911.05,Y
4303,Loan,N/A,Auto Loan,31611.53,Y
4304,Deposit,NIDDA,Checking,3391.2,Y
4304,Deposit,IBB,Savings,4162.14,Y
4304,Loan,N/A,Home Loan,187541.2,Y
4304,Loan,N/A,Personal Loan,6642.74,Y
4305,Deposit,IBB,CD Short Term,31478.66,Y
4305,Deposit,IBB,Money Market,4474.9,Y
4305,Deposit,NIDDA,Checking,4271.24,Y
4305,Deposit,IBB,Savings,2418.69,Y
4306,Deposit,IBB,CD Long Term,5076.09,Y
4306,Deposit,NIDDA,Checking,19877.72,Y
4306,Deposit,IBB,CD Short Term,13591.46,Y
4306,Deposit,IBB,Money Market,15159.02,Y
4306,Deposit,IBB,Savings,13415.58,Y
4306,Credit,N/A,Credit Card,11944.02,Y
4306,Loan,N/A,Home Loan,242106.99,Y
4307,Deposit,NIDDA,Checking,1670.28,Y
4307,Loan,N/A,Home Loan,531465.44,Y
4308,Deposit,NIDDA,Checking,4644.57,Y
4308,Deposit,IBB,Savings,1670.84,Y
4308,Credit,N/A,Credit Card,2470.31,Y
4308,Loan,N/A,Home Loan,1204186.24,Y
4309,Deposit,IBB,CD Short Term,62994.91,Y
4309,Deposit,NIDDA,Checking,1724.62,Y
4309,Loan,N/A,Auto Loan,24607.96,Y
4310,Deposit,IBB,CD Long Term,1920.3,Y
4310,Deposit,IBB,Money Market,9142.38,Y
4310,Deposit,NIDDA,Checking,15927.33,Y
4310,Deposit,IBB,Savings,8024.68,Y
4310,Credit,N/A,Credit Card,7283.23,Y
4310,Loan,N/A,Home Loan,507052.88,Y
4310,Loan,N/A,Auto Loan,39292.27,Y
4311,Deposit,IBB,Money Market,15319.87,Y
4311,Deposit,NIDDA,Checking,32303.1,Y
4311,Loan,N/A,Auto Loan,29864.14,Y
4312,Deposit,IBB,Money Market,40720.1,Y
4312,Deposit,NIDDA,Checking,17891.65,Y
4312,Deposit,IBB,Savings,21014.08,Y
4312,Credit,N/A,Credit Card,4196.94,Y
4313,Deposit,IBB,CD Short Term,18447.86,Y
4313,Deposit,NIDDA,Checking,1476.86,Y
4313,Deposit,IBB,Savings,17617.05,Y
4313,Credit,N/A,Credit Card,1185.87,Y
4314,Deposit,NIDDA,Checking,10125.53,Y
4314,Deposit,IBB,Savings,9710.24,Y
4314,Loan,N/A,Auto Loan,39346.51,Y
4315,Deposit,IBB,CD Long Term,58929.98,Y
4315,Deposit,NIDDA,Checking,1634.44,Y
4315,Deposit,IBB,CD Short Term,27531.66,Y
4315,Deposit,IBB,Money Market,15826.72,Y
4315,Deposit,IBB,Savings,10011.05,Y
4315,Loan,N/A,Auto Loan,60424.72,Y
4316,Deposit,IBB,CD Long Term,12501.12,Y
4316,Deposit,NIDDA,Checking,3255.58,Y
4316,Deposit,IBB,CD Short Term,9323.54,Y
4316,Deposit,IBB,Money Market,6333.39,Y
4316,Deposit,IBB,Savings,9917.13,Y
4316,Loan,N/A,Personal Loan,27543.41,Y
4317,Deposit,IBB,CD Long Term,82456.43,Y
4317,Deposit,NIDDA,Checking,19529.04,Y
4317,Deposit,IBB,CD Short Term,47340.33,Y
4317,Deposit,IBB,Money Market,12722.11,Y
4317,Deposit,IBB,Savings,5070.61,Y
4317,Credit,N/A,Credit Card,4759.35,Y
4318,Deposit,IBB,Money Market,5541.43,Y
4318,Deposit,NIDDA,Checking,13426.28,Y
4318,Credit,N/A,Credit Card,1528.14,Y
4319,Deposit,NIDDA,Checking,711.97,Y
4319,Deposit,IBB,Savings,1940.82,Y
4319,Credit,N/A,Credit Card,822.83,Y
4320,Deposit,IBB,CD Short Term,37500.61,Y
4320,Deposit,NIDDA,Checking,14086.28,Y
4320,Deposit,IBB,Savings,20242.23,Y
4320,Credit,N/A,Credit Card,1252.56,Y
4320,Loan,N/A,Home Loan,1488392.53,Y
4321,Deposit,IBB,Money Market,13628.58,Y
4321,Deposit,NIDDA,Checking,4905.71,Y
4321,Credit,N/A,Credit Card,10862.46,Y
4322,Deposit,NIDDA,Checking,4427.65,Y
4322,Deposit,IBB,Savings,4240.37,Y
4323,Deposit,IBB,Money Market,7174.35,Y
4323,Deposit,NIDDA,Checking,2564.16,Y
4323,Deposit,IBB,Savings,3357.08,Y
4323,Loan,N/A,Auto Loan,49197.21,Y
4324,Deposit,IBB,CD Long Term,21293.9,Y
4324,Deposit,NIDDA,Checking,19735.22,Y
4324,Deposit,IBB,CD Short Term,44861.82,Y
4324,Deposit,IBB,Money Market,6371.6,Y
4324,Deposit,IBB,Savings,21656.33,Y
4324,Credit,N/A,Credit Card,729.57,Y
4325,Deposit,NIDDA,Checking,3228.08,Y
4325,Deposit,IBB,Savings,2543.6,Y
4325,Loan,N/A,Auto Loan,21255.82,Y
4326,Deposit,IBB,CD Short Term,31891.78,Y
4326,Deposit,IBB,Money Market,8656.19,Y
4326,Deposit,NIDDA,Checking,6608.0,Y
4326,Deposit,IBB,Savings,11136.45,Y
4326,Loan,N/A,Auto Loan,27123.35,Y
4327,Deposit,IBB,CD Long Term,10876.92,Y
4327,Deposit,NIDDA,Checking,1236.73,Y
4327,Deposit,IBB,Savings,886.84,Y
4327,Credit,N/A,Credit Card,4174.44,Y
4327,Loan,N/A,Auto Loan,28671.92,Y
4328,Deposit,IBB,CD Long Term,7812.02,Y
4328,Deposit,IBB,Money Market,2065.43,Y
4328,Deposit,NIDDA,Checking,8510.8,Y
4328,Deposit,IBB,Savings,6941.39,Y
4328,Loan,N/A,Home Loan,321565.35,Y
4329,Deposit,IBB,CD Short Term,34817.32,Y
4329,Deposit,IBB,Money Market,34300.27,Y
4329,Deposit,NIDDA,Checking,6221.91,Y
4329,Deposit,IBB,Savings,5384.23,Y
4329,Loan,N/A,Auto Loan,33066.35,Y
4330,Deposit,IBB,Money Market,18535.33,Y
4330,Deposit,NIDDA,Checking,3671.69,Y
4330,Deposit,IBB,Savings,25877.16,Y
4330,Loan,N/A,Auto Loan,9946.93,Y
4331,Deposit,NIDDA,Checking,4875.78,Y
4331,Deposit,IBB,Savings,12362.69,Y
4331,Credit,N/A,Credit Card,3339.76,Y
4331,Loan,N/A,Auto Loan,15829.03,Y
4332,Deposit,IBB,Money Market,17573.05,Y
4332,Deposit,NIDDA,Checking,3084.91,Y
4332,Deposit,IBB,Savings,21649.36,Y
4332,Credit,N/A,Credit Card,6326.93,Y
4332,Loan,N/A,Personal Loan,9935.01,Y
4333,Deposit,IBB,Money Market,7309.54,Y
4333,Deposit,NIDDA,Checking,2222.25,Y
4333,Deposit,IBB,Savings,13770.83,Y
4333,Credit,N/A,Credit Card,6128.79,Y
4333,Loan,N/A,Home Loan,390072.0,Y
4333,Loan,N/A,Personal Loan,13789.95,Y
4334,Deposit,IBB,CD Short Term,10854.49,Y
4334,Deposit,IBB,Money Market,3525.05,Y
4334,Deposit,NIDDA,Checking,5424.48,Y
4334,Deposit,IBB,Savings,15805.79,Y
4334,Loan,N/A,Home Loan,262690.44,Y
4334,Loan,N/A,Auto Loan,65298.7,Y
4335,Deposit,IBB,CD Short Term,8556.02,Y
4335,Deposit,IBB,Money Market,2876.26,Y
4335,Deposit,NIDDA,Checking,3702.83,Y
4335,Credit,N/A,Credit Card,8141.16,Y
4335,Loan,N/A,Home Loan,763241.45,Y
4336,Deposit,IBB,CD Short Term,7018.06,Y
4336,Deposit,NIDDA,Checking,2895.71,Y
4336,Deposit,IBB,Savings,4900.08,Y
4336,Credit,N/A,Credit Card,7947.83,Y
4336,Loan,N/A,Personal Loan,7675.98,Y
4337,Deposit,IBB,CD Short Term,20093.99,Y
4337,Deposit,IBB,Money Market,2523.81,Y
4337,Deposit,NIDDA,Checking,4518.32,Y
4337,Deposit,IBB,Savings,6387.16,Y
4337,Loan,N/A,Home Loan,361505.72,Y
4337,Loan,N/A,Auto Loan,44056.67,Y
4338,Deposit,IBB,CD Short Term,5320.02,Y
4338,Deposit,NIDDA,Checking,1342.73,Y
4338,Deposit,IBB,Savings,6107.01,Y
4338,Credit,N/A,Credit Card,2579.99,Y
4338,Loan,N/A,Home Loan,691470.02,Y
4339,Deposit,IBB,Money Market,2121.56,Y
4339,Deposit,NIDDA,Checking,3233.82,Y
4339,Deposit,IBB,Savings,9681.34,Y
4339,Loan,N/A,Home Loan,386812.1,Y
4340,Deposit,NIDDA,Checking,13163.79,Y
4340,Deposit,IBB,Savings,2961.11,Y
4340,Credit,N/A,Credit Card,1075.88,Y
4341,Deposit,IBB,CD Short Term,1634.51,Y
4341,Deposit,NIDDA,Checking,5241.84,Y
4342,Deposit,IBB,CD Long Term,14086.88,Y
4342,Deposit,IBB,CD Short Term,17839.64,Y
4342,Deposit,NIDDA,Checking,29099.22,Y
4343,Deposit,NIDDA,Checking,4276.49,Y
4343,Credit,N/A,Credit Card,7325.2,Y
4343,Loan,N/A,Home Loan,478856.5,Y
4344,Deposit,IBB,Money Market,6403.11,Y
4344,Deposit,NIDDA,Checking,1481.71,Y
4344,Credit,N/A,Credit Card,1765.19,Y
4345,Deposit,IBB,CD Short Term,5851.3,Y
4345,Deposit,IBB,Money Market,2426.19,Y
4345,Deposit,NIDDA,Checking,4229.8,Y
4345,Deposit,IBB,Savings,2228.25,Y
4345,Credit,N/A,Credit Card,1101.27,Y
4346,Deposit,NIDDA,Checking,8829.55,Y
4346,Deposit,IBB,Savings,5461.82,Y
4346,Credit,N/A,Credit Card,4412.72,Y
4346,Loan,N/A,Home Loan,943702.11,Y
4347,Deposit,NIDDA,Checking,6912.93,Y
4347,Deposit,IBB,Savings,8117.82,Y
4347,Credit,N/A,Credit Card,1453.12,Y
4348,Deposit,IBB,CD Short Term,53705.94,Y
4348,Deposit,NIDDA,Checking,9071.88,Y
4348,Deposit,IBB,Savings,8238.17,Y
4348,Credit,N/A,Credit Card,2312.49,Y
4349,Deposit,IBB,CD Long Term,53574.21,Y
4349,Deposit,IBB,Money Market,5230.05,Y
4349,Deposit,NIDDA,Checking,2453.74,Y
4349,Deposit,IBB,Savings,6648.92,Y
4350,Deposit,NIDDA,Checking,2309.93,Y
4350,Deposit,IBB,Savings,22471.37,Y
4350,Credit,N/A,Credit Card,2479.29,Y
4351,Deposit,IBB,Money Market,42405.38,Y
4351,Deposit,NIDDA,Checking,2091.1,Y
4351,Deposit,IBB,Savings,26078.62,Y
4351,Credit,N/A,Credit Card,4294.8,Y
4351,Loan,N/A,Home Loan,571221.31,Y
4352,Deposit,IBB,CD Short Term,36813.67,Y
4352,Deposit,NIDDA,Checking,7447.79,Y
4352,Deposit,IBB,Savings,36031.31,Y
4352,Credit,N/A,Credit Card,1674.15,Y
4352,Loan,N/A,Home Loan,449092.55,Y
4352,Loan,N/A,Auto Loan,16982.23,Y
4353,Deposit,IBB,CD Short Term,8984.76,Y
4353,Deposit,NIDDA,Checking,885.49,Y
4353,Deposit,IBB,Savings,10798.31,Y
4354,Deposit,NIDDA,Checking,10239.68,Y
4354,Deposit,IBB,Savings,6925.19,Y
4354,Credit,N/A,Credit Card,4583.7,Y
4354,Loan,N/A,Home Loan,526193.35,Y
4355,Deposit,IBB,Money Market,1877.95,Y
4355,Deposit,NIDDA,Checking,4304.48,Y
4355,Deposit,IBB,Savings,11556.92,Y
4355,Credit,N/A,Credit Card,1934.83,Y
4356,Deposit,IBB,Money Market,1922.01,Y
4356,Deposit,NIDDA,Checking,4221.59,Y
4356,Deposit,IBB,Savings,13417.83,Y
4356,Credit,N/A,Credit Card,2796.2,Y
4356,Loan,N/A,Auto Loan,46261.38,Y
4357,Deposit,IBB,Money Market,16055.04,Y
4357,Deposit,NIDDA,Checking,9428.83,Y
4357,Deposit,IBB,Savings,59351.73,Y
4357,Credit,N/A,Credit Card,17706.73,Y
4357,Loan,N/A,Personal Loan,4679.96,Y
4358,Deposit,IBB,CD Long Term,19307.91,Y
4358,Deposit,NIDDA,Checking,16221.1,Y
4358,Deposit,IBB,Savings,31302.55,Y
4359,Deposit,IBB,Money Market,21879.48,Y
4359,Deposit,NIDDA,Checking,983.65,Y
4359,Deposit,IBB,Savings,1530.6,Y
4359,Credit,N/A,Credit Card,2132.89,Y
4359,Loan,N/A,Home Loan,720607.08,Y
4359,Loan,N/A,Personal Loan,12950.17,Y
4360,Deposit,IBB,CD Short Term,13105.18,Y
4360,Deposit,NIDDA,Checking,6927.94,Y
4360,Deposit,IBB,Savings,1643.67,Y
4360,Credit,N/A,Credit Card,4395.27,Y
4360,Loan,N/A,Home Loan,394348.67,Y
4361,Deposit,IBB,CD Short Term,48689.3,Y
4361,Deposit,IBB,Money Market,6288.86,Y
4361,Deposit,NIDDA,Checking,1632.02,Y
4361,Loan,N/A,Home Loan,895833.55,Y
4362,Deposit,IBB,CD Short Term,22831.19,Y
4362,Deposit,NIDDA,Checking,1317.48,Y
4362,Deposit,IBB,Savings,48109.85,Y
4363,Deposit,IBB,CD Short Term,3052.03,Y
4363,Deposit,IBB,Money Market,11350.09,Y
4363,Deposit,NIDDA,Checking,7380.66,Y
4363,Credit,N/A,Credit Card,239.29,Y
4363,Loan,N/A,Home Loan,260404.08,Y
4363,Loan,N/A,Auto Loan,52874.9,Y
4363,Loan,N/A,Personal Loan,25471.62,Y
4364,Deposit,IBB,CD Short Term,5672.38,Y
4364,Deposit,NIDDA,Checking,11359.23,Y
4364,Deposit,IBB,Savings,25605.38,Y
4364,Credit,N/A,Credit Card,570.69,Y
4364,Loan,N/A,Auto Loan,30907.83,Y
4364,Loan,N/A,Personal Loan,11168.37,Y
4365,Deposit,NIDDA,Checking,2870.25,Y
4365,Deposit,IBB,Savings,485.57,Y
4365,Loan,N/A,Home Loan,196408.57,Y
4365,Loan,N/A,Auto Loan,8374.43,Y
4366,Deposit,NIDDA,Checking,30695.19,Y
4366,Deposit,IBB,Savings,3036.92,Y
4367,Deposit,NIDDA,Checking,7018.86,Y
4367,Deposit,IBB,Savings,8631.26,Y
4367,Credit,N/A,Credit Card,3790.41,Y
4368,Deposit,IBB,CD Short Term,140286.56,Y
4368,Deposit,NIDDA,Checking,3128.21,Y
4368,Deposit,IBB,Savings,13540.11,Y
4368,Credit,N/A,Credit Card,2006.75,Y
4369,Deposit,IBB,CD Short Term,4433.66,Y
4369,Deposit,IBB,Money Market,19676.96,Y
4369,Deposit,NIDDA,Checking,4662.57,Y
4370,Deposit,IBB,CD Short Term,12169.53,Y
4370,Deposit,NIDDA,Checking,10570.62,Y
4370,Deposit,IBB,Savings,28400.97,Y
4370,Credit,N/A,Credit Card,1352.01,Y
4370,Loan,N/A,Home Loan,213627.96,Y
4370,Loan,N/A,Auto Loan,42370.6,Y
4370,Loan,N/A,Personal Loan,13644.41,Y
4371,Deposit,IBB,CD Long Term,34544.34,Y
4371,Deposit,IBB,Money Market,9356.5,Y
4371,Deposit,NIDDA,Checking,9043.26,Y
4371,Deposit,IBB,Savings,12649.04,Y
4371,Credit,N/A,Credit Card,1636.61,Y
4372,Deposit,IBB,CD Short Term,44856.16,Y
4372,Deposit,IBB,Money Market,6532.11,Y
4372,Deposit,NIDDA,Checking,64752.0,Y
4372,Loan,N/A,Auto Loan,23009.75,Y
4373,Deposit,IBB,CD Long Term,103582.53,Y
4373,Deposit,NIDDA,Checking,5830.37,Y
4374,Deposit,IBB,CD Short Term,10840.23,Y
4374,Deposit,NIDDA,Checking,4703.02,Y
4374,Credit,N/A,Credit Card,648.87,Y
4375,Deposit,NIDDA,Checking,7285.42,Y
4375,Loan,N/A,Home Loan,454840.2,Y
4376,Deposit,IBB,CD Long Term,60411.97,Y
4376,Deposit,NIDDA,Checking,9167.37,Y
4376,Deposit,IBB,Savings,12823.91,Y
4376,Credit,N/A,Credit Card,4389.15,Y
4376,Loan,N/A,Home Loan,457528.17,Y
4376,Loan,N/A,Personal Loan,36349.38,Y
4377,Deposit,IBB,CD Long Term,36851.69,Y
4377,Deposit,NIDDA,Checking,15770.06,Y
4377,Deposit,IBB,Savings,8077.46,Y
4377,Loan,N/A,Home Loan,741863.73,Y
4377,Loan,N/A,Auto Loan,95486.42,Y
4378,Deposit,IBB,CD Short Term,21249.9,Y
4378,Deposit,IBB,Money Market,2482.98,Y
4378,Deposit,NIDDA,Checking,5600.03,Y
4378,Deposit,IBB,Savings,10185.29,Y
4379,Deposit,IBB,Money Market,23105.47,Y
4379,Deposit,NIDDA,Checking,20251.77,Y
4379,Deposit,IBB,Savings,21528.62,Y
4379,Credit,N/A,Credit Card,1659.34,Y
4379,Loan,N/A,Home Loan,356031.48,Y
4379,Loan,N/A,Auto Loan,46100.82,Y
4380,Deposit,IBB,Money Market,7734.99,Y
4380,Deposit,NIDDA,Checking,1101.07,Y
4380,Deposit,IBB,Savings,14230.08,Y
4380,Loan,N/A,Home Loan,728120.38,Y
4381,Deposit,IBB,CD Short Term,33242.44,Y
4381,Deposit,NIDDA,Checking,18568.81,Y
4381,Credit,N/A,Credit Card,683.44,Y
4381,Loan,N/A,Home Loan,353898.59,Y
4382,Deposit,IBB,CD Short Term,2259.28,Y
4382,Deposit,NIDDA,Checking,2385.95,Y
4382,Credit,N/A,Credit Card,747.21,Y
4382,Loan,N/A,Personal Loan,10872.07,Y
4383,Deposit,IBB,CD Short Term,15471.83,Y
4383,Deposit,NIDDA,Checking,3335.96,Y
4383,Loan,N/A,Home Loan,830809.17,Y
4383,Loan,N/A,Auto Loan,58714.04,Y
4384,Deposit,NIDDA,Checking,6848.15,Y
4384,Deposit,IBB,Savings,6578.56,Y
4384,Credit,N/A,Credit Card,3258.44,Y
4384,Loan,N/A,Personal Loan,4197.44,Y
4385,Deposit,IBB,Money Market,39480.8,Y
4385,Deposit,NIDDA,Checking,2810.44,Y
4385,Deposit,IBB,Savings,1458.97,Y
4386,Deposit,IBB,CD Short Term,7546.32,Y
4386,Deposit,IBB,Money Market,3715.93,Y
4386,Deposit,NIDDA,Checking,8623.19,Y
4386,Deposit,IBB,Savings,11945.33,Y
4386,Credit,N/A,Credit Card,1353.89,Y
4387,Deposit,NIDDA,Checking,11736.52,Y
4387,Deposit,IBB,Savings,1664.12,Y
4388,Deposit,IBB,CD Short Term,15356.99,Y
4388,Deposit,IBB,Money Market,16818.71,Y
4388,Deposit,NIDDA,Checking,16437.94,Y
4388,Deposit,IBB,Savings,32400.77,Y
4388,Credit,N/A,Credit Card,4013.06,Y
4389,Deposit,NIDDA,Checking,12714.3,Y
4389,Deposit,IBB,Savings,3447.8,Y
4389,Credit,N/A,Credit Card,1307.35,Y
4389,Loan,N/A,Auto Loan,35669.33,Y
4390,Deposit,NIDDA,Checking,15187.37,Y
4390,Deposit,IBB,Savings,3414.27,Y
4390,Credit,N/A,Credit Card,4006.53,Y
4391,Deposit,IBB,CD Short Term,9877.26,Y
4391,Deposit,IBB,Money Market,6815.06,Y
4391,Deposit,NIDDA,Checking,8509.35,Y
4392,Deposit,IBB,Money Market,71364.91,Y
4392,Deposit,NIDDA,Checking,1002.26,Y
4392,Deposit,IBB,Savings,10628.72,Y
4393,Deposit,IBB,Money Market,41395.35,Y
4393,Deposit,NIDDA,Checking,616.58,Y
4393,Deposit,IBB,Savings,1940.48,Y
4393,Loan,N/A,Auto Loan,55575.88,Y
4394,Deposit,IBB,CD Short Term,22781.92,Y
4394,Deposit,IBB,Money Market,6827.67,Y
4394,Deposit,NIDDA,Checking,14223.37,Y
4394,Credit,N/A,Credit Card,5088.47,Y
4394,Loan,N/A,Home Loan,519799.57,Y
4395,Deposit,IBB,CD Short Term,10688.97,Y
4395,Deposit,IBB,Money Market,15423.0,Y
4395,Deposit,NIDDA,Checking,6734.93,Y
4395,Deposit,IBB,Savings,3595.0,Y
4395,Credit,N/A,Credit Card,831.02,Y
4396,Deposit,NIDDA,Checking,3341.89,Y
4396,Credit,N/A,Credit Card,478.1,Y
4396,Loan,N/A,Auto Loan,30348.5,Y
4397,Deposit,NIDDA,Checking,16850.5,Y
4397,Deposit,IBB,Savings,8123.36,Y
4397,Loan,N/A,Personal Loan,17581.82,Y
4398,Deposit,IBB,CD Short Term,19371.88,Y
4398,Deposit,NIDDA,Checking,1052.29,Y
4398,Deposit,IBB,Savings,8909.52,Y
4398,Loan,N/A,Auto Loan,62896.0,Y
4399,Deposit,IBB,CD Long Term,9365.38,Y
4399,Deposit,IBB,CD Short Term,12437.61,Y
4399,Deposit,NIDDA,Checking,11874.83,Y
4399,Deposit,IBB,Savings,2811.14,Y
4400,Deposit,NIDDA,Checking,3321.62,Y
4400,Loan,N/A,Auto Loan,84621.62,Y
4400,Loan,N/A,Personal Loan,20140.31,Y
4401,Deposit,NIDDA,Checking,6901.67,Y
4401,Deposit,IBB,Savings,9005.9,Y
4401,Credit,N/A,Credit Card,2446.42,Y
4402,Deposit,IBB,Money Market,9481.68,Y
4402,Deposit,NIDDA,Checking,4100.66,Y
4402,Deposit,IBB,Savings,16289.02,Y
4403,Deposit,IBB,CD Short Term,44582.99,Y
4403,Deposit,NIDDA,Checking,2444.29,Y
4403,Credit,N/A,Credit Card,7469.78,Y
4403,Loan,N/A,Home Loan,352630.56,Y
4403,Loan,N/A,Auto Loan,47038.99,Y
4404,Deposit,IBB,CD Short Term,1461.48,Y
4404,Deposit,NIDDA,Checking,3385.58,Y
4404,Deposit,IBB,Savings,2974.67,Y
4405,Deposit,IBB,Money Market,19723.93,Y
4405,Deposit,NIDDA,Checking,5044.63,Y
4405,Deposit,IBB,Savings,2192.01,Y
4406,Deposit,NIDDA,Checking,3611.79,Y
4406,Deposit,IBB,Savings,21939.72,Y
4406,Credit,N/A,Credit Card,3799.41,Y
4406,Loan,N/A,Personal Loan,25080.96,Y
4407,Deposit,IBB,CD Short Term,24491.23,Y
4407,Deposit,NIDDA,Checking,25822.83,Y
4407,Credit,N/A,Credit Card,729.3,Y
4407,Loan,N/A,Home Loan,605610.09,Y
4407,Loan,N/A,Personal Loan,11784.43,Y
4408,Deposit,IBB,Money Market,8467.91,Y
4408,Deposit,NIDDA,Checking,8641.93,Y
4408,Deposit,IBB,Savings,27721.72,Y
4408,Loan,N/A,Home Loan,322999.0,Y
4409,Deposit,IBB,CD Short Term,6724.01,Y
4409,Deposit,NIDDA,Checking,2455.78,Y
4409,Deposit,IBB,Savings,14417.25,Y
4409,Credit,N/A,Credit Card,3490.05,Y
4410,Deposit,IBB,Money Market,6625.8,Y
4410,Deposit,NIDDA,Checking,20105.95,Y
4410,Deposit,IBB,Savings,2650.3,Y
4411,Deposit,IBB,CD Short Term,9070.96,Y
4411,Deposit,NIDDA,Checking,5722.32,Y
4411,Deposit,IBB,Savings,2265.07,Y
4411,Credit,N/A,Credit Card,2160.53,Y
4411,Loan,N/A,Home Loan,217226.06,Y
4411,Loan,N/A,Auto Loan,111893.48,Y
4412,Deposit,NIDDA,Checking,4931.84,Y
4412,Deposit,IBB,Savings,11398.11,Y
4412,Loan,N/A,Auto Loan,26934.47,Y
4413,Deposit,NIDDA,Checking,12098.9,Y
4413,Credit,N/A,Credit Card,3534.52,Y
4414,Deposit,NIDDA,Checking,7174.09,Y
4414,Deposit,IBB,Savings,17140.11,Y
4414,Credit,N/A,Credit Card,1038.64,Y
4415,Deposit,IBB,CD Short Term,17965.1,Y
4415,Deposit,IBB,Money Market,22469.11,Y
4415,Deposit,NIDDA,Checking,2332.13,Y
4415,Deposit,IBB,Savings,9815.3,Y
4415,Credit,N/A,Credit Card,2222.14,Y
4416,Deposit,IBB,Money Market,17576.4,Y
4416,Deposit,NIDDA,Checking,3900.63,Y
4416,Deposit,IBB,Savings,12343.36,Y
4416,Loan,N/A,Home Loan,386435.37,Y
4417,Deposit,NIDDA,Checking,8495.73,Y
4417,Deposit,IBB,Savings,3883.24,Y
4417,Loan,N/A,Home Loan,305887.18,Y
4417,Loan,N/A,Auto Loan,48215.3,Y
4418,Deposit,IBB,CD Short Term,22037.19,Y
4418,Deposit,NIDDA,Checking,1779.2,Y
4418,Deposit,IBB,Savings,7750.26,Y
4419,Deposit,IBB,CD Short Term,5432.5,Y
4419,Deposit,IBB,Money Market,4310.2,Y
4419,Deposit,NIDDA,Checking,5385.38,Y
4419,Deposit,IBB,Savings,4516.98,Y
4419,Loan,N/A,Home Loan,562629.37,Y
4420,Deposit,IBB,Money Market,24709.01,Y
4420,Deposit,NIDDA,Checking,5173.01,Y
4420,Deposit,IBB,Savings,21083.21,Y
4420,Credit,N/A,Credit Card,3408.45,Y
4421,Deposit,IBB,CD Short Term,15105.5,Y
4421,Deposit,NIDDA,Checking,10255.0,Y
4421,Deposit,IBB,Savings,2281.8,Y
4421,Loan,N/A,Home Loan,248719.63,Y
4422,Deposit,IBB,CD Short Term,17767.85,Y
4422,Deposit,IBB,Money Market,2416.56,Y
4422,Deposit,NIDDA,Checking,4047.34,Y
4422,Credit,N/A,Credit Card,1725.83,Y
4423,Deposit,IBB,CD Long Term,8651.48,Y
4423,Deposit,IBB,CD Short Term,27455.86,Y
4423,Deposit,NIDDA,Checking,8857.93,Y
4423,Deposit,IBB,Savings,13417.25,Y
4423,Credit,N/A,Credit Card,1586.15,Y
4423,Loan,N/A,Home Loan,357428.04,Y
4424,Deposit,IBB,CD Long Term,48219.86,Y
4424,Deposit,NIDDA,Checking,2392.65,Y
4424,Deposit,IBB,CD Short Term,6175.47,Y
4424,Deposit,IBB,Money Market,7707.15,Y
4424,Deposit,IBB,Savings,53418.74,Y
4425,Deposit,IBB,CD Short Term,20853.98,Y
4425,Deposit,NIDDA,Checking,14949.86,Y
4425,Loan,N/A,Auto Loan,32923.26,Y
4425,Loan,N/A,Personal Loan,8404.06,Y
4426,Deposit,NIDDA,Checking,6948.48,Y
4426,Deposit,IBB,Savings,7596.23,Y
4426,Credit,N/A,Credit Card,1296.14,Y
4427,Deposit,IBB,CD Long Term,8272.59,Y
4427,Deposit,IBB,CD Short Term,123920.58,Y
4427,Deposit,NIDDA,Checking,5090.34,Y
4427,Credit,N/A,Credit Card,21116.02,Y
4428,Deposit,IBB,CD Short Term,17729.75,Y
4428,Deposit,NIDDA,Checking,1884.69,Y
4428,Deposit,IBB,Savings,16283.75,Y
4428,Credit,N/A,Credit Card,4700.93,Y
4429,Deposit,IBB,Money Market,32124.73,Y
4429,Deposit,NIDDA,Checking,23995.13,Y
4429,Loan,N/A,Auto Loan,123025.95,Y
4430,Deposit,IBB,CD Short Term,28950.44,Y
4430,Deposit,NIDDA,Checking,2754.55,Y
4430,Deposit,IBB,Savings,1272.35,Y
4430,Loan,N/A,Personal Loan,14051.59,Y
4431,Deposit,IBB,CD Short Term,5435.95,Y
4431,Deposit,IBB,Money Market,30224.09,Y
4431,Deposit,NIDDA,Checking,12031.16,Y
4431,Deposit,IBB,Savings,4466.44,Y
4431,Credit,N/A,Credit Card,4048.76,Y
4431,Loan,N/A,Auto Loan,7344.88,Y
4432,Deposit,IBB,CD Short Term,6165.1,Y
4432,Deposit,NIDDA,Checking,9425.44,Y
4432,Deposit,IBB,Savings,15480.23,Y
4433,Deposit,IBB,CD Short Term,4695.18,Y
4433,Deposit,IBB,Money Market,39038.93,Y
4433,Deposit,NIDDA,Checking,2713.21,Y
4434,Deposit,NIDDA,Checking,2854.39,Y
4434,Deposit,IBB,Savings,12220.69,Y
4434,Credit,N/A,Credit Card,1059.99,Y
4434,Loan,N/A,Personal Loan,27645.73,Y
4435,Deposit,IBB,CD Short Term,28248.89,Y
4435,Deposit,IBB,Money Market,90871.47,Y
4435,Deposit,NIDDA,Checking,7279.58,Y
4435,Deposit,IBB,Savings,14873.22,Y
4435,Credit,N/A,Credit Card,2884.94,Y
4435,Loan,N/A,Auto Loan,21483.44,Y
4436,Deposit,NIDDA,Checking,3250.37,Y
4436,Deposit,IBB,Savings,3696.79,Y
4436,Credit,N/A,Credit Card,882.91,Y
4437,Deposit,IBB,CD Short Term,9057.49,Y
4437,Deposit,IBB,Money Market,4951.14,Y
4437,Deposit,NIDDA,Checking,3003.57,Y
4437,Deposit,IBB,Savings,1359.63,Y
4437,Loan,N/A,Home Loan,253595.13,Y
4437,Loan,N/A,Auto Loan,36850.45,Y
4438,Deposit,IBB,CD Short Term,17827.4,Y
4438,Deposit,NIDDA,Checking,1778.56,Y
4438,Deposit,IBB,Savings,4419.76,Y
4439,Deposit,IBB,CD Short Term,11358.71,Y
4439,Deposit,IBB,Money Market,4175.24,Y
4439,Deposit,NIDDA,Checking,40589.07,Y
4439,Deposit,IBB,Savings,3232.27,Y
4439,Credit,N/A,Credit Card,1250.02,Y
4439,Loan,N/A,Auto Loan,25078.55,Y
4440,Deposit,NIDDA,Checking,2526.38,Y
4440,Deposit,IBB,Savings,1671.27,Y
4441,Deposit,IBB,Money Market,3082.81,Y
4441,Deposit,NIDDA,Checking,1029.2,Y
4441,Deposit,IBB,Savings,23204.12,Y
4441,Credit,N/A,Credit Card,2741.24,Y
4441,Loan,N/A,Home Loan,887512.88,Y
4442,Deposit,IBB,CD Short Term,8427.63,Y
4442,Deposit,NIDDA,Checking,823.25,Y
4442,Credit,N/A,Credit Card,1525.69,Y
4443,Deposit,IBB,CD Long Term,26300.46,Y
4443,Deposit,NIDDA,Checking,29075.03,Y
4443,Deposit,IBB,Savings,5189.37,Y
4443,Credit,N/A,Credit Card,8524.23,Y
4444,Deposit,NIDDA,Checking,5863.5,Y
4444,Deposit,IBB,Savings,10997.03,Y
4444,Credit,N/A,Credit Card,721.06,Y
4445,Deposit,IBB,CD Short Term,26552.75,Y
4445,Deposit,NIDDA,Checking,10596.58,Y
4445,Deposit,IBB,Savings,8571.6,Y
4445,Credit,N/A,Credit Card,2412.73,Y
4446,Deposit,IBB,CD Short Term,18079.35,Y
4446,Deposit,NIDDA,Checking,2353.13,Y
4446,Deposit,IBB,Savings,15230.32,Y
4446,Credit,N/A,Credit Card,4167.34,Y
4446,Loan,N/A,Home Loan,517483.18,Y
4447,Deposit,IBB,CD Long Term,26138.41,Y
4447,Deposit,IBB,Money Market,33765.49,Y
4447,Deposit,NIDDA,Checking,6550.58,Y
4447,Credit,N/A,Credit Card,3150.55,Y
4448,Deposit,IBB,CD Long Term,171368.79,Y
4448,Deposit,IBB,Money Market,18738.34,Y
4448,Deposit,NIDDA,Checking,21829.06,Y
4448,Deposit,IBB,Savings,43459.16,Y
4448,Credit,N/A,Credit Card,1900.99,Y
4448,Loan,N/A,Home Loan,539995.64,Y
4449,Deposit,IBB,Money Market,9944.76,Y
4449,Deposit,NIDDA,Checking,9641.95,Y
4449,Deposit,IBB,Savings,5406.96,Y
4449,Credit,N/A,Credit Card,2354.35,Y
4449,Loan,N/A,Auto Loan,13764.16,Y
4449,Loan,N/A,Personal Loan,12984.67,Y
4450,Deposit,IBB,Money Market,3780.41,Y
4450,Deposit,NIDDA,Checking,32713.57,Y
4450,Deposit,IBB,Savings,10345.02,Y
4450,Credit,N/A,Credit Card,2359.35,Y
4451,Deposit,IBB,Money Market,27377.58,Y
4451,Deposit,NIDDA,Checking,858.49,Y
4451,Deposit,IBB,Savings,2409.99,Y
4451,Loan,N/A,Home Loan,273935.18,Y
4451,Loan,N/A,Auto Loan,48910.68,Y
4451,Loan,N/A,Personal Loan,23052.9,Y
4452,Deposit,NIDDA,Checking,2738.62,Y
4452,Deposit,IBB,Savings,8308.95,Y
4452,Credit,N/A,Credit Card,2468.31,Y
4453,Deposit,IBB,CD Short Term,16566.22,Y
4453,Deposit,NIDDA,Checking,3750.22,Y
4453,Deposit,IBB,Savings,15252.42,Y
4453,Credit,N/A,Credit Card,599.13,Y
4454,Deposit,IBB,CD Short Term,4217.26,Y
4454,Deposit,NIDDA,Checking,2509.7,Y
4454,Deposit,IBB,Savings,3109.01,Y
4454,Credit,N/A,Credit Card,940.62,Y
4454,Loan,N/A,Home Loan,231061.63,Y
4454,Loan,N/A,Auto Loan,92373.42,Y
4455,Deposit,IBB,CD Short Term,10756.0,Y
4455,Deposit,NIDDA,Checking,5176.01,Y
4455,Deposit,IBB,Savings,47314.25,Y
4456,Deposit,NIDDA,Checking,16203.5,Y
4456,Deposit,IBB,Savings,7313.09,Y
4456,Credit,N/A,Credit Card,3037.41,Y
4456,Loan,N/A,Home Loan,634980.69,Y
4456,Loan,N/A,Personal Loan,21669.35,Y
4457,Deposit,IBB,CD Short Term,14792.38,Y
4457,Deposit,IBB,Money Market,1203.93,Y
4457,Deposit,NIDDA,Checking,4426.78,Y
4457,Deposit,IBB,Savings,7976.52,Y
4458,Deposit,IBB,Money Market,11345.33,Y
4458,Deposit,NIDDA,Checking,2959.17,Y
4458,Deposit,IBB,Savings,5324.0,Y
4459,Deposit,IBB,CD Short Term,9797.61,Y
4459,Deposit,IBB,Money Market,23952.04,Y
4459,Deposit,NIDDA,Checking,3129.09,Y
4459,Credit,N/A,Credit Card,11413.52,Y
4460,Deposit,IBB,CD Short Term,48663.36,Y
4460,Deposit,NIDDA,Checking,1532.98,Y
4460,Credit,N/A,Credit Card,4960.82,Y
4461,Deposit,IBB,CD Long Term,95019.07,Y
4461,Deposit,NIDDA,Checking,6804.98,Y
4461,Deposit,IBB,Savings,34758.34,Y
4461,Credit,N/A,Credit Card,1034.61,Y
4461,Loan,N/A,Home Loan,611003.64,Y
4462,Deposit,IBB,CD Long Term,31913.74,Y
4462,Deposit,NIDDA,Checking,6323.09,Y
4462,Deposit,IBB,CD Short Term,10514.1,Y
4462,Deposit,IBB,Money Market,47321.48,Y
4462,Deposit,IBB,Savings,28213.76,Y
4462,Credit,N/A,Credit Card,2791.81,Y
4462,Loan,N/A,Personal Loan,20005.81,Y
4463,Deposit,IBB,CD Short Term,8562.7,Y
4463,Deposit,IBB,Money Market,30170.45,Y
4463,Deposit,NIDDA,Checking,4842.93,Y
4463,Deposit,IBB,Savings,10224.51,Y
4463,Loan,N/A,Auto Loan,59642.7,Y
4464,Deposit,IBB,CD Short Term,4448.25,Y
4464,Deposit,NIDDA,Checking,2185.41,Y
4464,Deposit,IBB,Savings,11644.99,Y
4464,Credit,N/A,Credit Card,2066.07,Y
4464,Loan,N/A,Home Loan,468675.79,Y
4464,Loan,N/A,Auto Loan,76545.77,Y
4465,Deposit,IBB,Money Market,4671.52,Y
4465,Deposit,NIDDA,Checking,6262.83,Y
4465,Deposit,IBB,Savings,1770.08,Y
4466,Deposit,NIDDA,Checking,3017.11,Y
4466,Deposit,IBB,Savings,2217.31,Y
4466,Credit,N/A,Credit Card,772.46,Y
4466,Loan,N/A,Auto Loan,107690.4,Y
4467,Deposit,IBB,Money Market,5791.76,Y
4467,Deposit,NIDDA,Checking,8476.87,Y
4467,Deposit,IBB,Savings,51816.07,Y
4467,Loan,N/A,Auto Loan,73667.09,Y
4468,Deposit,NIDDA,Checking,4514.99,Y
4468,Loan,N/A,Auto Loan,17769.66,Y
4469,Deposit,IBB,CD Long Term,35051.38,Y
4469,Deposit,IBB,CD Short Term,15707.2,Y
4469,Deposit,IBB,Money Market,40189.03,Y
4469,Deposit,NIDDA,Checking,5187.31,Y
4469,Credit,N/A,Credit Card,5489.19,Y
4469,Loan,N/A,Home Loan,316656.09,Y
4470,Deposit,NIDDA,Checking,9835.59,Y
4470,Loan,N/A,Auto Loan,25905.25,Y
4471,Deposit,NIDDA,Checking,10623.51,Y
4471,Deposit,IBB,Savings,2267.38,Y
4471,Credit,N/A,Credit Card,7746.97,Y
4471,Loan,N/A,Auto Loan,61129.95,Y
4472,Deposit,NIDDA,Checking,6714.0,Y
4472,Deposit,IBB,Savings,14430.68,Y
4472,Credit,N/A,Credit Card,824.01,Y
4472,Loan,N/A,Home Loan,1442027.68,Y
4473,Deposit,NIDDA,Checking,1424.88,Y
4473,Deposit,IBB,Savings,2398.81,Y
4473,Credit,N/A,Credit Card,1926.26,Y
4473,Loan,N/A,Personal Loan,32622.76,Y
4474,Deposit,IBB,CD Long Term,4183.85,Y
4474,Deposit,IBB,Money Market,2253.78,Y
4474,Deposit,NIDDA,Checking,6783.54,Y
4474,Deposit,IBB,Savings,7372.47,Y
4474,Credit,N/A,Credit Card,1929.86,Y
4474,Loan,N/A,Home Loan,316609.22,Y
4475,Deposit,IBB,Money Market,31397.64,Y
4475,Deposit,NIDDA,Checking,5239.84,Y
4475,Credit,N/A,Credit Card,1024.94,Y
4475,Loan,N/A,Home Loan,613769.94,Y
4476,Deposit,NIDDA,Checking,6299.06,Y
4476,Deposit,IBB,Savings,5254.5,Y
4476,Credit,N/A,Credit Card,5778.75,Y
4476,Loan,N/A,Home Loan,662428.22,Y
4477,Deposit,NIDDA,Checking,16389.21,Y
4477,Credit,N/A,Credit Card,8097.58,Y
4477,Loan,N/A,Personal Loan,73223.66,Y
4478,Deposit,IBB,CD Short Term,23785.92,Y
4478,Deposit,IBB,Money Market,2576.73,Y
4478,Deposit,NIDDA,Checking,5655.96,Y
4478,Credit,N/A,Credit Card,2128.76,Y
4479,Deposit,IBB,Money Market,11308.67,Y
4479,Deposit,NIDDA,Checking,5554.09,Y
4479,Deposit,IBB,Savings,9050.62,Y
4479,Loan,N/A,Home Loan,1122034.74,Y
4480,Deposit,NIDDA,Checking,1176.72,Y
4480,Deposit,IBB,Savings,14238.5,Y
4480,Credit,N/A,Credit Card,2541.07,Y
4480,Loan,N/A,Auto Loan,22386.55,Y
4481,Deposit,IBB,Money Market,2936.03,Y
4481,Deposit,NIDDA,Checking,1304.34,Y
4481,Deposit,IBB,Savings,3090.18,Y
4481,Credit,N/A,Credit Card,4207.72,Y
4481,Loan,N/A,Home Loan,283141.77,Y
4481,Loan,N/A,Personal Loan,10052.4,Y
4482,Deposit,IBB,CD Long Term,74722.27,Y
4482,Deposit,IBB,CD Short Term,5255.79,Y
4482,Deposit,IBB,Money Market,4761.72,Y
4482,Deposit,NIDDA,Checking,8252.9,Y
4482,Credit,N/A,Credit Card,3052.69,Y
4482,Loan,N/A,Home Loan,648131.35,Y
4483,Deposit,NIDDA,Checking,1388.64,Y
4483,Deposit,IBB,Savings,4904.89,Y
4484,Deposit,IBB,Money Market,3912.77,Y
4484,Deposit,NIDDA,Checking,2273.37,Y
4484,Deposit,IBB,Savings,13433.09,Y
4484,Credit,N/A,Credit Card,5566.21,Y
4484,Loan,N/A,Home Loan,444021.09,Y
4485,Deposit,IBB,Money Market,2953.46,Y
4485,Deposit,NIDDA,Checking,14118.48,Y
4485,Deposit,IBB,Savings,3134.04,Y
4485,Credit,N/A,Credit Card,10069.66,Y
4486,Deposit,NIDDA,Checking,6705.03,Y
4486,Deposit,IBB,Savings,5307.3,Y
4486,Credit,N/A,Credit Card,1877.67,Y
4486,Loan,N/A,Auto Loan,44065.25,Y
4486,Loan,N/A,Personal Loan,12310.67,Y
4487,Deposit,IBB,CD Short Term,146878.03,Y
4487,Deposit,NIDDA,Checking,14326.12,Y
4487,Deposit,IBB,Savings,59696.73,Y
4488,Deposit,NIDDA,Checking,7830.22,Y
4488,Deposit,IBB,Savings,4113.87,Y
4488,Credit,N/A,Credit Card,2498.69,Y
4488,Loan,N/A,Auto Loan,28861.68,Y
4489,Deposit,IBB,CD Short Term,4367.33,Y
4489,Deposit,IBB,Money Market,44782.75,Y
4489,Deposit,NIDDA,Checking,2439.81,Y
4489,Deposit,IBB,Savings,3813.37,Y
4489,Credit,N/A,Credit Card,1952.41,Y
4490,Deposit,IBB,CD Short Term,57754.84,Y
4490,Deposit,NIDDA,Checking,14574.96,Y
4490,Deposit,IBB,Savings,8729.94,Y
4490,Credit,N/A,Credit Card,5411.33,Y
4490,Loan,N/A,Home Loan,555393.02,Y
4491,Deposit,IBB,Money Market,4118.95,Y
4491,Deposit,NIDDA,Checking,3997.56,Y
4491,Deposit,IBB,Savings,8671.13,Y
4492,Deposit,NIDDA,Checking,21447.87,Y
4492,Deposit,IBB,Savings,2057.38,Y
4492,Credit,N/A,Credit Card,1587.13,Y
4493,Deposit,NIDDA,Checking,9359.75,Y
4493,Deposit,IBB,Savings,15261.29,Y
4494,Deposit,NIDDA,Checking,1230.73,Y
4494,Deposit,IBB,Savings,13721.81,Y
4495,Deposit,IBB,CD Long Term,23089.93,Y
4495,Deposit,NIDDA,Checking,7162.31,Y
4495,Deposit,IBB,CD Short Term,37145.24,Y
4495,Deposit,IBB,Money Market,21942.83,Y
4495,Deposit,IBB,Savings,19175.66,Y
4495,Credit,N/A,Credit Card,1833.71,Y
4495,Loan,N/A,Personal Loan,23375.67,Y
4496,Deposit,IBB,CD Long Term,71999.94,Y
4496,Deposit,IBB,Money Market,6165.65,Y
4496,Deposit,NIDDA,Checking,9236.01,Y
4496,Deposit,IBB,Savings,4366.62,Y
4496,Loan,N/A,Auto Loan,57051.35,Y
4497,Deposit,IBB,CD Long Term,121300.18,Y
4497,Deposit,IBB,Money Market,22651.84,Y
4497,Deposit,NIDDA,Checking,16002.84,Y
4497,Deposit,IBB,Savings,14741.03,Y
4497,Loan,N/A,Personal Loan,17153.98,Y
4498,Deposit,NIDDA,Checking,2249.15,Y
4498,Credit,N/A,Credit Card,1919.44,Y
4498,Loan,N/A,Auto Loan,42896.23,Y
4499,Deposit,IBB,CD Short Term,28628.55,Y
4499,Deposit,IBB,Money Market,9950.15,Y
4499,Deposit,NIDDA,Checking,667.34,Y
4499,Deposit,IBB,Savings,2280.1,Y
4500,Deposit,IBB,CD Long Term,10973.24,Y
4500,Deposit,IBB,Money Market,36981.31,Y
4500,Deposit,NIDDA,Checking,3045.69,Y
4500,Deposit,IBB,Savings,3563.03,Y
4501,Deposit,IBB,CD Short Term,6165.69,Y
4501,Deposit,IBB,Money Market,9605.57,Y
4501,Deposit,NIDDA,Checking,20079.54,Y
4501,Deposit,IBB,Savings,1464.53,Y
4501,Credit,N/A,Credit Card,7896.91,Y
4501,Loan,N/A,Home Loan,622858.49,Y
4502,Deposit,IBB,CD Long Term,8984.24,Y
4502,Deposit,IBB,Money Market,1268.89,Y
4502,Deposit,NIDDA,Checking,1783.41,Y
4502,Deposit,IBB,Savings,19797.25,Y
4503,Deposit,IBB,CD Long Term,12187.32,Y
4503,Deposit,IBB,Money Market,42366.81,Y
4503,Deposit,NIDDA,Checking,24856.15,Y
4503,Deposit,IBB,Savings,21736.46,Y
4503,Credit,N/A,Credit Card,1204.16,Y
4503,Loan,N/A,Home Loan,314306.4,Y
4503,Loan,N/A,Auto Loan,39148.9,Y
4504,Deposit,IBB,Money Market,19678.55,Y
4504,Deposit,NIDDA,Checking,10239.49,Y
4504,Loan,N/A,Home Loan,562639.92,Y
4504,Loan,N/A,Auto Loan,65548.24,Y
4504,Loan,N/A,Personal Loan,16951.55,Y
4505,Deposit,NIDDA,Checking,16414.66,Y
4505,Deposit,IBB,Savings,1339.65,Y
4505,Credit,N/A,Credit Card,2878.08,Y
4506,Deposit,IBB,CD Short Term,54983.21,Y
4506,Deposit,IBB,Money Market,9022.91,Y
4506,Deposit,NIDDA,Checking,1311.05,Y
4506,Deposit,IBB,Savings,7355.86,Y
4506,Credit,N/A,Credit Card,1041.09,Y
4506,Loan,N/A,Home Loan,347627.45,Y
4507,Deposit,IBB,Money Market,29801.98,Y
4507,Deposit,NIDDA,Checking,3416.07,Y
4507,Loan,N/A,Home Loan,645080.84,Y
4508,Deposit,IBB,CD Short Term,8514.94,Y
4508,Deposit,NIDDA,Checking,2654.61,Y
4508,Credit,N/A,Credit Card,6434.9,Y
4509,Deposit,IBB,CD Short Term,4055.16,Y
4509,Deposit,NIDDA,Checking,3720.07,Y
4509,Deposit,IBB,Savings,19018.46,Y
4509,Credit,N/A,Credit Card,4790.25,Y
4510,Deposit,NIDDA,Checking,57054.38,Y
4510,Deposit,IBB,Savings,2971.57,Y
4510,Credit,N/A,Credit Card,2606.95,Y
4511,Deposit,IBB,CD Long Term,4718.85,Y
4511,Deposit,IBB,CD Short Term,10169.69,Y
4511,Deposit,NIDDA,Checking,4697.22,Y
4511,Deposit,IBB,Savings,6138.47,Y
4511,Loan,N/A,Auto Loan,40962.91,Y
4512,Deposit,IBB,CD Short Term,23315.57,Y
4512,Deposit,NIDDA,Checking,20350.54,Y
4512,Deposit,IBB,Savings,20355.15,Y
4512,Loan,N/A,Auto Loan,44438.39,Y
4513,Deposit,IBB,CD Short Term,139702.5,Y
4513,Deposit,NIDDA,Checking,14358.86,Y
4513,Deposit,IBB,Savings,32516.02,Y
4513,Credit,N/A,Credit Card,1988.45,Y
4514,Deposit,IBB,CD Short Term,23189.86,Y
4514,Deposit,IBB,Money Market,16750.67,Y
4514,Deposit,NIDDA,Checking,3906.64,Y
4515,Deposit,IBB,CD Long Term,11125.59,Y
4515,Deposit,NIDDA,Checking,2458.68,Y
4515,Deposit,IBB,CD Short Term,38735.44,Y
4515,Deposit,IBB,Money Market,12094.44,Y
4515,Deposit,IBB,Savings,1236.16,Y
4515,Loan,N/A,Home Loan,401834.67,Y
4516,Deposit,NIDDA,Checking,4885.46,Y
4516,Credit,N/A,Credit Card,545.9,Y
4516,Loan,N/A,Auto Loan,14939.92,Y
4517,Deposit,NIDDA,Checking,4673.13,Y
4517,Deposit,IBB,Savings,11341.08,Y
4517,Credit,N/A,Credit Card,1571.0,Y
4517,Loan,N/A,Home Loan,958276.76,Y
4517,Loan,N/A,Personal Loan,12152.13,Y
4518,Deposit,NIDDA,Checking,8757.81,Y
4518,Deposit,IBB,Savings,6024.63,Y
4518,Loan,N/A,Home Loan,602936.08,Y
4519,Deposit,IBB,CD Long Term,9090.47,Y
4519,Deposit,NIDDA,Checking,5422.21,Y
4519,Deposit,IBB,CD Short Term,126325.84,Y
4519,Deposit,IBB,Money Market,43196.23,Y
4519,Deposit,IBB,Savings,3784.24,Y
4519,Credit,N/A,Credit Card,1776.87,Y
4520,Deposit,NIDDA,Checking,744.31,Y
4520,Deposit,IBB,Savings,2443.74,Y
4520,Credit,N/A,Credit Card,212.17,Y
4521,Deposit,IBB,CD Short Term,28238.86,Y
4521,Deposit,NIDDA,Checking,1987.23,Y
4521,Deposit,IBB,Savings,1132.78,Y
4522,Deposit,IBB,CD Short Term,41269.51,Y
4522,Deposit,IBB,Money Market,11921.2,Y
4522,Deposit,NIDDA,Checking,4587.65,Y
4522,Deposit,IBB,Savings,7251.97,Y
4522,Credit,N/A,Credit Card,2110.85,Y
4523,Deposit,IBB,Money Market,12435.73,Y
4523,Deposit,NIDDA,Checking,11526.33,Y
4523,Credit,N/A,Credit Card,1561.56,Y
4524,Deposit,NIDDA,Checking,3570.17,Y
4524,Deposit,IBB,Savings,11886.37,Y
4525,Deposit,NIDDA,Checking,4856.34,Y
4525,Deposit,IBB,Savings,10614.84,Y
4526,Deposit,IBB,CD Long Term,20729.16,Y
4526,Deposit,NIDDA,Checking,1369.77,Y
4526,Deposit,IBB,CD Short Term,8995.98,Y
4526,Deposit,IBB,Money Market,7619.05,Y
4526,Deposit,IBB,Savings,3459.45,Y
4526,Loan,N/A,Home Loan,758916.45,Y
4527,Deposit,NIDDA,Checking,2212.18,Y
4527,Deposit,IBB,Savings,2552.02,Y
4527,Credit,N/A,Credit Card,7987.42,Y
4527,Loan,N/A,Personal Loan,23856.7,Y
4528,Deposit,IBB,Money Market,39017.16,Y
4528,Deposit,NIDDA,Checking,2484.0,Y
4528,Deposit,IBB,Savings,19782.85,Y
4528,Credit,N/A,Credit Card,1026.92,Y
4528,Loan,N/A,Auto Loan,68289.79,Y
4528,Loan,N/A,Personal Loan,15605.21,Y
4529,Deposit,NIDDA,Checking,4089.48,Y
4529,Deposit,IBB,Savings,3237.73,Y
4529,Credit,N/A,Credit Card,3180.37,Y
4529,Loan,N/A,Home Loan,534178.6,Y
4530,Deposit,IBB,CD Long Term,6357.54,Y
4530,Deposit,NIDDA,Checking,11149.16,Y
4530,Loan,N/A,Home Loan,652114.26,Y
4531,Deposit,IBB,CD Short Term,11220.97,Y
4531,Deposit,IBB,Money Market,4761.35,Y
4531,Deposit,NIDDA,Checking,1738.37,Y
4531,Deposit,IBB,Savings,26790.57,Y
4532,Deposit,IBB,CD Long Term,80829.26,Y
4532,Deposit,IBB,CD Short Term,9700.82,Y
4532,Deposit,NIDDA,Checking,15964.14,Y
4532,Deposit,IBB,Savings,23395.5,Y
4532,Credit,N/A,Credit Card,3802.19,Y
4532,Loan,N/A,Home Loan,166704.93,Y
4532,Loan,N/A,Auto Loan,50188.38,Y
4533,Deposit,IBB,CD Long Term,21024.07,Y
4533,Deposit,IBB,CD Short Term,15052.61,Y
4533,Deposit,NIDDA,Checking,24656.01,Y
4533,Deposit,IBB,Savings,3035.64,Y
4533,Credit,N/A,Credit Card,3275.03,Y
4534,Deposit,IBB,CD Short Term,4422.02,Y
4534,Deposit,IBB,Money Market,5461.8,Y
4534,Deposit,NIDDA,Checking,4115.93,Y
4534,Deposit,IBB,Savings,96204.28,Y
4534,Loan,N/A,Home Loan,122598.42,Y
4534,Loan,N/A,Auto Loan,74335.21,Y
4535,Deposit,IBB,CD Long Term,17327.53,Y
4535,Deposit,IBB,CD Short Term,58232.25,Y
4535,Deposit,NIDDA,Checking,1188.2,Y
4535,Deposit,IBB,Savings,10253.06,Y
4535,Credit,N/A,Credit Card,6052.51,Y
4536,Deposit,IBB,CD Short Term,34726.91,Y
4536,Deposit,IBB,Money Market,16361.2,Y
4536,Deposit,NIDDA,Checking,3797.93,Y
4536,Deposit,IBB,Savings,2335.22,Y
4536,Credit,N/A,Credit Card,2783.32,Y
4536,Loan,N/A,Home Loan,198649.52,Y
4537,Deposit,IBB,Money Market,11200.53,Y
4537,Deposit,NIDDA,Checking,7036.73,Y
4537,Deposit,IBB,Savings,11545.23,Y
4537,Credit,N/A,Credit Card,2704.06,Y
4537,Loan,N/A,Home Loan,1245329.39,Y
4537,Loan,N/A,Auto Loan,35423.78,Y
4538,Deposit,IBB,CD Long Term,11757.35,Y
4538,Deposit,IBB,CD Short Term,8821.82,Y
4538,Deposit,NIDDA,Checking,5895.29,Y
4538,Deposit,IBB,Savings,28479.07,Y
4539,Deposit,IBB,CD Short Term,9171.18,Y
4539,Deposit,NIDDA,Checking,2700.08,Y
4539,Deposit,IBB,Savings,15729.55,Y
4539,Credit,N/A,Credit Card,426.23,Y
4540,Deposit,IBB,Money Market,40086.07,Y
4540,Deposit,NIDDA,Checking,307.11,Y
4541,Deposit,IBB,Money Market,25721.53,Y
4541,Deposit,NIDDA,Checking,9163.59,Y
4541,Deposit,IBB,Savings,1884.81,Y
4541,Credit,N/A,Credit Card,744.75,Y
4541,Loan,N/A,Auto Loan,37414.65,Y
4542,Deposit,NIDDA,Checking,1870.46,Y
4542,Deposit,IBB,Savings,6210.1,Y
4542,Credit,N/A,Credit Card,5639.46,Y
4542,Loan,N/A,Auto Loan,34364.36,Y
4543,Deposit,IBB,CD Long Term,38905.54,Y
4543,Deposit,IBB,CD Short Term,13994.32,Y
4543,Deposit,NIDDA,Checking,3353.97,Y
4543,Loan,N/A,Personal Loan,32148.53,Y
4544,Deposit,IBB,CD Long Term,4613.34,Y
4544,Deposit,IBB,CD Short Term,7769.9,Y
4544,Deposit,NIDDA,Checking,2650.52,Y
4544,Deposit,IBB,Savings,915.53,Y
4544,Credit,N/A,Credit Card,14474.17,Y
4544,Loan,N/A,Personal Loan,34444.61,Y
4545,Deposit,IBB,CD Long Term,12333.7,Y
4545,Deposit,NIDDA,Checking,644.31,Y
4545,Deposit,IBB,Savings,47533.93,Y
4545,Loan,N/A,Home Loan,431951.08,Y
4546,Deposit,NIDDA,Checking,628.77,Y
4546,Deposit,IBB,Savings,51924.71,Y
4546,Loan,N/A,Home Loan,176793.99,Y
4546,Loan,N/A,Auto Loan,18058.08,Y
4547,Deposit,IBB,Money Market,42292.76,Y
4547,Deposit,NIDDA,Checking,5099.89,Y
4547,Credit,N/A,Credit Card,1254.57,Y
4548,Deposit,IBB,Money Market,6932.78,Y
4548,Deposit,NIDDA,Checking,1353.21,Y
4548,Deposit,IBB,Savings,5825.41,Y
4548,Credit,N/A,Credit Card,607.63,Y
4548,Loan,N/A,Personal Loan,7806.91,Y
4549,Deposit,NIDDA,Checking,3822.92,Y
4549,Deposit,IBB,Savings,9903.52,Y
4549,Credit,N/A,Credit Card,2277.36,Y
4550,Deposit,NIDDA,Checking,13622.15,Y
4550,Deposit,IBB,Savings,11265.58,Y
4550,Loan,N/A,Auto Loan,30786.47,Y
4551,Deposit,IBB,CD Short Term,3119.28,Y
4551,Deposit,NIDDA,Checking,5519.72,Y
4551,Deposit,IBB,Savings,1072.34,Y
4552,Deposit,IBB,CD Long Term,48598.33,Y
4552,Deposit,IBB,CD Short Term,16682.6,Y
4552,Deposit,NIDDA,Checking,4993.17,Y
4552,Credit,N/A,Credit Card,1014.69,Y
4552,Loan,N/A,Auto Loan,60396.75,Y
4553,Deposit,NIDDA,Checking,18025.54,Y
4553,Deposit,IBB,Savings,3020.11,Y
4553,Credit,N/A,Credit Card,613.63,Y
4553,Loan,N/A,Personal Loan,13802.5,Y
4554,Deposit,IBB,CD Short Term,20946.79,Y
4554,Deposit,NIDDA,Checking,2461.45,Y
4554,Deposit,IBB,Savings,5548.1,Y
4554,Loan,N/A,Auto Loan,82678.2,Y
4554,Loan,N/A,Personal Loan,15757.57,Y
4555,Deposit,NIDDA,Checking,8074.06,Y
4555,Deposit,IBB,Savings,1276.56,Y
4555,Credit,N/A,Credit Card,2085.07,Y
4556,Deposit,IBB,Money Market,2245.47,Y
4556,Deposit,NIDDA,Checking,38638.7,Y
4556,Deposit,IBB,Savings,4374.29,Y
4556,Credit,N/A,Credit Card,727.87,Y
4556,Loan,N/A,Home Loan,487216.73,Y
4556,Loan,N/A,Auto Loan,37395.57,Y
4557,Deposit,IBB,CD Long Term,13132.71,Y
4557,Deposit,IBB,CD Short Term,9899.16,Y
4557,Deposit,NIDDA,Checking,8437.9,Y
4558,Deposit,IBB,CD Short Term,6566.06,Y
4558,Deposit,IBB,Money Market,12643.61,Y
4558,Deposit,NIDDA,Checking,3047.52,Y
4558,Deposit,IBB,Savings,9135.37,Y
4558,Loan,N/A,Home Loan,373865.24,Y
4559,Deposit,IBB,CD Short Term,79851.8,Y
4559,Deposit,NIDDA,Checking,23688.3,Y
4559,Loan,N/A,Home Loan,309713.48,Y
4559,Loan,N/A,Auto Loan,53224.06,Y
4560,Deposit,IBB,Money Market,12562.11,Y
4560,Deposit,NIDDA,Checking,5314.18,Y
4560,Deposit,IBB,Savings,1284.64,Y
4560,Credit,N/A,Credit Card,2579.91,Y
4561,Deposit,IBB,CD Short Term,15568.47,Y
4561,Deposit,NIDDA,Checking,31633.75,Y
4561,Loan,N/A,Personal Loan,35532.7,Y
4562,Deposit,IBB,CD Long Term,15138.82,Y
4562,Deposit,IBB,Money Market,8550.99,Y
4562,Deposit,NIDDA,Checking,10679.4,Y
4562,Deposit,IBB,Savings,8426.26,Y
4562,Loan,N/A,Home Loan,441133.43,Y
4563,Deposit,NIDDA,Checking,4837.9,Y
4563,Loan,N/A,Home Loan,534549.86,Y
4563,Loan,N/A,Auto Loan,62272.68,Y
4564,Deposit,IBB,CD Short Term,36370.6,Y
4564,Deposit,NIDDA,Checking,29217.48,Y
4564,Deposit,IBB,Savings,14783.21,Y
4565,Deposit,IBB,CD Long Term,28699.16,Y
4565,Deposit,NIDDA,Checking,5861.88,Y
4565,Loan,N/A,Home Loan,332146.28,Y
4565,Loan,N/A,Auto Loan,26946.97,Y
4566,Deposit,IBB,CD Long Term,24536.85,Y
4566,Deposit,IBB,CD Short Term,38009.26,Y
4566,Deposit,NIDDA,Checking,2913.51,Y
4566,Deposit,IBB,Savings,2726.22,Y
4567,Deposit,IBB,CD Long Term,76738.58,Y
4567,Deposit,IBB,Money Market,6569.87,Y
4567,Deposit,NIDDA,Checking,1973.35,Y
4567,Loan,N/A,Auto Loan,29837.88,Y
4568,Deposit,NIDDA,Checking,1569.08,Y
4568,Deposit,IBB,Savings,9165.29,Y
4568,Credit,N/A,Credit Card,361.58,Y
4568,Loan,N/A,Personal Loan,42440.58,Y
4569,Deposit,IBB,Money Market,5925.83,Y
4569,Deposit,NIDDA,Checking,3422.3,Y
4569,Loan,N/A,Home Loan,319948.22,Y
4570,Deposit,NIDDA,Checking,5652.67,Y
4570,Loan,N/A,Home Loan,569700.54,Y
4571,Deposit,NIDDA,Checking,11263.05,Y
4571,Deposit,IBB,Savings,23094.68,Y
4572,Deposit,IBB,CD Short Term,3112.9,Y
4572,Deposit,NIDDA,Checking,3859.01,Y
4573,Deposit,IBB,CD Short Term,1653.57,Y
4573,Deposit,NIDDA,Checking,2241.97,Y
4573,Deposit,IBB,Savings,7725.8,Y
4573,Loan,N/A,Auto Loan,31641.82,Y
4574,Deposit,IBB,Money Market,35264.32,Y
4574,Deposit,NIDDA,Checking,15511.34,Y
4574,Deposit,IBB,Savings,5822.57,Y
4574,Credit,N/A,Credit Card,222.33,Y
4574,Loan,N/A,Auto Loan,47260.16,Y
4575,Deposit,IBB,CD Long Term,49849.49,Y
4575,Deposit,NIDDA,Checking,8691.79,Y
4575,Deposit,IBB,Savings,6395.41,Y
4576,Deposit,IBB,CD Short Term,5016.44,Y
4576,Deposit,NIDDA,Checking,5409.52,Y
4576,Deposit,IBB,Savings,21749.49,Y
4576,Credit,N/A,Credit Card,1274.57,Y
4576,Loan,N/A,Auto Loan,68529.17,Y
4577,Deposit,NIDDA,Checking,1303.15,Y
4577,Deposit,IBB,Savings,841.29,Y
4577,Credit,N/A,Credit Card,639.54,Y
4578,Deposit,NIDDA,Checking,7338.29,Y
4578,Deposit,IBB,Savings,8018.83,Y
4578,Loan,N/A,Home Loan,630699.6,Y
4578,Loan,N/A,Auto Loan,20799.09,Y
4579,Deposit,NIDDA,Checking,2996.1,Y
4579,Loan,N/A,Personal Loan,5731.42,Y
4580,Deposit,IBB,CD Long Term,7052.08,Y
4580,Deposit,NIDDA,Checking,2506.09,Y
4580,Deposit,IBB,CD Short Term,2982.38,Y
4580,Deposit,IBB,Money Market,9859.62,Y
4580,Deposit,IBB,Savings,10739.04,Y
4580,Credit,N/A,Credit Card,3764.0,Y
4580,Loan,N/A,Auto Loan,19548.04,Y
4581,Deposit,NIDDA,Checking,7717.84,Y
4581,Deposit,IBB,Savings,2748.64,Y
4582,Deposit,IBB,CD Short Term,29837.05,Y
4582,Deposit,NIDDA,Checking,1980.14,Y
4582,Deposit,IBB,Savings,14685.23,Y
4582,Credit,N/A,Credit Card,5292.53,Y
4582,Loan,N/A,Home Loan,417453.29,Y
4583,Deposit,NIDDA,Checking,1469.53,Y
4583,Deposit,IBB,Savings,4806.61,Y
4583,Credit,N/A,Credit Card,1440.34,Y
4583,Loan,N/A,Auto Loan,37011.18,Y
4584,Deposit,IBB,Money Market,11342.26,Y
4584,Deposit,NIDDA,Checking,1737.47,Y
4584,Deposit,IBB,Savings,6400.51,Y
4584,Credit,N/A,Credit Card,3243.17,Y
4585,Deposit,IBB,Money Market,92373.39,Y
4585,Deposit,NIDDA,Checking,13554.06,Y
4585,Deposit,IBB,Savings,4705.75,Y
4585,Credit,N/A,Credit Card,573.35,Y
4586,Deposit,NIDDA,Checking,5977.54,Y
4586,Loan,N/A,Home Loan,350573.9,Y
4587,Deposit,IBB,CD Short Term,19026.16,Y
4587,Deposit,NIDDA,Checking,10006.35,Y
4587,Credit,N/A,Credit Card,3096.07,Y
4588,Deposit,NIDDA,Checking,2786.66,Y
4588,Deposit,IBB,Savings,17794.6,Y
4588,Credit,N/A,Credit Card,549.78,Y
4588,Loan,N/A,Home Loan,728386.62,Y
4589,Deposit,IBB,CD Short Term,12675.38,Y
4589,Deposit,IBB,Money Market,2627.88,Y
4589,Deposit,NIDDA,Checking,4208.31,Y
4589,Deposit,IBB,Savings,3286.73,Y
4589,Credit,N/A,Credit Card,12039.41,Y
4589,Loan,N/A,Home Loan,452165.4,Y
4590,Deposit,IBB,Money Market,3051.45,Y
4590,Deposit,NIDDA,Checking,2463.05,Y
4590,Deposit,IBB,Savings,17042.95,Y
4590,Loan,N/A,Personal Loan,13283.63,Y
4591,Deposit,IBB,Money Market,8719.9,Y
4591,Deposit,NIDDA,Checking,22431.88,Y
4591,Deposit,IBB,Savings,18341.7,Y
4591,Credit,N/A,Credit Card,844.53,Y
4591,Loan,N/A,Auto Loan,23687.48,Y
4592,Deposit,IBB,Money Market,13383.55,Y
4592,Deposit,NIDDA,Checking,7350.7,Y
4592,Deposit,IBB,Savings,2457.81,Y
4592,Credit,N/A,Credit Card,2165.2,Y
4593,Deposit,IBB,CD Short Term,20785.65,Y
4593,Deposit,IBB,Money Market,19954.24,Y
4593,Deposit,NIDDA,Checking,4533.59,Y
4593,Deposit,IBB,Savings,4062.4,Y
4593,Credit,N/A,Credit Card,9333.86,Y
4593,Loan,N/A,Personal Loan,16866.41,Y
4594,Deposit,IBB,CD Long Term,9237.81,Y
4594,Deposit,IBB,Money Market,4347.45,Y
4594,Deposit,NIDDA,Checking,3627.25,Y
4594,Deposit,IBB,Savings,10915.07,Y
4595,Deposit,IBB,CD Short Term,10668.3,Y
4595,Deposit,IBB,Money Market,27064.67,Y
4595,Deposit,NIDDA,Checking,5872.11,Y
4595,Deposit,IBB,Savings,3658.11,Y
4595,Credit,N/A,Credit Card,1521.57,Y
4595,Loan,N/A,Auto Loan,51931.31,Y
4596,Deposit,IBB,CD Short Term,13506.38,Y
4596,Deposit,NIDDA,Checking,18719.01,Y
4596,Deposit,IBB,Savings,6247.66,Y
4596,Loan,N/A,Auto Loan,43132.9,Y
4597,Deposit,IBB,CD Long Term,29992.11,Y
4597,Deposit,NIDDA,Checking,3152.8,Y
4597,Deposit,IBB,CD Short Term,14600.27,Y
4597,Deposit,IBB,Money Market,20336.6,Y
4597,Deposit,IBB,Savings,37337.95,Y
4597,Credit,N/A,Credit Card,1785.79,Y
4598,Deposit,IBB,CD Short Term,15889.45,Y
4598,Deposit,NIDDA,Checking,28437.49,Y
4598,Deposit,IBB,Savings,26309.21,Y
4598,Credit,N/A,Credit Card,2394.2,Y
4599,Deposit,IBB,CD Long Term,31650.37,Y
4599,Deposit,IBB,Money Market,7497.5,Y
4599,Deposit,NIDDA,Checking,3954.16,Y
4600,Deposit,IBB,CD Short Term,10696.58,Y
4600,Deposit,IBB,Money Market,27452.28,Y
4600,Deposit,NIDDA,Checking,77448.13,Y
4600,Deposit,IBB,Savings,14366.37,Y
4600,Credit,N/A,Credit Card,4345.07,Y
4600,Loan,N/A,Personal Loan,9646.4,Y
4601,Deposit,NIDDA,Checking,3565.15,Y
4601,Deposit,IBB,Savings,37636.98,Y
4601,Loan,N/A,Home Loan,489030.69,Y
4602,Deposit,IBB,Money Market,3922.23,Y
4602,Deposit,NIDDA,Checking,13496.61,Y
4602,Deposit,IBB,Savings,63846.68,Y
4602,Loan,N/A,Home Loan,511127.3,Y
4603,Deposit,IBB,CD Long Term,24191.66,Y
4603,Deposit,NIDDA,Checking,4513.9,Y
4603,Deposit,IBB,CD Short Term,5692.13,Y
4603,Deposit,IBB,Money Market,29249.83,Y
4603,Deposit,IBB,Savings,18036.72,Y
4603,Credit,N/A,Credit Card,2030.75,Y
4604,Deposit,IBB,CD Short Term,5680.06,Y
4604,Deposit,NIDDA,Checking,10089.73,Y
4604,Deposit,IBB,Savings,4733.64,Y
4605,Deposit,IBB,Money Market,10159.13,Y
4605,Deposit,NIDDA,Checking,7281.4,Y
4605,Deposit,IBB,Savings,7711.19,Y
4605,Credit,N/A,Credit Card,1162.78,Y
4606,Deposit,IBB,Money Market,8489.96,Y
4606,Deposit,NIDDA,Checking,14369.11,Y
4606,Loan,N/A,Home Loan,273101.53,Y
4607,Deposit,IBB,CD Short Term,6329.95,Y
4607,Deposit,IBB,Money Market,10300.62,Y
4607,Deposit,NIDDA,Checking,4266.59,Y
4607,Deposit,IBB,Savings,471.37,Y
4607,Credit,N/A,Credit Card,4323.55,Y
4607,Loan,N/A,Home Loan,611444.85,Y
4607,Loan,N/A,Auto Loan,52532.07,Y
4608,Deposit,IBB,CD Short Term,39463.93,Y
4608,Deposit,NIDDA,Checking,5390.97,Y
4608,Deposit,IBB,Savings,16630.42,Y
4608,Credit,N/A,Credit Card,7600.94,Y
4608,Loan,N/A,Home Loan,461076.06,Y
4609,Deposit,IBB,CD Short Term,62129.72,Y
4609,Deposit,NIDDA,Checking,9467.93,Y
4609,Deposit,IBB,Savings,1898.96,Y
4609,Credit,N/A,Credit Card,875.34,Y
4610,Deposit,NIDDA,Checking,13639.94,Y
4610,Loan,N/A,Auto Loan,35857.42,Y
4611,Deposit,NIDDA,Checking,21885.24,Y
4611,Deposit,IBB,Savings,26142.87,Y
4611,Credit,N/A,Credit Card,1178.52,Y
4611,Loan,N/A,Home Loan,212486.84,Y
4611,Loan,N/A,Personal Loan,50906.95,Y
4612,Deposit,IBB,CD Long Term,37435.99,Y
4612,Deposit,IBB,Money Market,10107.45,Y
4612,Deposit,NIDDA,Checking,15930.61,Y
4612,Deposit,IBB,Savings,13428.23,Y
4612,Loan,N/A,Personal Loan,36169.96,Y
4613,Deposit,IBB,CD Short Term,1488.72,Y
4613,Deposit,NIDDA,Checking,11474.35,Y
4613,Credit,N/A,Credit Card,4085.2,Y
4613,Loan,N/A,Auto Loan,26658.3,Y
4614,Deposit,NIDDA,Checking,3064.86,Y
4614,Deposit,IBB,Savings,34696.76,Y
4614,Credit,N/A,Credit Card,948.76,Y
4614,Loan,N/A,Auto Loan,36667.91,Y
4615,Deposit,IBB,Money Market,6136.74,Y
4615,Deposit,NIDDA,Checking,1557.83,Y
4615,Deposit,IBB,Savings,30374.78,Y
4615,Credit,N/A,Credit Card,3615.71,Y
4615,Loan,N/A,Home Loan,497201.6,Y
4615,Loan,N/A,Auto Loan,21834.08,Y
4616,Deposit,IBB,CD Long Term,1616.97,Y
4616,Deposit,IBB,Money Market,17097.96,Y
4616,Deposit,NIDDA,Checking,10293.03,Y
4616,Deposit,IBB,Savings,24567.69,Y
4616,Credit,N/A,Credit Card,2625.84,Y
4617,Deposit,IBB,Money Market,37259.36,Y
4617,Deposit,NIDDA,Checking,19342.81,Y
4617,Deposit,IBB,Savings,3241.16,Y
4617,Credit,N/A,Credit Card,2183.86,Y
4617,Loan,N/A,Home Loan,309629.17,Y
4618,Deposit,NIDDA,Checking,4376.48,Y
4618,Deposit,IBB,Savings,49649.05,Y
4619,Deposit,NIDDA,Checking,4129.47,Y
4619,Loan,N/A,Home Loan,345483.65,Y
4619,Loan,N/A,Personal Loan,8560.51,Y
4620,Deposit,NIDDA,Checking,13540.7,Y
4620,Deposit,IBB,Savings,3011.03,Y
4620,Credit,N/A,Credit Card,1809.8,Y
4620,Loan,N/A,Home Loan,562644.45,Y
4621,Deposit,IBB,CD Long Term,70119.58,Y
4621,Deposit,IBB,CD Short Term,4872.59,Y
4621,Deposit,NIDDA,Checking,24615.11,Y
4621,Loan,N/A,Home Loan,274512.33,Y
4621,Loan,N/A,Auto Loan,115072.12,Y
4622,Deposit,IBB,CD Short Term,7962.44,Y
4622,Deposit,IBB,Money Market,1950.25,Y
4622,Deposit,NIDDA,Checking,3836.83,Y
4622,Deposit,IBB,Savings,9990.99,Y
4622,Credit,N/A,Credit Card,2036.33,Y
4623,Deposit,IBB,CD Short Term,11561.59,Y
4623,Deposit,NIDDA,Checking,2908.98,Y
4623,Deposit,IBB,Savings,5144.49,Y
4623,Credit,N/A,Credit Card,1717.89,Y
4623,Loan,N/A,Personal Loan,15860.27,Y
4624,Deposit,IBB,CD Short Term,5746.25,Y
4624,Deposit,IBB,Money Market,833.26,Y
4624,Deposit,NIDDA,Checking,14174.48,Y
4624,Deposit,IBB,Savings,5850.74,Y
4624,Loan,N/A,Home Loan,450179.05,Y
4624,Loan,N/A,Auto Loan,111789.66,Y
4625,Deposit,NIDDA,Checking,7353.89,Y
4626,Deposit,IBB,CD Short Term,45937.22,Y
4626,Deposit,IBB,Money Market,103114.61,Y
4626,Deposit,NIDDA,Checking,16412.33,Y
4626,Deposit,IBB,Savings,3481.29,Y
4626,Loan,N/A,Personal Loan,14550.18,Y
4627,Deposit,IBB,CD Short Term,23036.46,Y
4627,Deposit,IBB,Money Market,9725.77,Y
4627,Deposit,NIDDA,Checking,2350.04,Y
4627,Loan,N/A,Home Loan,404755.3,Y
4628,Deposit,IBB,CD Short Term,46638.92,Y
4628,Deposit,IBB,Money Market,18434.35,Y
4628,Deposit,NIDDA,Checking,2996.86,Y
4628,Deposit,IBB,Savings,8632.11,Y
4628,Loan,N/A,Auto Loan,13753.81,Y
4628,Loan,N/A,Personal Loan,11285.52,Y
4629,Deposit,NIDDA,Checking,1463.52,Y
4629,Credit,N/A,Credit Card,1368.25,Y
4629,Loan,N/A,Personal Loan,14589.37,Y
4630,Deposit,IBB,Money Market,7484.73,Y
4630,Deposit,NIDDA,Checking,19085.61,Y
4630,Deposit,IBB,Savings,16759.5,Y
4630,Loan,N/A,Home Loan,195438.79,Y
4631,Deposit,NIDDA,Checking,4267.43,Y
4631,Deposit,IBB,Savings,36337.24,Y
4631,Credit,N/A,Credit Card,4009.23,Y
4631,Loan,N/A,Home Loan,545550.22,Y
4632,Deposit,IBB,Money Market,798.96,Y
4632,Deposit,NIDDA,Checking,13364.36,Y
4632,Deposit,IBB,Savings,6870.87,Y
4632,Credit,N/A,Credit Card,7939.29,Y
4632,Loan,N/A,Home Loan,220594.08,Y
4633,Deposit,IBB,Money Market,33769.22,Y
4633,Deposit,NIDDA,Checking,35913.68,Y
4633,Deposit,IBB,Savings,3751.6,Y
4633,Credit,N/A,Credit Card,2045.71,Y
4634,Deposit,IBB,CD Long Term,5917.24,Y
4634,Deposit,NIDDA,Checking,5525.25,Y
4635,Deposit,IBB,CD Short Term,4089.03,Y
4635,Deposit,IBB,Money Market,11870.38,Y
4635,Deposit,NIDDA,Checking,23074.5,Y
4635,Deposit,IBB,Savings,5424.74,Y
4635,Credit,N/A,Credit Card,1183.64,Y
4636,Deposit,IBB,Money Market,14972.46,Y
4636,Deposit,NIDDA,Checking,1587.33,Y
4636,Credit,N/A,Credit Card,5955.32,Y
4636,Loan,N/A,Home Loan,160585.2,Y
4636,Loan,N/A,Auto Loan,35602.32,Y
4637,Deposit,IBB,CD Short Term,13330.67,Y
4637,Deposit,NIDDA,Checking,3466.18,Y
4637,Deposit,IBB,Savings,15517.74,Y
4638,Deposit,IBB,CD Short Term,5684.51,Y
4638,Deposit,NIDDA,Checking,1236.9,Y
4638,Deposit,IBB,Savings,41358.38,Y
4638,Credit,N/A,Credit Card,1916.88,Y
4639,Deposit,IBB,Money Market,2808.34,Y
4639,Deposit,NIDDA,Checking,13788.58,Y
4639,Deposit,IBB,Savings,6133.89,Y
4639,Credit,N/A,Credit Card,1401.45,Y
4639,Loan,N/A,Personal Loan,5034.07,Y
4640,Deposit,IBB,CD Long Term,6415.15,Y
4640,Deposit,IBB,CD Short Term,6570.8,Y
4640,Deposit,NIDDA,Checking,4013.61,Y
4640,Loan,N/A,Home Loan,751852.1,Y
4641,Deposit,IBB,CD Long Term,6107.44,Y
4641,Deposit,NIDDA,Checking,12689.06,Y
4641,Deposit,IBB,CD Short Term,9534.6,Y
4641,Deposit,IBB,Money Market,30617.44,Y
4641,Deposit,IBB,Savings,9022.82,Y
4641,Loan,N/A,Home Loan,470002.04,Y
4642,Deposit,IBB,Money Market,5020.95,Y
4642,Deposit,NIDDA,Checking,13025.13,Y
4642,Deposit,IBB,Savings,6319.41,Y
4642,Loan,N/A,Home Loan,483136.19,Y
4643,Deposit,IBB,Money Market,48732.02,Y
4643,Deposit,NIDDA,Checking,3000.28,Y
4643,Deposit,IBB,Savings,2532.14,Y
4643,Loan,N/A,Home Loan,445565.16,Y
4643,Loan,N/A,Personal Loan,16114.36,Y
4644,Deposit,IBB,Money Market,113471.8,Y
4644,Deposit,NIDDA,Checking,12159.33,Y
4644,Deposit,IBB,Savings,3978.8,Y
4645,Deposit,IBB,CD Short Term,18326.71,Y
4645,Deposit,IBB,Money Market,7649.82,Y
4645,Deposit,NIDDA,Checking,6958.71,Y
4645,Deposit,IBB,Savings,12503.12,Y
4645,Loan,N/A,Home Loan,511588.82,Y
4645,Loan,N/A,Auto Loan,65324.81,Y
4646,Deposit,IBB,CD Short Term,3423.02,Y
4646,Deposit,IBB,Money Market,5337.82,Y
4646,Deposit,NIDDA,Checking,7920.96,Y
4646,Deposit,IBB,Savings,11773.03,Y
4646,Loan,N/A,Personal Loan,9675.46,Y
4647,Deposit,IBB,CD Long Term,233020.82,Y
4647,Deposit,IBB,Money Market,22334.77,Y
4647,Deposit,NIDDA,Checking,655.82,Y
4647,Deposit,IBB,Savings,18783.99,Y
4647,Loan,N/A,Auto Loan,21668.05,Y
4648,Deposit,IBB,CD Short Term,157360.47,Y
4648,Deposit,NIDDA,Checking,5202.13,Y
4648,Deposit,IBB,Savings,35986.47,Y
4648,Credit,N/A,Credit Card,4519.71,Y
4648,Loan,N/A,Auto Loan,19639.83,Y
4649,Deposit,IBB,CD Short Term,14916.35,Y
4649,Deposit,NIDDA,Checking,24753.27,Y
4649,Deposit,IBB,Savings,15903.8,Y
4650,Deposit,IBB,CD Long Term,102968.68,Y
4650,Deposit,NIDDA,Checking,6049.69,Y
4650,Deposit,IBB,CD Short Term,30984.43,Y
4650,Deposit,IBB,Money Market,159687.52,Y
4650,Deposit,IBB,Savings,4317.1,Y
4650,Credit,N/A,Credit Card,2200.29,Y
4651,Deposit,IBB,CD Long Term,20229.35,Y
4651,Deposit,NIDDA,Checking,39444.2,Y
4651,Deposit,IBB,CD Short Term,18606.92,Y
4651,Deposit,IBB,Money Market,29805.12,Y
4651,Deposit,IBB,Savings,1324.48,Y
4651,Credit,N/A,Credit Card,1955.72,Y
4651,Loan,N/A,Personal Loan,19669.32,Y
4652,Deposit,IBB,CD Long Term,8079.28,Y
4652,Deposit,NIDDA,Checking,2900.98,Y
4652,Deposit,IBB,CD Short Term,36175.7,Y
4652,Deposit,IBB,Money Market,17906.7,Y
4652,Deposit,IBB,Savings,48736.97,Y
4652,Loan,N/A,Personal Loan,9726.94,Y
4653,Deposit,IBB,CD Short Term,13874.53,Y
4653,Deposit,NIDDA,Checking,6300.14,Y
4653,Deposit,IBB,Savings,2456.83,Y
4654,Deposit,NIDDA,Checking,2894.24,Y
4654,Loan,N/A,Home Loan,407007.83,Y
4655,Deposit,IBB,Money Market,50984.36,Y
4655,Deposit,NIDDA,Checking,671.17,Y
4655,Credit,N/A,Credit Card,995.16,Y
4656,Deposit,IBB,Money Market,37894.64,Y
4656,Deposit,NIDDA,Checking,1328.14,Y
4656,Deposit,IBB,Savings,18627.62,Y
4656,Credit,N/A,Credit Card,1243.01,Y
4656,Loan,N/A,Home Loan,817742.57,Y
4656,Loan,N/A,Auto Loan,22423.39,Y
4657,Deposit,IBB,Money Market,11804.86,Y
4657,Deposit,NIDDA,Checking,2198.0,Y
4657,Deposit,IBB,Savings,16100.65,Y
4657,Credit,N/A,Credit Card,1443.29,Y
4657,Loan,N/A,Home Loan,435767.79,Y
4658,Deposit,IBB,CD Short Term,32307.75,Y
4658,Deposit,IBB,Money Market,15674.7,Y
4658,Deposit,NIDDA,Checking,1982.45,Y
4658,Deposit,IBB,Savings,9991.62,Y
4658,Credit,N/A,Credit Card,8184.47,Y
4658,Loan,N/A,Auto Loan,52392.74,Y
4659,Deposit,NIDDA,Checking,3279.72,Y
4659,Deposit,IBB,Savings,12810.55,Y
4659,Loan,N/A,Auto Loan,37321.53,Y
4660,Deposit,IBB,CD Long Term,35560.61,Y
4660,Deposit,NIDDA,Checking,3578.41,Y
4660,Deposit,IBB,CD Short Term,10545.46,Y
4660,Deposit,IBB,Money Market,224870.49,Y
4660,Deposit,IBB,Savings,3480.51,Y
4660,Credit,N/A,Credit Card,1395.77,Y
4661,Deposit,IBB,CD Long Term,16498.06,Y
4661,Deposit,IBB,Money Market,8431.12,Y
4661,Deposit,NIDDA,Checking,2326.62,Y
4661,Deposit,IBB,Savings,4999.21,Y
4661,Credit,N/A,Credit Card,6442.37,Y
4662,Deposit,NIDDA,Checking,2660.58,Y
4662,Credit,N/A,Credit Card,1003.18,Y
4663,Deposit,IBB,CD Short Term,11684.1,Y
4663,Deposit,NIDDA,Checking,5959.36,Y
4663,Deposit,IBB,Savings,17216.64,Y
4663,Credit,N/A,Credit Card,773.47,Y
4663,Loan,N/A,Auto Loan,18760.46,Y
4664,Deposit,IBB,Money Market,4197.28,Y
4664,Deposit,NIDDA,Checking,13729.17,Y
4664,Deposit,IBB,Savings,25791.47,Y
4664,Loan,N/A,Home Loan,706585.45,Y
4665,Deposit,NIDDA,Checking,12302.01,Y
4665,Deposit,IBB,Savings,45638.97,Y
4665,Credit,N/A,Credit Card,1717.63,Y
4665,Loan,N/A,Home Loan,787204.11,Y
4665,Loan,N/A,Auto Loan,38192.26,Y
4665,Loan,N/A,Personal Loan,35157.85,Y
4666,Deposit,IBB,CD Long Term,43450.75,Y
4666,Deposit,IBB,CD Short Term,8061.83,Y
4666,Deposit,NIDDA,Checking,2078.3,Y
4666,Deposit,IBB,Savings,18987.61,Y
4666,Credit,N/A,Credit Card,1754.51,Y
4667,Deposit,IBB,CD Long Term,57389.03,Y
4667,Deposit,NIDDA,Checking,10220.43,Y
4667,Deposit,IBB,Savings,8571.14,Y
4667,Loan,N/A,Home Loan,211258.4,Y
4668,Deposit,IBB,CD Long Term,2023.33,Y
4668,Deposit,IBB,Money Market,12907.01,Y
4668,Deposit,NIDDA,Checking,5234.35,Y
4668,Deposit,IBB,Savings,2987.83,Y
4669,Deposit,IBB,CD Short Term,14579.01,Y
4669,Deposit,IBB,Money Market,20337.43,Y
4669,Deposit,NIDDA,Checking,2338.19,Y
4669,Deposit,IBB,Savings,12831.93,Y
4669,Credit,N/A,Credit Card,1525.26,Y
4669,Loan,N/A,Personal Loan,18175.23,Y
4670,Deposit,IBB,CD Short Term,19714.97,Y
4670,Deposit,NIDDA,Checking,3373.93,Y
4671,Deposit,IBB,CD Long Term,36875.88,Y
4671,Deposit,IBB,Money Market,2154.67,Y
4671,Deposit,NIDDA,Checking,8167.2,Y
4671,Deposit,IBB,Savings,12621.55,Y
4672,Deposit,IBB,Money Market,5212.53,Y
4672,Deposit,NIDDA,Checking,3376.89,Y
4672,Deposit,IBB,Savings,16231.08,Y
4673,Deposit,IBB,CD Short Term,14727.79,Y
4673,Deposit,NIDDA,Checking,1870.77,Y
4673,Loan,N/A,Auto Loan,36157.17,Y
4674,Deposit,IBB,CD Short Term,5968.63,Y
4674,Deposit,IBB,Money Market,6150.19,Y
4674,Deposit,NIDDA,Checking,4581.48,Y
4674,Credit,N/A,Credit Card,4815.99,Y
4675,Deposit,IBB,Money Market,5643.79,Y
4675,Deposit,NIDDA,Checking,5488.21,Y
4675,Deposit,IBB,Savings,26533.79,Y
4675,Loan,N/A,Auto Loan,27057.55,Y
4676,Deposit,NIDDA,Checking,884.89,Y
4676,Deposit,IBB,Savings,7531.9,Y
4676,Loan,N/A,Home Loan,522216.18,Y
4676,Loan,N/A,Auto Loan,33796.7,Y
4677,Deposit,NIDDA,Checking,72280.4,Y
4677,Deposit,IBB,Savings,2663.65,Y
4677,Loan,N/A,Home Loan,499712.72,Y
4678,Deposit,IBB,CD Short Term,1162.25,Y
4678,Deposit,IBB,Money Market,6786.02,Y
4678,Deposit,NIDDA,Checking,6720.43,Y
4678,Credit,N/A,Credit Card,8152.92,Y
4678,Loan,N/A,Auto Loan,39120.76,Y
4679,Deposit,IBB,Money Market,6005.28,Y
4679,Deposit,NIDDA,Checking,6079.51,Y
4679,Deposit,IBB,Savings,9687.33,Y
4680,Deposit,IBB,Money Market,88492.41,Y
4680,Deposit,NIDDA,Checking,18526.3,Y
4681,Deposit,NIDDA,Checking,4225.11,Y
4681,Deposit,IBB,Savings,9025.54,Y
4681,Credit,N/A,Credit Card,665.22,Y
4682,Deposit,IBB,CD Long Term,62925.13,Y
4682,Deposit,IBB,CD Short Term,3388.42,Y
4682,Deposit,IBB,Money Market,49342.93,Y
4682,Deposit,NIDDA,Checking,13878.78,Y
4682,Loan,N/A,Auto Loan,19876.63,Y
4683,Deposit,IBB,CD Short Term,30615.32,Y
4683,Deposit,NIDDA,Checking,3480.08,Y
4683,Deposit,IBB,Savings,3603.72,Y
4683,Credit,N/A,Credit Card,2275.61,Y
4683,Loan,N/A,Auto Loan,36126.03,Y
4684,Deposit,IBB,Money Market,60226.96,Y
4684,Deposit,NIDDA,Checking,7517.52,Y
4684,Credit,N/A,Credit Card,1281.78,Y
4685,Deposit,IBB,CD Long Term,46033.64,Y
4685,Deposit,NIDDA,Checking,2316.81,Y
4685,Deposit,IBB,Savings,4755.56,Y
4685,Credit,N/A,Credit Card,1625.92,Y
4686,Deposit,IBB,Money Market,15404.24,Y
4686,Deposit,NIDDA,Checking,3041.52,Y
4686,Deposit,IBB,Savings,3779.2,Y
4686,Credit,N/A,Credit Card,1477.54,Y
4686,Loan,N/A,Personal Loan,22454.24,Y
4687,Deposit,IBB,CD Long Term,38624.07,Y
4687,Deposit,NIDDA,Checking,29019.29,Y
4687,Deposit,IBB,Savings,2125.17,Y
4687,Credit,N/A,Credit Card,2398.75,Y
4688,Deposit,IBB,CD Short Term,7778.5,Y
4688,Deposit,IBB,Money Market,14506.14,Y
4688,Deposit,NIDDA,Checking,908.15,Y
4688,Deposit,IBB,Savings,4165.03,Y
4688,Credit,N/A,Credit Card,1901.08,Y
4688,Loan,N/A,Home Loan,408958.18,Y
4688,Loan,N/A,Personal Loan,3435.52,Y
4689,Deposit,IBB,CD Short Term,36475.47,Y
4689,Deposit,NIDDA,Checking,9974.24,Y
4689,Deposit,IBB,Savings,14651.17,Y
4689,Credit,N/A,Credit Card,2081.21,Y
4690,Deposit,NIDDA,Checking,34936.83,Y
4690,Deposit,IBB,Savings,7123.47,Y
4690,Loan,N/A,Personal Loan,9172.81,Y
4691,Deposit,IBB,Money Market,5894.24,Y
4691,Deposit,NIDDA,Checking,1880.62,Y
4692,Deposit,IBB,CD Long Term,7552.67,Y
4692,Deposit,NIDDA,Checking,4118.3,Y
4692,Deposit,IBB,CD Short Term,8452.82,Y
4692,Deposit,IBB,Money Market,9737.55,Y
4692,Deposit,IBB,Savings,22097.01,Y
4693,Deposit,NIDDA,Checking,14359.26,Y
4693,Deposit,IBB,Savings,47632.14,Y
4694,Deposit,IBB,CD Short Term,6476.02,Y
4694,Deposit,IBB,Money Market,11173.99,Y
4694,Deposit,NIDDA,Checking,12390.58,Y
4694,Deposit,IBB,Savings,14452.95,Y
4695,Deposit,NIDDA,Checking,3868.68,Y
4695,Deposit,IBB,Savings,22037.48,Y
4695,Credit,N/A,Credit Card,2678.5,Y
4695,Loan,N/A,Home Loan,453381.72,Y
4696,Deposit,IBB,CD Long Term,80612.63,Y
4696,Deposit,IBB,CD Short Term,79262.36,Y
4696,Deposit,NIDDA,Checking,5827.88,Y
4696,Credit,N/A,Credit Card,7768.69,Y
4696,Loan,N/A,Home Loan,418292.44,Y
4696,Loan,N/A,Personal Loan,18217.84,Y
4697,Deposit,NIDDA,Checking,2663.0,Y
4697,Deposit,IBB,Savings,2125.05,Y
4697,Credit,N/A,Credit Card,2076.39,Y
4697,Loan,N/A,Auto Loan,43511.82,Y
4698,Deposit,IBB,Money Market,6708.07,Y
4698,Deposit,NIDDA,Checking,1725.04,Y
4698,Deposit,IBB,Savings,3854.76,Y
4699,Deposit,IBB,CD Short Term,12152.36,Y
4699,Deposit,NIDDA,Checking,12483.08,Y
4699,Deposit,IBB,Savings,15935.8,Y
4699,Loan,N/A,Home Loan,646283.37,Y
4700,Deposit,IBB,Money Market,11222.45,Y
4700,Deposit,NIDDA,Checking,6650.17,Y
4700,Deposit,IBB,Savings,8789.5,Y
4701,Deposit,NIDDA,Checking,4615.52,Y
4701,Loan,N/A,Auto Loan,49032.3,Y
4702,Deposit,NIDDA,Checking,1800.57,Y
4702,Deposit,IBB,Savings,2827.06,Y
4702,Loan,N/A,Auto Loan,25851.35,Y
4702,Loan,N/A,Personal Loan,13146.04,Y
4703,Deposit,IBB,CD Long Term,35665.08,Y
4703,Deposit,NIDDA,Checking,3574.09,Y
4703,Credit,N/A,Credit Card,1640.07,Y
4704,Deposit,IBB,CD Long Term,10323.91,Y
4704,Deposit,IBB,Money Market,32763.87,Y
4704,Deposit,NIDDA,Checking,7410.22,Y
4704,Deposit,IBB,Savings,11841.65,Y
4704,Credit,N/A,Credit Card,7474.87,Y
4704,Loan,N/A,Personal Loan,104483.56,Y
4705,Deposit,IBB,CD Short Term,31764.05,Y
4705,Deposit,IBB,Money Market,1743.04,Y
4705,Deposit,NIDDA,Checking,2565.16,Y
4705,Deposit,IBB,Savings,16510.52,Y
4705,Credit,N/A,Credit Card,2183.58,Y
4705,Loan,N/A,Home Loan,350281.56,Y
4706,Deposit,NIDDA,Checking,4839.44,Y
4706,Deposit,IBB,Savings,7342.74,Y
4706,Loan,N/A,Auto Loan,55109.7,Y
4707,Deposit,IBB,CD Long Term,18701.61,Y
4707,Deposit,NIDDA,Checking,9083.83,Y
4707,Deposit,IBB,CD Short Term,6522.93,Y
4707,Deposit,IBB,Money Market,38382.98,Y
4707,Deposit,IBB,Savings,14598.13,Y
4707,Credit,N/A,Credit Card,3525.27,Y
4707,Loan,N/A,Home Loan,405769.17,Y
4707,Loan,N/A,Personal Loan,25590.99,Y
4708,Deposit,NIDDA,Checking,1789.87,Y
4708,Deposit,IBB,Savings,46465.07,Y
4709,Deposit,IBB,CD Long Term,70515.4,Y
4709,Deposit,IBB,CD Short Term,80080.07,Y
4709,Deposit,NIDDA,Checking,5193.53,Y
4709,Credit,N/A,Credit Card,4141.97,Y
4709,Loan,N/A,Auto Loan,13070.69,Y
4710,Deposit,IBB,CD Short Term,999.86,Y
4710,Deposit,IBB,Money Market,4605.97,Y
4710,Deposit,NIDDA,Checking,5435.26,Y
4710,Deposit,IBB,Savings,8123.98,Y
4710,Loan,N/A,Home Loan,833187.75,Y
4710,Loan,N/A,Personal Loan,19120.61,Y
4711,Deposit,NIDDA,Checking,3583.8,Y
4711,Credit,N/A,Credit Card,9436.0,Y
4712,Deposit,IBB,Money Market,11988.75,Y
4712,Deposit,NIDDA,Checking,13395.79,Y
4712,Deposit,IBB,Savings,16371.85,Y
4712,Credit,N/A,Credit Card,7562.07,Y
4712,Loan,N/A,Auto Loan,26032.37,Y
4713,Deposit,IBB,CD Short Term,43974.65,Y
4713,Deposit,IBB,Money Market,6191.74,Y
4713,Deposit,NIDDA,Checking,1041.99,Y
4713,Deposit,IBB,Savings,8809.92,Y
4713,Credit,N/A,Credit Card,2126.98,Y
4713,Loan,N/A,Auto Loan,32945.54,Y
4714,Deposit,IBB,Money Market,74920.15,Y
4714,Deposit,NIDDA,Checking,6869.52,Y
4714,Deposit,IBB,Savings,7012.47,Y
4715,Deposit,IBB,CD Long Term,528960.21,Y
4715,Deposit,NIDDA,Checking,17232.42,Y
4715,Deposit,IBB,CD Short Term,44510.85,Y
4715,Deposit,IBB,Money Market,18543.2,Y
4715,Deposit,IBB,Savings,3798.7,Y
4715,Credit,N/A,Credit Card,4694.98,Y
4716,Deposit,IBB,CD Long Term,14108.04,Y
4716,Deposit,IBB,Money Market,66299.92,Y
4716,Deposit,NIDDA,Checking,5069.38,Y
4716,Credit,N/A,Credit Card,5423.6,Y
4716,Loan,N/A,Home Loan,293295.06,Y
4716,Loan,N/A,Personal Loan,17589.5,Y
4717,Deposit,IBB,CD Short Term,11127.49,Y
4717,Deposit,IBB,Money Market,9156.05,Y
4717,Deposit,NIDDA,Checking,5015.88,Y
4717,Deposit,IBB,Savings,3976.73,Y
4717,Loan,N/A,Home Loan,594655.58,Y
4717,Loan,N/A,Auto Loan,44906.47,Y
4718,Deposit,NIDDA,Checking,35204.97,Y
4718,Deposit,IBB,Savings,12694.73,Y
4718,Credit,N/A,Credit Card,4888.31,Y
4718,Loan,N/A,Home Loan,471851.55,Y
4719,Deposit,NIDDA,Checking,3830.84,Y
4719,Deposit,IBB,Savings,4449.98,Y
4720,Deposit,IBB,CD Short Term,25849.18,Y
4720,Deposit,NIDDA,Checking,871.77,Y
4720,Credit,N/A,Credit Card,11971.13,Y
4721,Deposit,NIDDA,Checking,7524.78,Y
4721,Credit,N/A,Credit Card,760.73,Y
4722,Deposit,IBB,CD Short Term,31086.17,Y
4722,Deposit,IBB,Money Market,13610.67,Y
4722,Deposit,NIDDA,Checking,11324.96,Y
4722,Deposit,IBB,Savings,9378.0,Y
4722,Credit,N/A,Credit Card,1046.69,Y
4722,Loan,N/A,Personal Loan,17374.46,Y
4723,Deposit,NIDDA,Checking,48482.14,Y
4723,Deposit,IBB,Savings,11363.2,Y
4723,Credit,N/A,Credit Card,1281.44,Y
4724,Deposit,IBB,Money Market,18862.37,Y
4724,Deposit,NIDDA,Checking,2055.95,Y
4724,Deposit,IBB,Savings,4895.3,Y
4724,Loan,N/A,Home Loan,574740.79,Y
4725,Deposit,IBB,CD Long Term,16928.37,Y
4725,Deposit,IBB,Money Market,19271.23,Y
4725,Deposit,NIDDA,Checking,4016.45,Y
4725,Deposit,IBB,Savings,9382.46,Y
4725,Loan,N/A,Home Loan,308563.42,Y
4725,Loan,N/A,Personal Loan,15821.2,Y
4726,Deposit,IBB,Money Market,78235.15,Y
4726,Deposit,NIDDA,Checking,3133.25,Y
4726,Deposit,IBB,Savings,7600.03,Y
4726,Loan,N/A,Personal Loan,58439.81,Y
4727,Deposit,NIDDA,Checking,1227.23,Y
4727,Credit,N/A,Credit Card,11890.81,Y
4727,Loan,N/A,Auto Loan,29231.54,Y
4728,Deposit,IBB,CD Long Term,4400.5,Y
4728,Deposit,NIDDA,Checking,8408.83,Y
4729,Deposit,NIDDA,Checking,22509.4,Y
4729,Loan,N/A,Auto Loan,46480.63,Y
4729,Loan,N/A,Personal Loan,68717.3,Y
4730,Deposit,IBB,CD Long Term,3812.17,Y
4730,Deposit,NIDDA,Checking,1244.54,Y
4730,Deposit,IBB,CD Short Term,7738.01,Y
4730,Deposit,IBB,Money Market,14597.94,Y
4730,Deposit,IBB,Savings,4091.5,Y
4730,Credit,N/A,Credit Card,5542.71,Y
4730,Loan,N/A,Personal Loan,79289.19,Y
4731,Deposit,IBB,CD Short Term,10059.74,Y
4731,Deposit,NIDDA,Checking,3398.18,Y
4731,Deposit,IBB,Savings,22107.88,Y
4731,Loan,N/A,Auto Loan,33177.73,Y
4732,Deposit,NIDDA,Checking,22236.28,Y
4732,Deposit,IBB,Savings,12949.62,Y
4733,Deposit,IBB,Money Market,10204.94,Y
4733,Deposit,NIDDA,Checking,7817.17,Y
4733,Deposit,IBB,Savings,4845.53,Y
4734,Deposit,IBB,Money Market,59640.33,Y
4734,Deposit,NIDDA,Checking,14597.08,Y
4735,Deposit,IBB,CD Short Term,14112.61,Y
4735,Deposit,NIDDA,Checking,11473.36,Y
4735,Deposit,IBB,Savings,26176.49,Y
4735,Loan,N/A,Auto Loan,44338.55,Y
4736,Deposit,IBB,CD Long Term,104384.09,Y
4736,Deposit,NIDDA,Checking,2512.43,Y
4736,Deposit,IBB,Savings,2783.88,Y
4736,Credit,N/A,Credit Card,3071.36,Y
4736,Loan,N/A,Home Loan,156863.62,Y
4737,Deposit,NIDDA,Checking,8639.43,Y
4737,Deposit,IBB,Savings,6801.91,Y
4737,Credit,N/A,Credit Card,2659.23,Y
4738,Deposit,NIDDA,Checking,6629.27,Y
4738,Deposit,IBB,Savings,2224.84,Y
4738,Loan,N/A,Auto Loan,37445.78,Y
4739,Deposit,IBB,Money Market,7424.62,Y
4739,Deposit,NIDDA,Checking,7811.15,Y
4739,Deposit,IBB,Savings,6704.86,Y
4739,Credit,N/A,Credit Card,3366.14,Y
4739,Loan,N/A,Auto Loan,28504.28,Y
4740,Deposit,IBB,CD Short Term,15138.23,Y
4740,Deposit,IBB,Money Market,24034.21,Y
4740,Deposit,NIDDA,Checking,1336.67,Y
4740,Loan,N/A,Personal Loan,8831.73,Y
4741,Deposit,NIDDA,Checking,531.45,Y
4741,Loan,N/A,Auto Loan,63940.47,Y
4742,Deposit,NIDDA,Checking,7330.43,Y
4742,Deposit,IBB,Savings,2437.25,Y
4742,Loan,N/A,Personal Loan,22561.01,Y
4743,Deposit,IBB,Money Market,11301.67,Y
4743,Deposit,NIDDA,Checking,3450.91,Y
4743,Deposit,IBB,Savings,20933.11,Y
4743,Credit,N/A,Credit Card,10197.23,Y
4743,Loan,N/A,Auto Loan,41523.14,Y
4744,Deposit,IBB,CD Short Term,4855.64,Y
4744,Deposit,NIDDA,Checking,3399.96,Y
4744,Deposit,IBB,Savings,3883.58,Y
4745,Deposit,IBB,CD Long Term,66304.76,Y
4745,Deposit,IBB,CD Short Term,16626.43,Y
4745,Deposit,NIDDA,Checking,19603.58,Y
4745,Deposit,IBB,Savings,16071.26,Y
4745,Loan,N/A,Auto Loan,30202.68,Y
4746,Deposit,IBB,CD Long Term,8970.39,Y
4746,Deposit,NIDDA,Checking,13445.09,Y
4746,Deposit,IBB,Savings,23673.59,Y
4746,Loan,N/A,Auto Loan,47806.06,Y
4747,Deposit,NIDDA,Checking,6475.85,Y
4747,Deposit,IBB,Savings,1245.35,Y
4748,Deposit,NIDDA,Checking,4949.88,Y
4748,Loan,N/A,Home Loan,274847.66,Y
4749,Deposit,IBB,CD Short Term,9460.02,Y
4749,Deposit,NIDDA,Checking,2365.59,Y
4749,Deposit,IBB,Savings,11647.41,Y
4749,Loan,N/A,Personal Loan,9818.48,Y
4750,Deposit,IBB,Money Market,17606.01,Y
4750,Deposit,NIDDA,Checking,10240.76,Y
4750,Deposit,IBB,Savings,7595.52,Y
4750,Loan,N/A,Auto Loan,54500.42,Y
4751,Deposit,NIDDA,Checking,9636.88,Y
4751,Deposit,IBB,Savings,7478.11,Y
4751,Credit,N/A,Credit Card,2270.73,Y
4751,Loan,N/A,Home Loan,694075.7,Y
4752,Deposit,IBB,CD Short Term,2779.75,Y
4752,Deposit,IBB,Money Market,8443.32,Y
4752,Deposit,NIDDA,Checking,4469.65,Y
4752,Credit,N/A,Credit Card,6791.18,Y
4753,Deposit,IBB,CD Long Term,16996.18,Y
4753,Deposit,IBB,Money Market,5570.36,Y
4753,Deposit,NIDDA,Checking,3012.26,Y
4753,Deposit,IBB,Savings,692.88,Y
4753,Loan,N/A,Home Loan,166428.73,Y
4753,Loan,N/A,Auto Loan,18035.64,Y
4754,Deposit,NIDDA,Checking,2946.3,Y
4754,Deposit,IBB,Savings,1498.74,Y
4754,Credit,N/A,Credit Card,2022.01,Y
4754,Loan,N/A,Home Loan,357659.2,Y
4754,Loan,N/A,Personal Loan,11824.84,Y
4755,Deposit,NIDDA,Checking,4068.11,Y
4755,Deposit,IBB,Savings,3285.51,Y
4756,Deposit,NIDDA,Checking,2869.1,Y
4756,Loan,N/A,Auto Loan,31799.57,Y
4757,Deposit,IBB,Money Market,10929.75,Y
4757,Deposit,NIDDA,Checking,4808.5,Y
4757,Deposit,IBB,Savings,24688.74,Y
4757,Credit,N/A,Credit Card,1291.23,Y
4757,Loan,N/A,Home Loan,929844.7,Y
4758,Deposit,NIDDA,Checking,16304.73,Y
4758,Deposit,IBB,Savings,47755.05,Y
4758,Credit,N/A,Credit Card,332.71,Y
4758,Loan,N/A,Personal Loan,17625.43,Y
4759,Deposit,NIDDA,Checking,2443.0,Y
4759,Credit,N/A,Credit Card,492.95,Y
4760,Deposit,IBB,CD Short Term,31785.06,Y
4760,Deposit,NIDDA,Checking,7790.91,Y
4760,Credit,N/A,Credit Card,287.82,Y
4760,Loan,N/A,Home Loan,671120.82,Y
4760,Loan,N/A,Auto Loan,27457.56,Y
4761,Deposit,NIDDA,Checking,6672.82,Y
4761,Deposit,IBB,Savings,10535.25,Y
4761,Credit,N/A,Credit Card,1044.89,Y
4762,Deposit,NIDDA,Checking,18104.35,Y
4762,Credit,N/A,Credit Card,4200.75,Y
4762,Loan,N/A,Auto Loan,32071.3,Y
4763,Deposit,IBB,CD Long Term,25624.46,Y
4763,Deposit,IBB,CD Short Term,6612.61,Y
4763,Deposit,NIDDA,Checking,10376.45,Y
4763,Deposit,IBB,Savings,4456.18,Y
4763,Credit,N/A,Credit Card,2750.38,Y
4764,Deposit,IBB,CD Long Term,12668.72,Y
4764,Deposit,IBB,CD Short Term,141821.14,Y
4764,Deposit,NIDDA,Checking,10758.16,Y
4764,Deposit,IBB,Savings,5142.88,Y
4764,Credit,N/A,Credit Card,5590.77,Y
4765,Deposit,IBB,Money Market,6129.0,Y
4765,Deposit,NIDDA,Checking,10897.69,Y
4765,Loan,N/A,Auto Loan,57837.46,Y
4766,Deposit,NIDDA,Checking,3693.29,Y
4767,Deposit,NIDDA,Checking,28728.72,Y
4768,Deposit,IBB,Money Market,3443.03,Y
4768,Deposit,NIDDA,Checking,2321.98,Y
4768,Deposit,IBB,Savings,11137.13,Y
4768,Credit,N/A,Credit Card,7430.69,Y
4768,Loan,N/A,Auto Loan,34624.33,Y
4769,Deposit,IBB,CD Long Term,24851.33,Y
4769,Deposit,IBB,CD Short Term,40939.36,Y
4769,Deposit,NIDDA,Checking,5810.77,Y
4769,Deposit,IBB,Savings,7205.83,Y
4770,Deposit,IBB,CD Short Term,101303.23,Y
4770,Deposit,NIDDA,Checking,1152.25,Y
4770,Deposit,IBB,Savings,5690.33,Y
4770,Loan,N/A,Auto Loan,48065.23,Y
4771,Deposit,IBB,CD Long Term,25802.78,Y
4771,Deposit,IBB,Money Market,13196.99,Y
4771,Deposit,NIDDA,Checking,4558.08,Y
4771,Deposit,IBB,Savings,3199.47,Y
4771,Loan,N/A,Auto Loan,69075.93,Y
4772,Deposit,IBB,CD Short Term,53198.39,Y
4772,Deposit,NIDDA,Checking,7346.31,Y
4772,Loan,N/A,Personal Loan,16255.36,Y
4773,Deposit,IBB,CD Long Term,31999.63,Y
4773,Deposit,NIDDA,Checking,9436.61,Y
4773,Deposit,IBB,Savings,11741.02,Y
4773,Credit,N/A,Credit Card,1803.96,Y
4773,Loan,N/A,Home Loan,664495.52,Y
4774,Deposit,IBB,Money Market,30694.01,Y
4774,Deposit,NIDDA,Checking,24296.7,Y
4774,Loan,N/A,Home Loan,356156.96,Y
4775,Deposit,IBB,CD Long Term,11624.36,Y
4775,Deposit,NIDDA,Checking,25151.1,Y
4775,Deposit,IBB,Savings,3295.59,Y
4775,Loan,N/A,Auto Loan,51780.18,Y
4775,Loan,N/A,Personal Loan,34285.53,Y
4776,Deposit,IBB,CD Long Term,11431.85,Y
4776,Deposit,NIDDA,Checking,1459.01,Y
4776,Deposit,IBB,Savings,2049.13,Y
4776,Loan,N/A,Auto Loan,71649.26,Y
4777,Deposit,IBB,Money Market,7337.54,Y
4777,Deposit,NIDDA,Checking,1450.47,Y
4777,Credit,N/A,Credit Card,2945.65,Y
4777,Loan,N/A,Home Loan,339931.14,Y
4777,Loan,N/A,Auto Loan,35417.0,Y
4777,Loan,N/A,Personal Loan,34972.21,Y
4778,Deposit,IBB,CD Short Term,19822.97,Y
4778,Deposit,IBB,Money Market,28057.55,Y
4778,Deposit,NIDDA,Checking,8297.25,Y
4778,Deposit,IBB,Savings,2016.97,Y
4778,Credit,N/A,Credit Card,2757.21,Y
4778,Loan,N/A,Auto Loan,27456.53,Y
4779,Deposit,IBB,CD Short Term,105231.49,Y
4779,Deposit,NIDDA,Checking,1885.9,Y
4779,Deposit,IBB,Savings,1320.64,Y
4779,Credit,N/A,Credit Card,3178.01,Y
4779,Loan,N/A,Auto Loan,107922.67,Y
4780,Deposit,IBB,CD Long Term,32282.49,Y
4780,Deposit,IBB,CD Short Term,7242.27,Y
4780,Deposit,NIDDA,Checking,2739.7,Y
4780,Deposit,IBB,Savings,19233.26,Y
4780,Loan,N/A,Auto Loan,43959.59,Y
4781,Deposit,NIDDA,Checking,19362.95,Y
4781,Deposit,IBB,Savings,17848.27,Y
4781,Loan,N/A,Personal Loan,12748.31,Y
4782,Deposit,IBB,CD Short Term,9093.9,Y
4782,Deposit,NIDDA,Checking,2953.18,Y
4782,Deposit,IBB,Savings,7664.11,Y
4782,Credit,N/A,Credit Card,11788.21,Y
4782,Loan,N/A,Home Loan,750680.1,Y
4783,Deposit,IBB,CD Short Term,17524.03,Y
4783,Deposit,IBB,Money Market,8286.09,Y
4783,Deposit,NIDDA,Checking,1330.22,Y
4783,Deposit,IBB,Savings,16958.27,Y
4783,Loan,N/A,Home Loan,780126.68,Y
4784,Deposit,IBB,CD Short Term,18054.83,Y
4784,Deposit,IBB,Money Market,2694.92,Y
4784,Deposit,NIDDA,Checking,4298.65,Y
4784,Deposit,IBB,Savings,18948.26,Y
4784,Loan,N/A,Auto Loan,7209.32,Y
4785,Deposit,IBB,CD Short Term,8721.43,Y
4785,Deposit,IBB,Money Market,11467.09,Y
4785,Deposit,NIDDA,Checking,4316.51,Y
4785,Credit,N/A,Credit Card,3932.5,Y
4785,Loan,N/A,Home Loan,513164.82,Y
4786,Deposit,IBB,CD Short Term,10859.53,Y
4786,Deposit,IBB,Money Market,4486.57,Y
4786,Deposit,NIDDA,Checking,3810.54,Y
4786,Loan,N/A,Home Loan,557455.26,Y
4786,Loan,N/A,Auto Loan,39314.05,Y
4787,Deposit,IBB,CD Short Term,46049.17,Y
4787,Deposit,IBB,Money Market,10513.54,Y
4787,Deposit,NIDDA,Checking,10501.15,Y
4787,Deposit,IBB,Savings,11198.43,Y
4787,Credit,N/A,Credit Card,3397.73,Y
4787,Loan,N/A,Home Loan,520455.07,Y
4787,Loan,N/A,Personal Loan,14064.84,Y
4788,Deposit,IBB,CD Long Term,47542.42,Y
4788,Deposit,IBB,CD Short Term,39388.79,Y
4788,Deposit,NIDDA,Checking,36675.14,Y
4788,Deposit,IBB,Savings,1259.54,Y
4788,Credit,N/A,Credit Card,769.83,Y
4789,Deposit,IBB,CD Long Term,47129.31,Y
4789,Deposit,IBB,CD Short Term,5048.9,Y
4789,Deposit,NIDDA,Checking,4181.92,Y
4789,Deposit,IBB,Savings,4753.93,Y
4789,Loan,N/A,Home Loan,414897.35,Y
4790,Deposit,NIDDA,Checking,3913.47,Y
4790,Credit,N/A,Credit Card,1133.4,Y
4791,Deposit,IBB,CD Long Term,7127.37,Y
4791,Deposit,IBB,Money Market,9815.02,Y
4791,Deposit,NIDDA,Checking,2039.9,Y
4791,Deposit,IBB,Savings,29344.22,Y
4791,Loan,N/A,Home Loan,268077.62,Y
4792,Deposit,IBB,CD Long Term,9509.19,Y
4792,Deposit,IBB,Money Market,14605.89,Y
4792,Deposit,NIDDA,Checking,3771.02,Y
4792,Deposit,IBB,Savings,13445.16,Y
4793,Deposit,IBB,CD Short Term,9172.18,Y
4793,Deposit,IBB,Money Market,8799.95,Y
4793,Deposit,NIDDA,Checking,23808.01,Y
4793,Deposit,IBB,Savings,25464.12,Y
4793,Credit,N/A,Credit Card,3825.46,Y
4793,Loan,N/A,Auto Loan,32791.62,Y
4794,Deposit,NIDDA,Checking,5050.71,Y
4794,Credit,N/A,Credit Card,5482.34,Y
4794,Loan,N/A,Home Loan,504582.15,Y
4794,Loan,N/A,Auto Loan,49186.91,Y
4795,Deposit,IBB,Money Market,60639.0,Y
4795,Deposit,NIDDA,Checking,10708.91,Y
4795,Deposit,IBB,Savings,39662.53,Y
4795,Credit,N/A,Credit Card,5886.51,Y
4795,Loan,N/A,Home Loan,222975.39,Y
4796,Deposit,IBB,CD Long Term,87883.5,Y
4796,Deposit,NIDDA,Checking,3170.96,Y
4796,Deposit,IBB,CD Short Term,37079.92,Y
4796,Deposit,IBB,Money Market,71618.0,Y
4796,Deposit,IBB,Savings,23226.12,Y
4796,Loan,N/A,Home Loan,503890.58,Y
4797,Deposit,IBB,Money Market,23498.7,Y
4797,Deposit,NIDDA,Checking,2931.26,Y
4797,Deposit,IBB,Savings,7638.2,Y
4798,Deposit,NIDDA,Checking,15947.24,Y
4798,Deposit,IBB,Savings,7529.84,Y
4799,Deposit,NIDDA,Checking,3280.0,Y
4799,Deposit,IBB,Savings,9353.58,Y
4800,Deposit,IBB,Money Market,3084.94,Y
4800,Deposit,NIDDA,Checking,5543.17,Y
4800,Deposit,IBB,Savings,15302.32,Y
4801,Deposit,IBB,CD Short Term,5843.05,Y
4801,Deposit,NIDDA,Checking,2546.14,Y
4802,Deposit,NIDDA,Checking,1679.93,Y
4802,Loan,N/A,Personal Loan,64650.25,Y
4803,Deposit,IBB,CD Short Term,9338.03,Y
4803,Deposit,NIDDA,Checking,20649.28,Y
4803,Deposit,IBB,Savings,17134.24,Y
4803,Credit,N/A,Credit Card,7175.59,Y
4804,Deposit,IBB,CD Short Term,8593.01,Y
4804,Deposit,IBB,Money Market,30359.2,Y
4804,Deposit,NIDDA,Checking,13468.41,Y
4805,Deposit,IBB,CD Long Term,10704.66,Y
4805,Deposit,IBB,CD Short Term,9287.31,Y
4805,Deposit,NIDDA,Checking,7887.37,Y
4805,Deposit,IBB,Savings,33634.27,Y
4805,Credit,N/A,Credit Card,3832.67,Y
4805,Loan,N/A,Home Loan,302986.5,Y
4805,Loan,N/A,Auto Loan,19888.11,Y
4806,Deposit,NIDDA,Checking,1871.23,Y
4806,Deposit,IBB,Savings,15502.49,Y
4806,Credit,N/A,Credit Card,1921.01,Y
4806,Loan,N/A,Home Loan,526064.83,Y
4807,Deposit,IBB,Money Market,18583.82,Y
4807,Deposit,NIDDA,Checking,7734.6,Y
4807,Deposit,IBB,Savings,15727.3,Y
4807,Credit,N/A,Credit Card,1142.45,Y
4808,Deposit,IBB,CD Short Term,19780.68,Y
4808,Deposit,IBB,Money Market,2982.02,Y
4808,Deposit,NIDDA,Checking,1954.87,Y
4808,Deposit,IBB,Savings,1814.33,Y
4809,Deposit,NIDDA,Checking,3755.14,Y
4809,Deposit,IBB,Savings,877.92,Y
4809,Credit,N/A,Credit Card,11149.47,Y
4810,Deposit,IBB,CD Long Term,51698.62,Y
4810,Deposit,NIDDA,Checking,4701.12,Y
4810,Deposit,IBB,Savings,13784.75,Y
4811,Deposit,IBB,Money Market,5981.51,Y
4811,Deposit,NIDDA,Checking,10328.37,Y
4811,Deposit,IBB,Savings,1605.34,Y
4811,Credit,N/A,Credit Card,8639.76,Y
4811,Loan,N/A,Home Loan,212674.39,Y
4811,Loan,N/A,Auto Loan,29920.74,Y
4812,Deposit,IBB,Money Market,9676.77,Y
4812,Deposit,NIDDA,Checking,8715.56,Y
4812,Credit,N/A,Credit Card,4464.79,Y
4812,Loan,N/A,Auto Loan,16244.67,Y
4813,Deposit,IBB,CD Long Term,2547.56,Y
4813,Deposit,NIDDA,Checking,1929.04,Y
4813,Deposit,IBB,CD Short Term,16736.85,Y
4813,Deposit,IBB,Money Market,6113.05,Y
4813,Deposit,IBB,Savings,3706.56,Y
4813,Credit,N/A,Credit Card,7868.66,Y
4814,Deposit,IBB,CD Short Term,4335.76,Y
4814,Deposit,IBB,Money Market,49334.78,Y
4814,Deposit,NIDDA,Checking,5745.62,Y
4814,Credit,N/A,Credit Card,7027.72,Y
4814,Loan,N/A,Personal Loan,19865.36,Y
4815,Deposit,NIDDA,Checking,1830.54,Y
4815,Loan,N/A,Home Loan,420750.84,Y
4816,Deposit,NIDDA,Checking,13571.57,Y
4816,Credit,N/A,Credit Card,376.01,Y
4816,Loan,N/A,Personal Loan,25350.66,Y
4817,Deposit,IBB,Money Market,9805.82,Y
4817,Deposit,NIDDA,Checking,2345.37,Y
4817,Deposit,IBB,Savings,5174.88,Y
4817,Loan,N/A,Home Loan,339699.7,Y
4818,Deposit,IBB,CD Short Term,12181.87,Y
4818,Deposit,NIDDA,Checking,27729.15,Y
4818,Credit,N/A,Credit Card,3536.34,Y
4818,Loan,N/A,Home Loan,640672.58,Y
4818,Loan,N/A,Auto Loan,13973.16,Y
4819,Deposit,IBB,CD Short Term,1360.78,Y
4819,Deposit,NIDDA,Checking,2940.37,Y
4819,Credit,N/A,Credit Card,6311.04,Y
4819,Loan,N/A,Home Loan,446567.92,Y
4819,Loan,N/A,Auto Loan,28697.69,Y
4819,Loan,N/A,Personal Loan,23538.25,Y
4820,Deposit,NIDDA,Checking,3567.43,Y
4820,Deposit,IBB,Savings,18965.97,Y
4821,Deposit,IBB,CD Short Term,10672.97,Y
4821,Deposit,NIDDA,Checking,8547.44,Y
4821,Deposit,IBB,Savings,4511.4,Y
4821,Credit,N/A,Credit Card,68644.58,Y
4821,Loan,N/A,Auto Loan,22657.45,Y
4822,Deposit,IBB,CD Long Term,43313.12,Y
4822,Deposit,NIDDA,Checking,2266.1,Y
4822,Deposit,IBB,Savings,57277.15,Y
4822,Loan,N/A,Home Loan,705653.25,Y
4823,Deposit,IBB,CD Short Term,22836.63,Y
4823,Deposit,IBB,Money Market,74810.5,Y
4823,Deposit,NIDDA,Checking,6364.41,Y
4823,Deposit,IBB,Savings,11803.61,Y
4824,Deposit,NIDDA,Checking,5445.82,Y
4824,Loan,N/A,Home Loan,518120.16,Y
4825,Deposit,IBB,CD Short Term,51669.03,Y
4825,Deposit,NIDDA,Checking,6346.12,Y
4825,Credit,N/A,Credit Card,10053.43,Y
4825,Loan,N/A,Auto Loan,73846.46,Y
4826,Deposit,IBB,CD Short Term,14129.55,Y
4826,Deposit,IBB,Money Market,5884.84,Y
4826,Deposit,NIDDA,Checking,7280.5,Y
4826,Deposit,IBB,Savings,3987.55,Y
4826,Credit,N/A,Credit Card,1833.47,Y
4826,Loan,N/A,Auto Loan,42125.12,Y
4827,Deposit,IBB,CD Short Term,50300.1,Y
4827,Deposit,NIDDA,Checking,3980.14,Y
4827,Deposit,IBB,Savings,7097.02,Y
4828,Deposit,NIDDA,Checking,17057.71,Y
4828,Deposit,IBB,Savings,9039.07,Y
4828,Credit,N/A,Credit Card,1772.15,Y
4829,Deposit,IBB,Money Market,3108.85,Y
4829,Deposit,NIDDA,Checking,2763.4,Y
4829,Deposit,IBB,Savings,35590.06,Y
4830,Deposit,IBB,CD Short Term,14039.02,Y
4830,Deposit,IBB,Money Market,34138.12,Y
4830,Deposit,NIDDA,Checking,2117.64,Y
4830,Deposit,IBB,Savings,36345.22,Y
4830,Credit,N/A,Credit Card,631.04,Y
4831,Deposit,IBB,CD Long Term,19435.09,Y
4831,Deposit,IBB,CD Short Term,86086.55,Y
4831,Deposit,IBB,Money Market,16011.7,Y
4831,Deposit,NIDDA,Checking,36366.33,Y
4831,Credit,N/A,Credit Card,383.77,Y
4832,Deposit,NIDDA,Checking,5883.2,Y
4832,Deposit,IBB,Savings,2510.57,Y
4833,Deposit,IBB,CD Short Term,28362.65,Y
4833,Deposit,NIDDA,Checking,6721.43,Y
4833,Deposit,IBB,Savings,3592.16,Y
4833,Credit,N/A,Credit Card,9137.05,Y
4833,Loan,N/A,Home Loan,566761.43,Y
4834,Deposit,NIDDA,Checking,3515.53,Y
4834,Deposit,IBB,Savings,8392.81,Y
4834,Loan,N/A,Auto Loan,13196.69,Y
4835,Deposit,IBB,CD Short Term,5594.9,Y
4835,Deposit,IBB,Money Market,15079.14,Y
4835,Deposit,NIDDA,Checking,2316.57,Y
4835,Deposit,IBB,Savings,4377.26,Y
4835,Loan,N/A,Auto Loan,72233.67,Y
4836,Deposit,IBB,CD Short Term,12058.38,Y
4836,Deposit,NIDDA,Checking,8053.57,Y
4836,Deposit,IBB,Savings,7687.13,Y
4837,Deposit,NIDDA,Checking,38271.53,Y
4837,Deposit,IBB,Savings,9477.76,Y
4837,Credit,N/A,Credit Card,2011.84,Y
4837,Loan,N/A,Auto Loan,39868.07,Y
4838,Deposit,IBB,CD Short Term,6420.37,Y
4838,Deposit,IBB,Money Market,20471.47,Y
4838,Deposit,NIDDA,Checking,3859.92,Y
4838,Loan,N/A,Auto Loan,15113.38,Y
4839,Deposit,NIDDA,Checking,3952.12,Y
4839,Deposit,IBB,Savings,1500.34,Y
4839,Credit,N/A,Credit Card,2520.09,Y
4839,Loan,N/A,Auto Loan,78869.76,Y
4840,Deposit,IBB,CD Long Term,133295.54,Y
4840,Deposit,IBB,CD Short Term,30183.04,Y
4840,Deposit,NIDDA,Checking,11842.78,Y
4840,Loan,N/A,Auto Loan,54495.12,Y
4840,Loan,N/A,Personal Loan,6721.79,Y
4841,Deposit,IBB,CD Short Term,11957.36,Y
4841,Deposit,IBB,Money Market,1907.6,Y
4841,Deposit,NIDDA,Checking,2311.28,Y
4841,Deposit,IBB,Savings,17312.53,Y
4841,Credit,N/A,Credit Card,10087.36,Y
4841,Loan,N/A,Auto Loan,17864.06,Y
4842,Deposit,NIDDA,Checking,10760.48,Y
4842,Deposit,IBB,Savings,3411.69,Y
4843,Deposit,IBB,CD Short Term,10413.68,Y
4843,Deposit,IBB,Money Market,3819.07,Y
4843,Deposit,NIDDA,Checking,11824.68,Y
4843,Deposit,IBB,Savings,15647.25,Y
4843,Loan,N/A,Home Loan,332178.61,Y
4844,Deposit,IBB,Money Market,1141.58,Y
4844,Deposit,NIDDA,Checking,8206.31,Y
4844,Deposit,IBB,Savings,11587.67,Y
4844,Loan,N/A,Auto Loan,31205.51,Y
4845,Deposit,NIDDA,Checking,7255.88,Y
4845,Deposit,IBB,Savings,17206.84,Y
4845,Loan,N/A,Personal Loan,31157.69,Y
4846,Deposit,IBB,Money Market,8758.76,Y
4846,Deposit,NIDDA,Checking,1034.41,Y
4846,Deposit,IBB,Savings,40896.07,Y
4846,Credit,N/A,Credit Card,16685.98,Y
4847,Deposit,NIDDA,Checking,6724.24,Y
4847,Deposit,IBB,Savings,8249.27,Y
4847,Credit,N/A,Credit Card,6200.83,Y
4848,Deposit,IBB,CD Long Term,6453.25,Y
4848,Deposit,IBB,CD Short Term,46530.85,Y
4848,Deposit,NIDDA,Checking,11827.64,Y
4848,Deposit,IBB,Savings,21576.33,Y
4848,Credit,N/A,Credit Card,4446.57,Y
4848,Loan,N/A,Auto Loan,87148.95,Y
4849,Deposit,IBB,Money Market,47457.77,Y
4849,Deposit,NIDDA,Checking,13527.67,Y
4849,Deposit,IBB,Savings,10651.16,Y
4850,Deposit,IBB,Money Market,7439.74,Y
4850,Deposit,NIDDA,Checking,6851.31,Y
4850,Loan,N/A,Home Loan,683985.31,Y
4850,Loan,N/A,Personal Loan,94778.79,Y
4851,Deposit,NIDDA,Checking,1423.37,Y
4851,Loan,N/A,Home Loan,1434463.22,Y
4852,Deposit,IBB,CD Long Term,78625.84,Y
4852,Deposit,NIDDA,Checking,7733.07,Y
4852,Deposit,IBB,Savings,5548.91,Y
4853,Deposit,IBB,CD Short Term,14080.76,Y
4853,Deposit,IBB,Money Market,19181.77,Y
4853,Deposit,NIDDA,Checking,1309.65,Y
4853,Deposit,IBB,Savings,867.16,Y
4853,Loan,N/A,Auto Loan,35674.29,Y
4854,Deposit,IBB,CD Long Term,21938.5,Y
4854,Deposit,NIDDA,Checking,1660.27,Y
4854,Deposit,IBB,CD Short Term,11911.31,Y
4854,Deposit,IBB,Money Market,2454.21,Y
4854,Deposit,IBB,Savings,11996.78,Y
4855,Deposit,IBB,CD Short Term,69175.49,Y
4855,Deposit,NIDDA,Checking,1046.19,Y
4855,Loan,N/A,Home Loan,562181.0,Y
4856,Deposit,NIDDA,Checking,3440.87,Y
4856,Deposit,IBB,Savings,17927.48,Y
4856,Loan,N/A,Personal Loan,14870.83,Y
4857,Deposit,NIDDA,Checking,4563.29,Y
4857,Deposit,IBB,Savings,12414.98,Y
4858,Deposit,IBB,CD Long Term,10572.47,Y
4858,Deposit,NIDDA,Checking,9903.94,Y
4858,Deposit,IBB,CD Short Term,90008.99,Y
4858,Deposit,IBB,Money Market,11314.51,Y
4858,Deposit,IBB,Savings,1221.5,Y
4858,Loan,N/A,Home Loan,244350.82,Y
4858,Loan,N/A,Auto Loan,30734.85,Y
4859,Deposit,NIDDA,Checking,3525.73,Y
4859,Loan,N/A,Home Loan,1239055.96,Y
4860,Deposit,IBB,Money Market,4506.19,Y
4860,Deposit,NIDDA,Checking,3846.78,Y
4860,Credit,N/A,Credit Card,1310.7,Y
4861,Deposit,IBB,Money Market,7508.17,Y
4861,Deposit,NIDDA,Checking,7973.0,Y
4861,Credit,N/A,Credit Card,539.13,Y
4862,Deposit,IBB,CD Short Term,2153.92,Y
4862,Deposit,IBB,Money Market,12210.74,Y
4862,Deposit,NIDDA,Checking,10379.46,Y
4862,Deposit,IBB,Savings,2815.43,Y
4863,Deposit,IBB,CD Long Term,17784.33,Y
4863,Deposit,NIDDA,Checking,4534.12,Y
4863,Deposit,IBB,Savings,6295.77,Y
4863,Credit,N/A,Credit Card,11724.93,Y
4863,Loan,N/A,Personal Loan,14475.24,Y
4864,Deposit,IBB,CD Long Term,31439.19,Y
4864,Deposit,NIDDA,Checking,2120.13,Y
4864,Deposit,IBB,CD Short Term,3229.2,Y
4864,Deposit,IBB,Money Market,7560.46,Y
4864,Deposit,IBB,Savings,8293.6,Y
4864,Credit,N/A,Credit Card,1659.27,Y
4864,Loan,N/A,Home Loan,190941.12,Y
4865,Deposit,IBB,CD Long Term,2681.01,Y
4865,Deposit,NIDDA,Checking,4553.62,Y
4865,Loan,N/A,Home Loan,912180.21,Y
4866,Deposit,IBB,CD Short Term,32601.18,Y
4866,Deposit,NIDDA,Checking,1360.72,Y
4866,Deposit,IBB,Savings,6189.52,Y
4866,Loan,N/A,Auto Loan,23839.98,Y
4867,Deposit,IBB,Money Market,1324.29,Y
4867,Deposit,NIDDA,Checking,1892.19,Y
4867,Loan,N/A,Auto Loan,94060.86,Y
4868,Deposit,IBB,CD Long Term,2296.11,Y
4868,Deposit,IBB,CD Short Term,30142.42,Y
4868,Deposit,NIDDA,Checking,7731.72,Y
4868,Credit,N/A,Credit Card,1248.52,Y
4868,Loan,N/A,Auto Loan,13426.66,Y
4869,Deposit,IBB,CD Short Term,2779.39,Y
4869,Deposit,IBB,Money Market,3942.94,Y
4869,Deposit,NIDDA,Checking,11905.02,Y
4869,Deposit,IBB,Savings,782.62,Y
4869,Credit,N/A,Credit Card,915.26,Y
4870,Deposit,IBB,CD Long Term,46221.23,Y
4870,Deposit,IBB,CD Short Term,8167.63,Y
4870,Deposit,IBB,Money Market,8677.46,Y
4870,Deposit,NIDDA,Checking,3100.97,Y
4871,Deposit,IBB,CD Short Term,10540.87,Y
4871,Deposit,NIDDA,Checking,2350.47,Y
4871,Loan,N/A,Auto Loan,61016.57,Y
4872,Deposit,IBB,Money Market,44147.92,Y
4872,Deposit,NIDDA,Checking,3502.05,Y
4872,Deposit,IBB,Savings,2635.22,Y
4872,Credit,N/A,Credit Card,1231.34,Y
4873,Deposit,IBB,CD Short Term,12534.59,Y
4873,Deposit,IBB,Money Market,19173.44,Y
4873,Deposit,NIDDA,Checking,8374.25,Y
4873,Credit,N/A,Credit Card,937.62,Y
4874,Deposit,NIDDA,Checking,8948.91,Y
4874,Loan,N/A,Home Loan,1974236.48,Y
4875,Deposit,IBB,Money Market,8423.64,Y
4875,Deposit,NIDDA,Checking,5656.76,Y
4875,Deposit,IBB,Savings,6133.67,Y
4876,Deposit,IBB,CD Long Term,11657.89,Y
4876,Deposit,NIDDA,Checking,871.67,Y
4876,Deposit,IBB,Savings,2893.51,Y
4876,Loan,N/A,Auto Loan,48231.69,Y
4877,Deposit,IBB,CD Short Term,8672.17,Y
4877,Deposit,IBB,Money Market,5498.96,Y
4877,Deposit,NIDDA,Checking,2400.2,Y
4877,Credit,N/A,Credit Card,1305.1,Y
4878,Deposit,IBB,Money Market,28621.26,Y
4878,Deposit,NIDDA,Checking,957.98,Y
4878,Deposit,IBB,Savings,37571.49,Y
4878,Loan,N/A,Auto Loan,31777.43,Y
4879,Deposit,IBB,Money Market,23093.39,Y
4879,Deposit,NIDDA,Checking,13779.2,Y
4879,Deposit,IBB,Savings,53318.98,Y
4879,Credit,N/A,Credit Card,11233.14,Y
4879,Loan,N/A,Home Loan,466196.47,Y
4879,Loan,N/A,Auto Loan,21323.68,Y
4880,Deposit,IBB,CD Long Term,19287.78,Y
4880,Deposit,NIDDA,Checking,4431.37,Y
4880,Deposit,IBB,Savings,47700.31,Y
4880,Loan,N/A,Home Loan,637534.65,Y
4881,Deposit,IBB,CD Short Term,32571.26,Y
4881,Deposit,IBB,Money Market,2547.45,Y
4881,Deposit,NIDDA,Checking,7194.95,Y
4881,Deposit,IBB,Savings,72010.96,Y
4881,Loan,N/A,Home Loan,974877.74,Y
4882,Deposit,IBB,Money Market,48688.79,Y
4882,Deposit,NIDDA,Checking,16393.33,Y
4883,Deposit,IBB,CD Short Term,32391.46,Y
4883,Deposit,IBB,Money Market,5450.3,Y
4883,Deposit,NIDDA,Checking,761.3,Y
4884,Deposit,IBB,CD Long Term,17882.81,Y
4884,Deposit,NIDDA,Checking,3100.77,Y
4885,Deposit,IBB,CD Long Term,15286.12,Y
4885,Deposit,IBB,CD Short Term,6125.2,Y
4885,Deposit,IBB,Money Market,3124.4,Y
4885,Deposit,NIDDA,Checking,3631.37,Y
4885,Credit,N/A,Credit Card,3381.04,Y
4885,Loan,N/A,Home Loan,223713.05,Y
4886,Deposit,NIDDA,Checking,1858.1,Y
4886,Deposit,IBB,Savings,373.91,Y
4886,Credit,N/A,Credit Card,2630.45,Y
4886,Loan,N/A,Home Loan,367249.9,Y
4887,Deposit,IBB,Money Market,59336.61,Y
4887,Deposit,NIDDA,Checking,2957.65,Y
4887,Credit,N/A,Credit Card,1600.93,Y
4887,Loan,N/A,Personal Loan,16132.18,Y
4888,Deposit,NIDDA,Checking,2370.91,Y
4888,Deposit,IBB,Savings,10129.14,Y
4888,Loan,N/A,Auto Loan,29828.22,Y
4889,Deposit,IBB,CD Short Term,4059.38,Y
4889,Deposit,IBB,Money Market,4927.93,Y
4889,Deposit,NIDDA,Checking,1865.68,Y
4889,Deposit,IBB,Savings,31671.32,Y
4889,Loan,N/A,Personal Loan,43117.06,Y
4890,Deposit,IBB,CD Long Term,5519.63,Y
4890,Deposit,IBB,CD Short Term,5603.54,Y
4890,Deposit,NIDDA,Checking,23443.39,Y
4891,Deposit,IBB,CD Short Term,12530.44,Y
4891,Deposit,NIDDA,Checking,9886.42,Y
4891,Deposit,IBB,Savings,17457.93,Y
4891,Credit,N/A,Credit Card,8821.37,Y
4891,Loan,N/A,Auto Loan,20163.7,Y
4891,Loan,N/A,Personal Loan,13543.23,Y
4892,Deposit,NIDDA,Checking,9301.54,Y
4892,Deposit,IBB,Savings,31161.33,Y
4893,Deposit,IBB,CD Long Term,11325.58,Y
4893,Deposit,NIDDA,Checking,6937.76,Y
4893,Deposit,IBB,CD Short Term,1543.84,Y
4893,Deposit,IBB,Money Market,5426.25,Y
4893,Deposit,IBB,Savings,22845.4,Y
4894,Deposit,NIDDA,Checking,2014.41,Y
4894,Deposit,IBB,Savings,9903.16,Y
4894,Credit,N/A,Credit Card,259.62,Y
4895,Deposit,IBB,CD Long Term,34482.36,Y
4895,Deposit,IBB,CD Short Term,11836.13,Y
4895,Deposit,IBB,Money Market,5213.79,Y
4895,Deposit,NIDDA,Checking,1256.86,Y
4895,Credit,N/A,Credit Card,2200.8,Y
4895,Loan,N/A,Auto Loan,43294.05,Y
4896,Deposit,IBB,Money Market,22393.28,Y
4896,Deposit,NIDDA,Checking,8629.44,Y
4896,Credit,N/A,Credit Card,21203.75,Y
4896,Loan,N/A,Auto Loan,34326.91,Y
4897,Deposit,IBB,CD Long Term,134799.09,Y
4897,Deposit,IBB,CD Short Term,3871.48,Y
4897,Deposit,NIDDA,Checking,23003.38,Y
4897,Deposit,IBB,Savings,19588.05,Y
4897,Credit,N/A,Credit Card,4183.74,Y
4897,Loan,N/A,Home Loan,316563.62,Y
4898,Deposit,NIDDA,Checking,4034.95,Y
4898,Deposit,IBB,Savings,3035.43,Y
4898,Credit,N/A,Credit Card,6367.0,Y
4898,Loan,N/A,Home Loan,705750.05,Y
4899,Deposit,NIDDA,Checking,11782.81,Y
4899,Deposit,IBB,Savings,17013.2,Y
4899,Credit,N/A,Credit Card,705.4,Y
4900,Deposit,IBB,Money Market,4324.08,Y
4900,Deposit,NIDDA,Checking,10054.47,Y
4900,Deposit,IBB,Savings,16873.19,Y
4900,Credit,N/A,Credit Card,4271.98,Y
4901,Deposit,IBB,CD Short Term,4912.51,Y
4901,Deposit,NIDDA,Checking,8098.68,Y
4901,Deposit,IBB,Savings,6557.08,Y
4901,Loan,N/A,Home Loan,632010.34,Y
4901,Loan,N/A,Personal Loan,20034.5,Y
4902,Deposit,IBB,CD Long Term,122776.93,Y
4902,Deposit,NIDDA,Checking,8422.91,Y
4903,Deposit,IBB,CD Long Term,9712.28,Y
4903,Deposit,NIDDA,Checking,6643.87,Y
4903,Deposit,IBB,Savings,3895.6,Y
4903,Loan,N/A,Auto Loan,28751.77,Y
4904,Deposit,IBB,CD Long Term,17442.87,Y
4904,Deposit,IBB,Money Market,9198.28,Y
4904,Deposit,NIDDA,Checking,16613.3,Y
4904,Deposit,IBB,Savings,15936.24,Y
4904,Credit,N/A,Credit Card,2614.86,Y
4904,Loan,N/A,Home Loan,550583.22,Y
4904,Loan,N/A,Auto Loan,30195.64,Y
4905,Deposit,IBB,CD Long Term,27439.84,Y
4905,Deposit,NIDDA,Checking,4566.64,Y
4905,Deposit,IBB,CD Short Term,5916.67,Y
4905,Deposit,IBB,Money Market,3802.82,Y
4905,Deposit,IBB,Savings,5421.07,Y
4905,Credit,N/A,Credit Card,3223.25,Y
4906,Deposit,NIDDA,Checking,5427.85,Y
4906,Loan,N/A,Auto Loan,16488.86,Y
4907,Deposit,IBB,CD Short Term,64844.42,Y
4907,Deposit,NIDDA,Checking,16984.73,Y
4907,Deposit,IBB,Savings,2350.12,Y
4907,Loan,N/A,Personal Loan,31061.04,Y
4908,Deposit,IBB,Money Market,29493.56,Y
4908,Deposit,NIDDA,Checking,12736.07,Y
4908,Deposit,IBB,Savings,1833.88,Y
4908,Loan,N/A,Auto Loan,43416.35,Y
4909,Deposit,IBB,Money Market,45707.56,Y
4909,Deposit,NIDDA,Checking,3116.96,Y
4909,Deposit,IBB,Savings,3926.6,Y
4910,Deposit,IBB,Money Market,24571.64,Y
4910,Deposit,NIDDA,Checking,5095.58,Y
4910,Deposit,IBB,Savings,9254.29,Y
4910,Credit,N/A,Credit Card,6305.4,Y
4911,Deposit,IBB,CD Short Term,41646.54,Y
4911,Deposit,IBB,Money Market,13769.8,Y
4911,Deposit,NIDDA,Checking,4746.12,Y
4911,Credit,N/A,Credit Card,2170.54,Y
4911,Loan,N/A,Personal Loan,126496.43,Y
4912,Deposit,IBB,Money Market,8375.25,Y
4912,Deposit,NIDDA,Checking,2441.48,Y
4912,Deposit,IBB,Savings,1754.61,Y
4912,Credit,N/A,Credit Card,2589.9,Y
4912,Loan,N/A,Home Loan,220998.13,Y
4913,Deposit,IBB,CD Long Term,21591.9,Y
4913,Deposit,NIDDA,Checking,9656.43,Y
4913,Deposit,IBB,CD Short Term,3259.53,Y
4913,Deposit,IBB,Money Market,8070.65,Y
4913,Deposit,IBB,Savings,2072.34,Y
4913,Credit,N/A,Credit Card,538.77,Y
4913,Loan,N/A,Home Loan,463754.05,Y
4914,Deposit,IBB,CD Long Term,38067.95,Y
4914,Deposit,NIDDA,Checking,2752.33,Y
4914,Deposit,IBB,CD Short Term,17438.12,Y
4914,Deposit,IBB,Money Market,28810.1,Y
4914,Deposit,IBB,Savings,18293.76,Y
4914,Credit,N/A,Credit Card,2135.09,Y
4915,Deposit,IBB,Money Market,57842.54,Y
4915,Deposit,NIDDA,Checking,4454.8,Y
4915,Credit,N/A,Credit Card,6427.45,Y
4916,Deposit,IBB,CD Long Term,4559.66,Y
4916,Deposit,NIDDA,Checking,6989.76,Y
4916,Deposit,IBB,Savings,7361.37,Y
4916,Credit,N/A,Credit Card,2316.59,Y
4916,Loan,N/A,Auto Loan,60613.65,Y
4917,Deposit,IBB,Money Market,21716.04,Y
4917,Deposit,NIDDA,Checking,4709.48,Y
4918,Deposit,IBB,CD Short Term,2942.94,Y
4918,Deposit,NIDDA,Checking,4257.89,Y
4918,Deposit,IBB,Savings,173875.79,Y
4918,Loan,N/A,Home Loan,400113.93,Y
4919,Deposit,IBB,CD Short Term,17316.18,Y
4919,Deposit,IBB,Money Market,5807.59,Y
4919,Deposit,NIDDA,Checking,2266.6,Y
4919,Credit,N/A,Credit Card,2051.12,Y
4919,Loan,N/A,Personal Loan,6082.83,Y
4920,Deposit,IBB,CD Long Term,9264.49,Y
4920,Deposit,NIDDA,Checking,23986.84,Y
4920,Deposit,IBB,Savings,25358.32,Y
4920,Credit,N/A,Credit Card,2705.04,Y
4920,Loan,N/A,Home Loan,329472.42,Y
4921,Deposit,NIDDA,Checking,9007.12,Y
4921,Credit,N/A,Credit Card,1079.64,Y
4922,Deposit,IBB,CD Short Term,56089.75,Y
4922,Deposit,IBB,Money Market,56420.36,Y
4922,Deposit,NIDDA,Checking,16297.19,Y
4922,Deposit,IBB,Savings,14172.31,Y
4922,Credit,N/A,Credit Card,3666.38,Y
4922,Loan,N/A,Home Loan,514748.69,Y
4923,Deposit,NIDDA,Checking,1355.08,Y
4923,Deposit,IBB,Savings,3009.85,Y
4924,Deposit,IBB,CD Long Term,13622.41,Y
4924,Deposit,IBB,Money Market,6343.93,Y
4924,Deposit,NIDDA,Checking,14837.96,Y
4924,Deposit,IBB,Savings,7962.59,Y
4924,Credit,N/A,Credit Card,3510.79,Y
4924,Loan,N/A,Home Loan,428218.73,Y
4925,Deposit,IBB,Money Market,1287.25,Y
4925,Deposit,NIDDA,Checking,2474.31,Y
4925,Deposit,IBB,Savings,5981.66,Y
4926,Deposit,NIDDA,Checking,9878.53,Y
4926,Deposit,IBB,Savings,10562.99,Y
4926,Credit,N/A,Credit Card,619.39,Y
4927,Deposit,IBB,CD Short Term,37927.01,Y
4927,Deposit,IBB,Money Market,22220.8,Y
4927,Deposit,NIDDA,Checking,2351.73,Y
4927,Deposit,IBB,Savings,14072.27,Y
4927,Credit,N/A,Credit Card,3570.08,Y
4927,Loan,N/A,Home Loan,431339.63,Y
4928,Deposit,IBB,CD Short Term,7389.24,Y
4928,Deposit,NIDDA,Checking,6875.55,Y
4928,Deposit,IBB,Savings,4642.1,Y
4929,Deposit,NIDDA,Checking,2692.43,Y
4929,Deposit,IBB,Savings,3101.23,Y
4930,Deposit,IBB,CD Short Term,69497.93,Y
4930,Deposit,IBB,Money Market,23342.92,Y
4930,Deposit,NIDDA,Checking,54155.44,Y
4930,Deposit,IBB,Savings,6760.36,Y
4930,Credit,N/A,Credit Card,4381.96,Y
4930,Loan,N/A,Home Loan,262244.86,Y
4930,Loan,N/A,Personal Loan,48364.29,Y
4931,Deposit,NIDDA,Checking,9865.21,Y
4931,Deposit,IBB,Savings,842.85,Y
4931,Loan,N/A,Home Loan,213554.41,Y
4931,Loan,N/A,Auto Loan,10948.66,Y
4932,Deposit,NIDDA,Checking,9875.41,Y
4932,Deposit,IBB,Savings,9523.83,Y
4932,Credit,N/A,Credit Card,4893.05,Y
4932,Loan,N/A,Home Loan,453902.45,Y
4932,Loan,N/A,Personal Loan,57682.96,Y
4933,Deposit,IBB,CD Short Term,42702.29,Y
4933,Deposit,NIDDA,Checking,12914.99,Y
4933,Loan,N/A,Personal Loan,32796.62,Y
4934,Deposit,IBB,CD Long Term,54666.96,Y
4934,Deposit,NIDDA,Checking,11652.44,Y
4934,Deposit,IBB,Savings,5907.18,Y
4934,Loan,N/A,Home Loan,784602.53,Y
4934,Loan,N/A,Auto Loan,28974.88,Y
4935,Deposit,IBB,Money Market,9626.34,Y
4935,Deposit,NIDDA,Checking,3043.26,Y
4936,Deposit,IBB,Money Market,3858.34,Y
4936,Deposit,NIDDA,Checking,24626.73,Y
4936,Deposit,IBB,Savings,4480.02,Y
4936,Credit,N/A,Credit Card,3251.41,Y
4937,Deposit,IBB,CD Long Term,7786.37,Y
4937,Deposit,IBB,CD Short Term,23487.91,Y
4937,Deposit,NIDDA,Checking,24204.11,Y
4938,Deposit,IBB,CD Long Term,34969.54,Y
4938,Deposit,NIDDA,Checking,4344.1,Y
4938,Deposit,IBB,CD Short Term,34562.59,Y
4938,Deposit,IBB,Money Market,2540.83,Y
4938,Deposit,IBB,Savings,4405.53,Y
4938,Loan,N/A,Home Loan,410286.82,Y
4939,Deposit,IBB,CD Short Term,10792.03,Y
4939,Deposit,IBB,Money Market,35557.29,Y
4939,Deposit,NIDDA,Checking,27266.09,Y
4939,Deposit,IBB,Savings,3851.82,Y
4939,Credit,N/A,Credit Card,469.2,Y
4940,Deposit,IBB,Money Market,19562.69,Y
4940,Deposit,NIDDA,Checking,1262.49,Y
4940,Deposit,IBB,Savings,8283.12,Y
4940,Loan,N/A,Auto Loan,52997.71,Y
4941,Deposit,IBB,CD Long Term,14510.67,Y
4941,Deposit,IBB,CD Short Term,8875.77,Y
4941,Deposit,IBB,Money Market,10184.72,Y
4941,Deposit,NIDDA,Checking,1792.95,Y
4941,Loan,N/A,Personal Loan,17128.73,Y
4942,Deposit,NIDDA,Checking,2383.11,Y
4942,Deposit,IBB,Savings,11113.27,Y
4942,Credit,N/A,Credit Card,7241.78,Y
4942,Loan,N/A,Auto Loan,25844.59,Y
4943,Deposit,IBB,Money Market,11137.3,Y
4943,Deposit,NIDDA,Checking,7660.34,Y
4943,Deposit,IBB,Savings,5186.54,Y
4943,Credit,N/A,Credit Card,1753.2,Y
4944,Deposit,IBB,CD Short Term,5723.6,Y
4944,Deposit,NIDDA,Checking,11568.56,Y
4944,Deposit,IBB,Savings,5419.62,Y
4945,Deposit,IBB,CD Short Term,14573.15,Y
4945,Deposit,NIDDA,Checking,8976.43,Y
4946,Deposit,NIDDA,Checking,6044.66,Y
4946,Deposit,IBB,Savings,7889.5,Y
4946,Credit,N/A,Credit Card,1076.53,Y
4946,Loan,N/A,Auto Loan,33159.31,Y
4947,Deposit,NIDDA,Checking,6644.87,Y
4947,Deposit,IBB,Savings,51966.18,Y
4947,Loan,N/A,Home Loan,225230.1,Y
4948,Deposit,NIDDA,Checking,3283.93,Y
4948,Deposit,IBB,Savings,1734.89,Y
4949,Deposit,NIDDA,Checking,12943.17,Y
4949,Deposit,IBB,Savings,7865.54,Y
4949,Loan,N/A,Personal Loan,28689.61,Y
4950,Deposit,NIDDA,Checking,11776.3,Y
4950,Deposit,IBB,Savings,10367.87,Y
4950,Credit,N/A,Credit Card,1461.93,Y
4950,Loan,N/A,Home Loan,384092.67,Y
4951,Deposit,IBB,Money Market,13356.56,Y
4951,Deposit,NIDDA,Checking,4424.63,Y
4951,Deposit,IBB,Savings,5466.81,Y
4952,Deposit,IBB,CD Long Term,32219.26,Y
4952,Deposit,IBB,Money Market,5550.39,Y
4952,Deposit,NIDDA,Checking,3329.15,Y
4952,Deposit,IBB,Savings,19082.56,Y
4952,Credit,N/A,Credit Card,599.3,Y
4952,Loan,N/A,Auto Loan,16808.53,Y
4953,Deposit,IBB,CD Short Term,7552.57,Y
4953,Deposit,IBB,Money Market,44327.34,Y
4953,Deposit,NIDDA,Checking,918.9,Y
4953,Deposit,IBB,Savings,8012.54,Y
4953,Credit,N/A,Credit Card,2206.22,Y
4954,Deposit,IBB,CD Short Term,29429.79,Y
4954,Deposit,NIDDA,Checking,4307.45,Y
4954,Deposit,IBB,Savings,2480.27,Y
4954,Credit,N/A,Credit Card,761.3,Y
4954,Loan,N/A,Home Loan,364526.77,Y
4954,Loan,N/A,Personal Loan,88932.52,Y
4955,Deposit,IBB,CD Short Term,10705.34,Y
4955,Deposit,IBB,Money Market,27137.32,Y
4955,Deposit,NIDDA,Checking,8255.83,Y
4955,Deposit,IBB,Savings,5873.63,Y
4955,Credit,N/A,Credit Card,1335.37,Y
4955,Loan,N/A,Auto Loan,58608.14,Y
4955,Loan,N/A,Personal Loan,32451.5,Y
4956,Deposit,IBB,CD Long Term,9931.96,Y
4956,Deposit,NIDDA,Checking,30320.48,Y
4956,Deposit,IBB,CD Short Term,8006.54,Y
4956,Deposit,IBB,Money Market,4946.03,Y
4956,Deposit,IBB,Savings,14101.11,Y
4956,Credit,N/A,Credit Card,11203.38,Y
4956,Loan,N/A,Home Loan,143575.99,Y
4956,Loan,N/A,Auto Loan,23029.33,Y
4957,Deposit,IBB,CD Long Term,31386.74,Y
4957,Deposit,NIDDA,Checking,2426.49,Y
4957,Deposit,IBB,Savings,293319.63,Y
4957,Loan,N/A,Personal Loan,56003.45,Y
4958,Deposit,NIDDA,Checking,5329.01,Y
4958,Deposit,IBB,Savings,5016.82,Y
4959,Deposit,IBB,CD Short Term,10224.22,Y
4959,Deposit,NIDDA,Checking,24876.57,Y
4959,Deposit,IBB,Savings,5647.88,Y
4959,Credit,N/A,Credit Card,3617.1,Y
4960,Deposit,IBB,CD Long Term,9553.82,Y
4960,Deposit,NIDDA,Checking,1831.33,Y
4960,Deposit,IBB,Savings,7697.33,Y
4960,Credit,N/A,Credit Card,1783.47,Y
4960,Loan,N/A,Home Loan,237155.52,Y
4961,Deposit,IBB,CD Short Term,19571.91,Y
4961,Deposit,IBB,Money Market,10992.69,Y
4961,Deposit,NIDDA,Checking,2150.4,Y
4961,Deposit,IBB,Savings,5129.37,Y
4961,Loan,N/A,Home Loan,597847.54,Y
4962,Deposit,NIDDA,Checking,17627.17,Y
4962,Deposit,IBB,Savings,5576.86,Y
4962,Credit,N/A,Credit Card,7501.48,Y
4962,Loan,N/A,Auto Loan,35123.56,Y
4963,Deposit,IBB,CD Long Term,96674.33,Y
4963,Deposit,IBB,Money Market,9928.17,Y
4963,Deposit,NIDDA,Checking,4198.46,Y
4963,Deposit,IBB,Savings,5066.97,Y
4964,Deposit,IBB,CD Short Term,21065.17,Y
4964,Deposit,IBB,Money Market,3590.84,Y
4964,Deposit,NIDDA,Checking,14375.35,Y
4964,Deposit,IBB,Savings,6167.1,Y
4964,Credit,N/A,Credit Card,1880.57,Y
4964,Loan,N/A,Personal Loan,9634.73,Y
4965,Deposit,IBB,CD Short Term,21491.83,Y
4965,Deposit,NIDDA,Checking,1646.58,Y
4965,Deposit,IBB,Savings,7174.65,Y
4965,Credit,N/A,Credit Card,3662.8,Y
4965,Loan,N/A,Auto Loan,26490.04,Y
4966,Deposit,NIDDA,Checking,5165.54,Y
4966,Credit,N/A,Credit Card,19161.31,Y
4966,Loan,N/A,Personal Loan,17925.89,Y
4967,Deposit,IBB,Money Market,15853.0,Y
4967,Deposit,NIDDA,Checking,9030.25,Y
4967,Deposit,IBB,Savings,3555.66,Y
4967,Loan,N/A,Home Loan,325231.34,Y
4968,Deposit,IBB,Money Market,5116.35,Y
4968,Deposit,NIDDA,Checking,5458.05,Y
4968,Credit,N/A,Credit Card,1163.44,Y
4969,Deposit,IBB,CD Long Term,25478.82,Y
4969,Deposit,IBB,CD Short Term,21688.1,Y
4969,Deposit,NIDDA,Checking,4192.63,Y
4969,Deposit,IBB,Savings,2470.55,Y
4969,Credit,N/A,Credit Card,1032.83,Y
4969,Loan,N/A,Personal Loan,8463.71,Y
4970,Deposit,IBB,Money Market,891.38,Y
4970,Deposit,NIDDA,Checking,8555.81,Y
4970,Deposit,IBB,Savings,31667.22,Y
4971,Deposit,IBB,CD Short Term,43637.86,Y
4971,Deposit,NIDDA,Checking,16184.37,Y
4971,Deposit,IBB,Savings,158812.2,Y
4971,Credit,N/A,Credit Card,2332.48,Y
4972,Deposit,IBB,CD Short Term,28324.96,Y
4972,Deposit,NIDDA,Checking,12076.22,Y
4973,Deposit,NIDDA,Checking,3995.09,Y
4973,Loan,N/A,Auto Loan,37000.78,Y
4973,Loan,N/A,Personal Loan,36782.07,Y
4974,Deposit,IBB,Money Market,36527.32,Y
4974,Deposit,NIDDA,Checking,1962.45,Y
4974,Deposit,IBB,Savings,12765.55,Y
4975,Deposit,IBB,Money Market,2122.3,Y
4975,Deposit,NIDDA,Checking,4547.31,Y
4975,Deposit,IBB,Savings,46445.1,Y
4975,Loan,N/A,Home Loan,1606325.32,Y
4976,Deposit,IBB,CD Long Term,5709.56,Y
4976,Deposit,IBB,Money Market,1297.55,Y
4976,Deposit,NIDDA,Checking,3804.96,Y
4976,Deposit,IBB,Savings,4031.19,Y
4976,Credit,N/A,Credit Card,5890.79,Y
4977,Deposit,IBB,CD Short Term,5059.02,Y
4977,Deposit,IBB,Money Market,8153.59,Y
4977,Deposit,NIDDA,Checking,9329.43,Y
4978,Deposit,IBB,CD Long Term,24557.79,Y
4978,Deposit,IBB,Money Market,14829.17,Y
4978,Deposit,NIDDA,Checking,3492.08,Y
4978,Deposit,IBB,Savings,7855.61,Y
4978,Credit,N/A,Credit Card,1372.68,Y
4979,Deposit,IBB,CD Short Term,339569.93,Y
4979,Deposit,IBB,Money Market,7806.78,Y
4979,Deposit,NIDDA,Checking,5143.37,Y
4979,Deposit,IBB,Savings,1570.35,Y
4979,Credit,N/A,Credit Card,2418.5,Y
4979,Loan,N/A,Home Loan,838650.29,Y
4980,Deposit,IBB,CD Long Term,4660.29,Y
4980,Deposit,NIDDA,Checking,7185.91,Y
4980,Deposit,IBB,CD Short Term,2365.47,Y
4980,Deposit,IBB,Money Market,8150.79,Y
4980,Deposit,IBB,Savings,10015.11,Y
4980,Credit,N/A,Credit Card,513.7,Y
4980,Loan,N/A,Home Loan,464316.56,Y
4981,Deposit,IBB,CD Short Term,32697.88,Y
4981,Deposit,NIDDA,Checking,5087.87,Y
4981,Credit,N/A,Credit Card,1377.83,Y
4982,Deposit,IBB,CD Short Term,4040.0,Y
4982,Deposit,NIDDA,Checking,1479.68,Y
4982,Deposit,IBB,Savings,14226.19,Y
4982,Credit,N/A,Credit Card,1583.02,Y
4982,Loan,N/A,Home Loan,429215.03,Y
4983,Deposit,IBB,Money Market,18904.12,Y
4983,Deposit,NIDDA,Checking,12221.74,Y
4983,Deposit,IBB,Savings,6372.98,Y
4983,Credit,N/A,Credit Card,3371.18,Y
4983,Loan,N/A,Auto Loan,39237.32,Y
4984,Deposit,NIDDA,Checking,2994.48,Y
4984,Deposit,IBB,Savings,4206.18,Y
4984,Loan,N/A,Home Loan,316674.04,Y
4985,Deposit,IBB,CD Short Term,1772.5,Y
4985,Deposit,IBB,Money Market,5603.78,Y
4985,Deposit,NIDDA,Checking,7800.66,Y
4985,Loan,N/A,Home Loan,404267.61,Y
4985,Loan,N/A,Auto Loan,66921.28,Y
4986,Deposit,IBB,CD Long Term,63761.74,Y
4986,Deposit,NIDDA,Checking,1247.89,Y
4986,Deposit,IBB,Savings,18914.65,Y
4986,Credit,N/A,Credit Card,1190.86,Y
4987,Deposit,IBB,CD Long Term,316118.24,Y
4987,Deposit,IBB,Money Market,7712.42,Y
4987,Deposit,NIDDA,Checking,1459.46,Y
4987,Deposit,IBB,Savings,1560.76,Y
4987,Credit,N/A,Credit Card,11690.1,Y
4987,Loan,N/A,Auto Loan,13613.6,Y
4988,Deposit,IBB,CD Long Term,52622.78,Y
4988,Deposit,IBB,CD Short Term,54134.66,Y
4988,Deposit,IBB,Money Market,17223.13,Y
4988,Deposit,NIDDA,Checking,2596.82,Y
4988,Credit,N/A,Credit Card,5132.33,Y
4988,Loan,N/A,Home Loan,380431.89,Y
4989,Deposit,IBB,CD Short Term,21514.53,Y
4989,Deposit,NIDDA,Checking,4946.04,Y
4989,Credit,N/A,Credit Card,3035.8,Y
4990,Deposit,IBB,Money Market,2554.9,Y
4990,Deposit,NIDDA,Checking,9860.65,Y
4990,Deposit,IBB,Savings,21778.19,Y
4990,Credit,N/A,Credit Card,1709.47,Y
4990,Loan,N/A,Auto Loan,73717.31,Y
4991,Deposit,NIDDA,Checking,5577.64,Y
4991,Deposit,IBB,Savings,10251.06,Y
4991,Credit,N/A,Credit Card,966.4,Y
4992,Deposit,IBB,CD Long Term,33451.06,Y
4992,Deposit,IBB,Money Market,16057.46,Y
4992,Deposit,NIDDA,Checking,17555.12,Y
4992,Deposit,IBB,Savings,15328.87,Y
4992,Loan,N/A,Home Loan,695956.52,Y
4993,Deposit,NIDDA,Checking,6570.69,Y
4993,Deposit,IBB,Savings,6967.55,Y
4993,Loan,N/A,Home Loan,421044.53,Y
4994,Deposit,IBB,CD Long Term,8428.11,Y
4994,Deposit,IBB,Money Market,2845.94,Y
4994,Deposit,NIDDA,Checking,15418.78,Y
4994,Deposit,IBB,Savings,31406.41,Y
4994,Loan,N/A,Home Loan,151007.24,Y
4994,Loan,N/A,Auto Loan,31223.85,Y
4994,Loan,N/A,Personal Loan,22679.76,Y
4995,Deposit,IBB,CD Long Term,55947.31,Y
4995,Deposit,NIDDA,Checking,13507.67,Y
4995,Deposit,IBB,CD Short Term,13649.97,Y
4995,Deposit,IBB,Money Market,9199.85,Y
4995,Deposit,IBB,Savings,4895.13,Y
4995,Credit,N/A,Credit Card,1362.68,Y
4995,Loan,N/A,Auto Loan,113038.8,Y
4996,Deposit,NIDDA,Checking,13123.37,Y
4996,Deposit,IBB,Savings,3692.22,Y
4996,Credit,N/A,Credit Card,1080.6,Y
4996,Loan,N/A,Auto Loan,38955.36,Y
4997,Deposit,IBB,CD Short Term,455965.56,Y
4997,Deposit,IBB,Money Market,24189.35,Y
4997,Deposit,NIDDA,Checking,4022.99,Y
4997,Deposit,IBB,Savings,53856.0,Y
4997,Loan,N/A,Home Loan,403301.77,Y
4998,Deposit,NIDDA,Checking,10955.11,Y
4998,Deposit,IBB,Savings,2238.02,Y
4998,Credit,N/A,Credit Card,4897.67,Y
4999,Deposit,NIDDA,Checking,3505.46,Y
4999,Deposit,IBB,Savings,10677.6,Y
4999,Credit,N/A,Credit Card,2669.61,Y
5000,Deposit,NIDDA,Checking,1432.97,Y
5000,Deposit,IBB,Savings,5785.57,Y
5000,Credit,N/A,Credit Card,6636.62,Y
5000,Loan,N/A,Home Loan,889491.76,Y
